"Kod";"Nazwa";"wymeldowania ogółem;ogółem;2008;[osoba]";"wymeldowania ogółem;ogółem;2009;[osoba]";"wymeldowania ogółem;ogółem;2010;[osoba]";"wymeldowania ogółem;ogółem;2011;[osoba]";"wymeldowania ogółem;ogółem;2012;[osoba]";"wymeldowania ogółem;ogółem;2013;[osoba]";"wymeldowania ogółem;ogółem;2014;[osoba]";"wymeldowania ogółem;ogółem;2015;[osoba]";"wymeldowania ogółem;ogółem;2016;[osoba]";"wymeldowania ogółem;ogółem;2017;[osoba]";"wymeldowania ogółem;ogółem;2018;[osoba]";
1400000;"MAZOWIECKIE";54748;53102;57520;55688;52740;56849;56165;0;48861;52351;59308;
1401000;"Powiat białobrzeski";327;322;342;426;365;406;403;0;369;342;392;
1401013;"Białobrzegi (3)";120;135;141;154;143;165;131;0;146;122;150;
1401014;"Białobrzegi - miasto (4)";97;105;113;119;111;120;97;0;107;67;112;
1401015;"Białobrzegi - obszar wiejski (5)";23;30;28;35;32;45;34;0;39;55;38;
1401022;"Promna (2)";47;62;44;71;53;66;74;0;85;44;59;
1401032;"Radzanów (2)";43;41;41;48;47;27;41;0;25;34;40;
1401042;"Stara Błotnica (2)";39;30;42;70;48;61;69;0;34;53;51;
1401052;"Stromiec (2)";38;29;50;45;44;61;57;0;44;58;61;
1401063;"Wyśmierzyce (3)";40;25;24;38;30;26;31;0;35;31;31;
1401064;"Wyśmierzyce - miasto (4)";12;13;9;9;8;4;4;0;12;8;11;
1401065;"Wyśmierzyce - obszar wiejski (5)";28;12;15;29;22;22;27;0;23;23;20;
1402000;"Powiat ciechanowski";1167;1208;1367;1202;1188;1156;1165;0;1002;1146;1246;
1402011;"Ciechanów (1)";568;598;768;674;690;579;610;0;513;521;574;
1402022;"Ciechanów (2)";82;108;112;98;76;83;93;0;73;111;119;
1402033;"Glinojeck (3)";85;123;100;90;87;110;104;0;97;129;128;
1402034;"Glinojeck - miasto (4)";48;50;44;39;29;40;51;0;44;58;48;
1402035;"Glinojeck - obszar wiejski (5)";37;73;56;51;58;70;53;0;53;71;80;
1402042;"Gołymin-Ośrodek (2)";63;78;55;53;53;61;59;0;40;46;60;
1402052;"Grudusk (2)";61;60;48;39;52;57;55;0;52;40;78;
1402062;"Ojrzeń (2)";57;34;64;36;25;51;41;0;36;59;36;
1402072;"Opinogóra Górna (2)";90;91;79;70;84;77;69;0;63;78;86;
1402082;"Regimin (2)";91;57;59;66;43;50;53;0;45;64;64;
1402092;"Sońsk (2)";70;59;82;76;78;88;81;0;83;98;101;
1403000;"Powiat garwoliński";923;1035;1072;1038;1113;1151;1198;0;1049;1044;1299;
1403011;"Garwolin (1)";207;191;188;179;178;240;233;0;169;178;202;
1403021;"Łaskarzew (1)";36;66;59;53;46;50;57;0;72;54;61;
1403032;"Borowie (2)";39;46;48;31;33;44;47;0;34;41;59;
1403042;"Garwolin (2)";92;109;104;93;115;103;129;0;105;121;143;
1403052;"Górzno (2)";42;61;61;53;60;80;62;0;53;62;86;
1403062;"Łaskarzew (2)";39;35;54;37;51;51;54;0;36;68;87;
1403072;"Maciejowice (2)";67;56;66;69;75;88;65;0;75;59;67;
1403082;"Miastków Kościelny (2)";33;42;43;54;57;38;73;0;65;45;64;
1403092;"Parysów (2)";20;25;39;50;49;38;23;0;54;41;39;
1403103;"Pilawa (3)";84;102;88;113;113;110;104;0;97;95;107;
1403104;"Pilawa - miasto (4)";44;41;36;46;40;39;43;0;29;44;35;
1403105;"Pilawa - obszar wiejski (5)";40;61;52;67;73;71;61;0;68;51;72;
1403112;"Sobolew (2)";62;84;83;85;87;79;94;0;78;81;91;
1403122;"Trojanów (2)";63;85;87;82;80;66;77;0;55;62;94;
1403132;"Wilga (2)";38;33;43;39;53;45;57;0;45;44;73;
1403143;"Żelechów (3)";101;100;109;100;116;119;123;0;111;93;126;
1403144;"Żelechów - miasto (4)";52;39;52;49;53;65;65;0;69;55;57;
1403145;"Żelechów - obszar wiejski (5)";49;61;57;51;63;54;58;0;42;38;69;
1404000;"Powiat gostyniński";580;576;600;510;455;490;506;0;462;539;516;
1404011;"Gostynin (1)";250;251;263;213;177;199;206;0;190;209;198;
1404022;"Gostynin (2)";134;139;158;110;139;130;125;0;93;135;135;
1404032;"Pacyna (2)";70;46;50;31;39;44;52;0;55;40;49;
1404042;"Sanniki (2)";54;72;62;73;57;62;67;0;72;85;;
1404043;"Sanniki (3)";;;;;;;;;;;81;
1404044;"Sanniki - miasto (4)";;;;;;;;;;;21;
1404045;"Sanniki - obszar wiejski (5)";;;;;;;;;;;60;
1404052;"Szczawin Kościelny (2)";72;68;67;83;43;55;56;0;52;70;53;
1405000;"Powiat grodziski";1093;1009;1074;1101;1043;1111;1066;0;932;974;1207;
1405011;"Milanówek (1)";241;176;255;249;228;234;234;0;182;201;291;
1405021;"Podkowa Leśna (1)";68;51;59;98;66;65;78;0;57;51;60;
1405032;"Baranów (2)";47;65;53;42;38;63;32;0;32;53;58;
1405043;"Grodzisk Mazowiecki (3)";558;570;558;529;570;575;543;0;479;485;583;
1405044;"Grodzisk Mazowiecki - miasto (4)";425;418;424;424;437;435;401;0;351;351;388;
1405045;"Grodzisk Mazowiecki - obszar wiejski (5)";133;152;134;105;133;140;142;0;128;134;195;
1405052;"Jaktorów (2)";103;81;95;91;78;111;88;0;117;105;122;
1405062;"Żabia Wola (2)";76;66;54;92;63;63;91;0;65;79;93;
1406000;"Powiat grójecki";974;988;1060;1110;1054;1022;1156;0;1006;1019;1249;
1406012;"Belsk Duży (2)";60;64;61;80;63;68;80;0;76;61;71;
1406022;"Błędów (2)";60;81;64;49;63;72;63;0;65;80;91;
1406032;"Chynów (2)";70;68;92;95;59;74;87;0;75;72;97;
1406042;"Goszczyn (2)";30;16;21;41;19;30;28;0;44;33;30;
1406053;"Grójec (3)";295;309;358;331;389;302;383;0;327;285;368;
1406054;"Grójec - miasto (4)";195;207;262;237;275;188;251;0;223;189;241;
1406055;"Grójec - obszar wiejski (5)";100;102;96;94;114;114;132;0;104;96;127;
1406062;"Jasieniec (2)";53;44;58;44;56;53;74;0;52;38;72;
1406073;"Mogielnica (3)";93;79;89;91;77;103;110;0;97;108;114;
1406074;"Mogielnica - miasto (4)";24;39;38;31;25;44;35;0;33;34;48;
1406075;"Mogielnica - obszar wiejski (5)";69;40;51;60;52;59;75;0;64;74;66;
1406083;"Nowe Miasto nad Pilicą (3)";123;114;114;130;126;101;118;0;75;103;133;
1406084;"Nowe Miasto nad Pilicą - miasto (4)";60;55;55;71;76;58;75;0;39;60;77;
1406085;"Nowe Miasto nad Pilicą - obszar wiejski (5)";63;59;59;59;50;43;43;0;36;43;56;
1406092;"Pniewy (2)";46;36;34;49;42;30;39;0;48;28;44;
1406113;"Warka (3)";144;177;169;200;160;189;174;0;147;211;229;
1406114;"Warka - miasto (4)";96;103;106;131;82;113;101;0;93;139;128;
1406115;"Warka - obszar wiejski (5)";48;74;63;69;78;76;73;0;54;72;101;
1407000;"Powiat kozienicki";681;747;771;770;742;784;820;0;753;770;831;
1407012;"Garbatka-Letnisko (2)";50;64;74;70;53;60;70;0;44;50;63;
1407022;"Głowaczów (2)";71;60;75;67;77;80;68;0;84;93;81;
1407032;"Gniewoszów (2)";45;44;40;56;59;42;31;0;50;49;42;
1407042;"Grabów nad Pilicą (2)";21;25;46;26;37;37;38;0;46;41;56;
1407053;"Kozienice (3)";399;469;425;455;414;485;494;0;436;435;479;
1407054;"Kozienice - miasto (4)";270;296;296;305;275;333;348;0;273;292;315;
1407055;"Kozienice - obszar wiejski (5)";129;173;129;150;139;152;146;0;163;143;164;
1407062;"Magnuszew (2)";44;42;69;48;63;55;70;0;42;60;53;
1407072;"Sieciechów (2)";51;43;42;48;39;25;49;0;51;42;57;
1408000;"Powiat legionowski";1504;1536;1612;1595;1416;1672;1511;0;1270;1500;1704;
1408011;"Legionowo (1)";798;921;882;877;740;902;799;0;680;795;816;
1408022;"Jabłonna (2)";279;204;245;258;228;271;254;0;201;227;310;
1408032;"Nieporęt (2)";166;139;144;161;165;176;153;0;120;153;223;
1408043;"Serock (3)";133;157;183;160;142;142;167;0;142;172;192;
1408044;"Serock - miasto (4)";62;57;67;54;35;40;64;0;43;40;49;
1408045;"Serock - obszar wiejski (5)";71;100;116;106;107;102;103;0;99;132;143;
1408052;"Wieliszew (2)";128;115;158;139;141;181;138;0;127;153;163;
1409000;"Powiat lipski";341;404;400;407;380;455;429;0;360;354;429;
1409012;"Chotcza (2)";32;23;33;23;17;29;27;0;29;12;19;
1409022;"Ciepielów (2)";34;53;58;59;65;53;43;0;44;47;64;
1409033;"Lipsko (3)";143;177;163;164;135;202;161;0;144;129;164;
1409034;"Lipsko - miasto (4)";83;112;99;84;94;120;103;0;97;94;98;
1409035;"Lipsko - obszar wiejski (5)";60;65;64;80;41;82;58;0;47;35;66;
1409042;"Rzeczniów (2)";40;37;37;45;56;49;41;0;32;59;62;
1409052;"Sienno (2)";44;54;58;55;55;58;77;0;54;59;65;
1409062;"Solec nad Wisłą (2)";48;60;51;61;52;64;80;0;57;48;55;
1410000;"Powiat łosicki";348;392;385;370;379;428;407;0;403;373;400;
1410012;"Huszlew (2)";31;34;32;35;37;39;38;0;35;29;36;
1410023;"Łosice (3)";125;150;136;164;154;156;144;0;154;137;148;
1410024;"Łosice - miasto (4)";78;97;100;107;112;99;98;0;89;91;95;
1410025;"Łosice - obszar wiejski (5)";47;53;36;57;42;57;46;0;65;46;53;
1410032;"Olszanka (2)";50;33;41;23;43;47;45;0;45;40;43;
1410042;"Platerów (2)";66;58;65;63;55;57;58;0;50;50;42;
1410052;"Sarnaki (2)";41;60;51;51;44;52;62;0;53;52;81;
1410062;"Stara Kornica (2)";35;57;60;34;46;77;60;0;66;65;50;
1411000;"Powiat makowski";607;525;599;641;579;576;672;0;584;532;623;
1411011;"Maków Mazowiecki (1)";155;136;157;128;155;128;130;0;133;145;124;
1411022;"Czerwonka (2)";25;27;35;39;18;32;36;0;23;29;48;
1411032;"Karniewo (2)";68;67;66;72;64;64;93;0;65;47;75;
1411042;"Krasnosielc (2)";59;57;47;56;82;74;90;0;62;56;69;
1411052;"Młynarze (2)";19;23;17;26;25;13;17;0;28;8;30;
1411062;"Płoniawy-Bramura (2)";66;64;77;98;63;86;92;0;76;76;86;
1411073;"Różan (3)";88;42;70;53;59;69;58;0;83;68;64;
1411074;"Różan - miasto (4)";47;24;45;36;39;43;32;0;29;38;39;
1411075;"Różan - obszar wiejski (5)";41;18;25;17;20;26;26;0;54;30;25;
1411082;"Rzewnie (2)";36;27;27;53;32;32;58;0;29;23;33;
1411092;"Sypniewo (2)";42;52;38;62;46;32;48;0;47;34;45;
1411102;"Szelków (2)";49;30;65;54;35;46;50;0;38;46;49;
1412000;"Powiat miński";1380;1275;1426;1521;1581;1732;1613;0;1383;1523;1662;
1412011;"Mińsk Mazowiecki (1)";466;453;477;517;590;628;484;0;486;468;513;
1412042;"Cegłów (2)";57;73;50;54;57;71;52;0;49;74;52;
1412052;"Dębe Wielkie (2)";65;47;68;76;86;65;79;0;49;63;72;
1412062;"Dobre (2)";43;41;66;54;52;70;46;0;44;34;48;
1412073;"Halinów (3)";82;107;115;116;122;124;143;0;100;140;131;
1412074;"Halinów - miasto (4)";15;36;32;42;32;45;35;0;22;47;29;
1412075;"Halinów - obszar wiejski (5)";67;71;83;74;90;79;108;0;78;93;102;
1412082;"Jakubów (2)";50;44;40;43;69;58;54;0;53;54;48;
1412093;"Kałuszyn (3)";59;55;64;84;54;63;55;0;59;69;79;
1412094;"Kałuszyn - miasto (4)";28;28;27;32;32;29;26;0;22;27;37;
1412095;"Kałuszyn - obszar wiejski (5)";31;27;37;52;22;34;29;0;37;42;42;
1412102;"Latowicz (2)";63;43;46;51;42;74;64;0;40;62;62;
1412112;"Mińsk Mazowiecki (2)";123;101;135;139;127;135;172;0;108;141;183;
1412122;"Mrozy (2)";70;59;62;68;61;82;;;;;;
1412123;"Mrozy (3)";;;;;;;135;0;99;79;109;
1412124;"Mrozy - miasto (4)";;;;;;;46;0;30;34;47;
1412125;"Mrozy - obszar wiejski (5)";;;;;;;89;0;69;45;62;
1412132;"Siennica (2)";44;62;50;58;77;78;58;0;50;67;80;
1412142;"Stanisławów (2)";52;36;61;42;43;56;62;0;35;60;56;
1412151;"Sulejówek (1)";206;154;192;219;201;228;209;0;211;212;229;
1413000;"Powiat mławski";884;778;871;872;826;910;865;0;710;918;956;
1413011;"Mława (1)";284;294;334;336;330;392;331;0;257;304;361;
1413022;"Dzierzgowo (2)";58;37;71;43;36;43;51;0;36;74;41;
1413032;"Lipowiec Kościelny (2)";69;68;61;59;70;50;63;0;37;72;74;
1413042;"Radzanów (2)";57;39;59;49;41;51;50;0;26;55;38;
1413052;"Strzegowo (2)";106;48;79;77;75;92;69;0;81;76;82;
1413062;"Stupsk (2)";65;62;57;78;42;58;68;0;64;67;89;
1413072;"Szreńsk (2)";58;53;49;83;55;41;61;0;45;58;53;
1413082;"Szydłowo (2)";52;56;43;53;53;60;52;0;53;63;66;
1413092;"Wieczfnia Kościelna (2)";60;71;45;38;67;58;63;0;64;59;58;
1413102;"Wiśniewo (2)";75;50;73;56;57;65;57;0;47;90;94;
1414000;"Powiat nowodworski";880;808;1022;896;850;837;926;0;811;859;887;
1414011;"Nowy Dwór Mazowiecki (1)";409;347;483;393;353;324;390;0;337;309;352;
1414022;"Czosnów (2)";87;67;88;117;84;89;77;0;98;97;114;
1414032;"Leoncin (2)";40;35;43;27;65;37;53;0;40;59;54;
1414043;"Nasielsk (3)";171;199;213;185;202;230;205;0;207;235;207;
1414044;"Nasielsk - miasto (4)";90;77;93;84;81;112;114;0;79;110;80;
1414045;"Nasielsk - obszar wiejski (5)";81;122;120;101;121;118;91;0;128;125;127;
1414052;"Pomiechówek (2)";101;81;109;102;79;80;122;0;68;88;87;
1414063;"Zakroczym (3)";72;79;86;72;67;77;79;0;61;71;73;
1414064;"Zakroczym - miasto (4)";43;47;45;55;45;64;44;0;34;33;27;
1414065;"Zakroczym - obszar wiejski (5)";29;32;41;17;22;13;35;0;27;38;46;
1415000;"Powiat ostrołęcki";988;908;949;947;810;866;959;0;900;971;1089;
1415012;"Baranowo (2)";73;68;70;74;65;61;76;0;75;77;87;
1415022;"Czarnia (2)";50;45;42;40;50;41;44;0;33;52;44;
1415032;"Czerwin (2)";73;66;64;57;49;41;63;0;50;72;57;
1415042;"Goworowo (2)";115;96;83;94;78;95;113;0;89;108;110;
1415052;"Kadzidło (2)";89;99;86;100;71;99;102;0;83;87;131;
1415062;"Lelis (2)";76;76;84;59;53;77;77;0;88;95;106;
1415072;"Łyse (2)";99;72;90;75;84;67;61;0;78;69;85;
1415083;"Myszyniec (3)";149;148;157;145;90;124;108;0;129;145;112;
1415084;"Myszyniec - miasto (4)";31;59;47;48;18;29;21;0;42;46;37;
1415085;"Myszyniec - obszar wiejski (5)";118;89;110;97;72;95;87;0;87;99;75;
1415092;"Olszewo-Borki (2)";90;73;95;121;117;107;112;0;82;97;134;
1415102;"Rzekuń (2)";113;106;114;129;106;89;132;0;129;110;156;
1415112;"Troszyn (2)";61;59;64;53;47;65;71;0;64;59;67;
1416000;"Powiat ostrowski";841;850;814;867;798;766;842;0;719;813;862;
1416011;"Ostrów Mazowiecka (1)";259;243;232;263;223;234;249;0;221;251;254;
1416022;"Andrzejewo (2)";51;59;41;50;52;43;44;0;48;46;61;
1416032;"Boguty-Pianki (2)";38;30;30;38;35;33;38;0;36;24;39;
1416043;"Brok (3)";28;37;30;36;41;28;41;0;25;38;38;
1416044;"Brok - miasto (4)";18;20;15;22;25;20;25;0;18;18;30;
1416045;"Brok - obszar wiejski (5)";10;17;15;14;16;8;16;0;7;20;8;
1416052;"Małkinia Górna (2)";147;101;119;123;140;142;149;0;87;130;118;
1416062;"Nur (2)";34;42;55;34;55;35;29;0;36;35;42;
1416072;"Ostrów Mazowiecka (2)";126;197;141;145;121;106;132;0;126;126;143;
1416082;"Stary Lubotyń (2)";35;30;36;48;31;45;49;0;38;32;54;
1416092;"Szulborze Wielkie (2)";24;21;22;35;21;21;27;0;25;31;19;
1416102;"Wąsewo (2)";62;54;49;48;48;47;38;0;59;52;49;
1416112;"Zaręby Kościelne (2)";37;36;59;47;31;32;46;0;18;48;45;
1417000;"Powiat otwocki";1117;1109;1196;1199;1156;1390;1314;0;1157;1234;1496;
1417011;"Józefów (1)";211;206;207;166;179;282;255;0;201;229;296;
1417021;"Otwock (1)";399;432;496;508;468;542;518;0;478;479;563;
1417032;"Celestynów (2)";90;78;104;86;99;109;91;0;84;121;109;
1417043;"Karczew (3)";171;172;187;211;180;210;204;0;160;174;200;
1417044;"Karczew - miasto (4)";125;147;154;172;129;156;141;0;121;141;149;
1417045;"Karczew - obszar wiejski (5)";46;25;33;39;51;54;63;0;39;33;51;
1417052;"Kołbiel (2)";65;59;44;76;64;57;56;0;64;53;89;
1417062;"Osieck (2)";17;34;37;27;33;36;32;0;32;33;36;
1417072;"Sobienie-Jeziory (2)";48;48;43;44;41;57;43;0;48;45;50;
1417082;"Wiązowna (2)";116;80;78;81;92;97;115;0;90;100;153;
1418000;"Powiat piaseczyński";2419;2002;2360;2514;2330;2479;2704;0;2000;2226;2757;
1418013;"Góra Kalwaria (3)";283;226;242;280;244;336;326;0;213;262;343;
1418014;"Góra Kalwaria - miasto (4)";133;114;145;165;147;181;162;0;106;114;174;
1418015;"Góra Kalwaria - obszar wiejski (5)";150;112;97;115;97;155;164;0;107;148;169;
1418023;"Konstancin-Jeziorna (3)";339;320;327;394;320;392;396;0;273;283;358;
1418024;"Konstancin-Jeziorna - miasto (4)";258;250;266;293;258;288;309;0;217;183;272;
1418025;"Konstancin-Jeziorna - obszar wiejski (5)";81;70;61;101;62;104;87;0;56;100;86;
1418032;"Lesznowola (2)";290;270;289;268;285;273;304;0;257;303;406;
1418043;"Piaseczno (3)";1267;984;1287;1358;1267;1262;1452;0;1071;1189;1381;
1418044;"Piaseczno - miasto (4)";816;659;886;918;830;850;960;0;705;784;943;
1418045;"Piaseczno - obszar wiejski (5)";451;325;401;440;437;412;492;0;366;405;438;
1418052;"Prażmów (2)";100;80;81;88;79;112;84;0;81;76;120;
1418063;"Tarczyn (3)";140;122;134;126;135;104;142;0;105;113;149;
1418064;"Tarczyn - miasto (4)";78;60;65;60;53;39;74;0;41;52;62;
1418065;"Tarczyn - obszar wiejski (5)";62;62;69;66;82;65;68;0;64;61;87;
1419000;"Powiat płocki";1256;1154;1180;1196;1110;1278;1201;0;1120;1263;1416;
1419012;"Bielsk (2)";83;86;105;99;70;84;99;0;101;103;104;
1419022;"Bodzanów (2)";79;72;71;71;98;80;81;0;95;98;83;
1419032;"Brudzeń Duży (2)";74;77;91;78;60;79;72;0;58;88;87;
1419042;"Bulkowo (2)";66;78;73;76;57;65;70;0;67;54;87;
1419053;"Drobin (3)";158;120;110;134;99;117;104;0;100;115;134;
1419054;"Drobin - miasto (4)";45;43;38;41;35;45;46;0;41;43;54;
1419055;"Drobin - obszar wiejski (5)";113;77;72;93;64;72;58;0;59;72;80;
1419063;"Gąbin (3)";109;92;104;93;116;111;95;0;86;108;126;
1419064;"Gąbin - miasto (4)";39;25;44;42;47;42;37;0;39;43;53;
1419065;"Gąbin - obszar wiejski (5)";70;67;60;51;69;69;58;0;47;65;73;
1419072;"Łąck (2)";45;53;64;47;59;56;59;0;50;55;82;
1419082;"Mała Wieś (2)";75;66;66;78;50;67;44;0;51;66;74;
1419092;"Nowy Duninów (2)";54;42;45;43;36;45;40;0;54;50;34;
1419102;"Radzanowo (2)";88;86;88;84;75;119;105;0;96;72;101;
1419112;"Słubice (2)";45;32;61;41;53;43;49;0;41;54;56;
1419122;"Słupno (2)";69;68;48;69;76;103;72;0;79;82;114;
1419132;"Stara Biała (2)";137;133;110;115;116;116;141;0;96;153;153;
1419142;"Staroźreby (2)";90;94;72;92;82;108;88;0;76;86;106;
1419153;"Wyszogród (3)";84;55;72;76;63;85;82;0;70;79;75;
1419154;"Wyszogród - miasto (4)";40;12;33;40;26;36;32;0;28;37;42;
1419155;"Wyszogród - obszar wiejski (5)";44;43;39;36;37;49;50;0;42;42;33;
1420000;"Powiat płoński";952;966;1054;994;913;940;1050;0;843;915;1036;
1420011;"Płońsk (1)";269;242;260;293;227;289;338;0;228;267;306;
1420021;"Raciąż (1)";41;76;70;70;54;52;53;0;56;50;79;
1420032;"Baboszewo (2)";68;72;93;73;70;70;88;0;78;80;93;
1420042;"Czerwińsk nad Wisłą (2)";73;70;71;48;45;65;68;0;68;64;55;
1420052;"Dzierzążnia (2)";36;52;54;36;38;34;40;0;39;61;33;
1420062;"Joniec (2)";23;33;29;31;27;24;38;0;18;21;21;
1420072;"Naruszewo (2)";74;81;96;84;74;85;71;0;62;53;68;
1420082;"Nowe Miasto (2)";72;64;80;48;41;56;46;0;36;27;64;
1420092;"Płońsk (2)";68;75;78;76;78;61;87;0;85;76;93;
1420102;"Raciąż (2)";95;90;101;106;121;86;113;0;84;122;118;
1420112;"Sochocin (2)";79;65;75;79;84;59;76;0;51;55;53;
1420122;"Załuski (2)";54;46;47;50;54;59;32;0;38;39;53;
1421000;"Powiat pruszkowski";2349;2262;2414;2289;2073;2215;2272;0;1963;2050;2512;
1421011;"Piastów (1)";475;459;478;403;385;381;411;0;316;348;441;
1421021;"Pruszków (1)";914;905;1045;945;835;873;911;0;802;854;962;
1421033;"Brwinów (3)";358;299;306;311;303;392;380;0;309;331;427;
1421034;"Brwinów - miasto (4)";202;166;169;170;181;196;190;0;131;173;203;
1421035;"Brwinów - obszar wiejski (5)";156;133;137;141;122;196;190;0;178;158;224;
1421042;"Michałowice (2)";225;237;205;229;209;210;227;0;194;182;269;
1421052;"Nadarzyn (2)";139;132;132;144;95;115;129;0;114;98;147;
1421062;"Raszyn (2)";238;230;248;257;246;244;214;0;228;237;266;
1422000;"Powiat przasnyski";661;656;665;610;632;710;682;0;690;668;659;
1422011;"Przasnysz (1)";226;224;241;200;192;215;227;0;191;248;210;
1422023;"Chorzele (3)";143;160;121;113;112;150;129;0;151;110;113;
1422024;"Chorzele - miasto (4)";30;50;34;21;35;50;35;0;26;42;23;
1422025;"Chorzele - obszar wiejski (5)";113;110;87;92;77;100;94;0;125;68;90;
1422032;"Czernice Borowe (2)";46;32;30;24;46;58;46;0;38;46;65;
1422042;"Jednorożec (2)";73;82;74;84;71;69;62;0;113;79;78;
1422052;"Krasne (2)";53;54;60;48;69;86;73;0;54;55;59;
1422062;"Krzynowłoga Mała (2)";44;35;42;48;48;50;56;0;49;46;57;
1422072;"Przasnysz (2)";76;69;97;93;94;82;89;0;94;84;77;
1423000;"Powiat przysuski";407;465;473;469;463;471;496;0;385;464;457;
1423012;"Borkowice (2)";40;56;50;34;52;39;48;0;35;49;38;
1423022;"Gielniów (2)";57;51;42;53;38;58;45;0;41;41;48;
1423032;"Klwów (2)";34;32;52;40;30;29;25;0;26;31;18;
1423042;"Odrzywół (2)";35;38;30;43;33;49;42;0;32;43;41;
1423052;"Potworów (2)";28;39;56;36;40;33;33;0;32;43;33;
1423063;"Przysucha (3)";146;166;149;174;142;183;169;0;145;144;163;
1423064;"Przysucha - miasto (4)";88;102;77;108;80;114;99;0;95;66;102;
1423065;"Przysucha - obszar wiejski (5)";58;64;72;66;62;69;70;0;50;78;61;
1423072;"Rusinów (2)";28;35;47;41;49;20;60;0;30;54;48;
1423082;"Wieniawa (2)";39;48;47;48;79;60;74;0;44;59;68;
1424000;"Powiat pułtuski";577;534;612;551;560;510;555;0;508;561;557;
1424012;"Gzy (2)";51;44;42;56;42;38;34;0;39;38;35;
1424022;"Obryte (2)";53;67;48;47;43;57;57;0;55;65;56;
1424032;"Pokrzywnica (2)";77;36;50;49;50;37;58;0;41;52;38;
1424043;"Pułtusk (3)";244;238;301;273;264;241;284;0;249;249;277;
1424044;"Pułtusk - miasto (4)";205;187;251;214;209;192;212;0;180;187;198;
1424045;"Pułtusk - obszar wiejski (5)";39;51;50;59;55;49;72;0;69;62;79;
1424052;"Świercze (2)";55;56;59;39;43;44;41;0;38;44;56;
1424062;"Winnica (2)";47;45;49;48;64;46;42;0;49;47;45;
1424072;"Zatory (2)";50;48;63;39;54;47;39;0;37;66;50;
1425000;"Powiat radomski";1343;1370;1393;1456;1389;1532;1540;0;1374;1358;1577;
1425011;"Pionki (1)";219;227;265;340;254;286;277;0;227;217;232;
1425022;"Gózd (2)";51;56;69;65;72;76;60;0;63;74;74;
1425033;"Iłża (3)";152;163;157;146;145;166;181;0;172;174;173;
1425034;"Iłża - miasto (4)";61;71;66;60;60;75;75;0;51;72;72;
1425035;"Iłża - obszar wiejski (5)";91;92;91;86;85;91;106;0;121;102;101;
1425042;"Jastrzębia (2)";46;58;45;41;59;51;57;0;53;55;65;
1425052;"Jedlińsk (2)";102;94;89;105;112;169;142;0;112;116;121;
1425062;"Jedlnia-Letnisko (2)";109;105;123;111;102;133;113;0;105;96;112;
1425072;"Kowala (2)";93;87;108;90;93;97;101;0;87;76;123;
1425082;"Pionki (2)";87;105;89;97;63;74;103;0;98;80;94;
1425092;"Przytyk (2)";86;54;53;62;60;74;63;0;63;58;76;
1425103;"Skaryszew (3)";122;130;90;142;140;124;140;0;127;111;166;
1425104;"Skaryszew - miasto (4)";43;25;32;45;33;45;44;0;42;36;56;
1425105;"Skaryszew - obszar wiejski (5)";79;105;58;97;107;79;96;0;85;75;110;
1425112;"Wierzbica (2)";109;108;123;108;96;108;118;0;99;106;110;
1425122;"Wolanów (2)";70;92;93;63;80;82;80;0;69;81;107;
1425132;"Zakrzew (2)";97;91;89;86;113;92;105;0;99;114;124;
1426000;"Powiat siedlecki";776;825;896;847;894;1057;963;0;882;888;947;
1426012;"Domanice (2)";18;27;31;31;37;31;24;0;35;37;39;
1426022;"Korczew (2)";34;43;25;35;37;53;45;0;39;29;30;
1426032;"Kotuń (2)";68;62;109;68;71;82;80;0;73;87;90;
1426042;"Mokobody (2)";72;47;56;54;56;56;53;0;65;46;58;
1426053;"Mordy (3)";78;76;60;77;74;88;84;0;71;56;71;
1426054;"Mordy - miasto (4)";23;30;11;30;23;25;24;0;22;17;20;
1426055;"Mordy - obszar wiejski (5)";55;46;49;47;51;63;60;0;49;39;51;
1426062;"Paprotnia (2)";31;26;18;21;33;29;32;0;42;43;30;
1426072;"Przesmyki (2)";46;31;44;40;45;66;42;0;44;53;50;
1426082;"Siedlce (2)";181;199;254;215;217;270;216;0;201;224;235;
1426092;"Skórzec (2)";37;65;67;45;51;78;89;0;60;61;66;
1426102;"Suchożebry (2)";29;50;32;52;45;62;57;0;47;62;68;
1426112;"Wiśniew (2)";43;67;74;57;61;82;74;0;74;59;70;
1426122;"Wodynie (2)";43;49;42;61;77;57;47;0;47;35;41;
1426132;"Zbuczyn (2)";96;83;84;91;90;103;120;0;84;96;99;
1427000;"Powiat sierpecki";668;688;758;654;715;608;686;0;597;606;675;
1427011;"Sierpc (1)";225;255;314;219;288;237;234;0;212;188;216;
1427022;"Gozdowo (2)";75;93;49;70;78;58;79;0;65;66;68;
1427032;"Mochowo (2)";76;77;84;74;62;71;74;0;65;70;73;
1427042;"Rościszewo (2)";46;46;38;47;53;42;49;0;47;68;59;
1427052;"Sierpc (2)";89;96;126;79;114;81;91;0;87;77;126;
1427062;"Szczutowo (2)";69;57;70;64;55;44;75;0;41;52;47;
1427072;"Zawidz (2)";88;64;77;101;65;75;84;0;80;85;86;
1428000;"Powiat sochaczewski";872;916;879;992;907;1056;956;0;848;924;1000;
1428011;"Sochaczew (1)";483;531;439;522;503;544;514;0;417;440;525;
1428022;"Brochów (2)";32;44;35;30;33;72;37;0;39;30;26;
1428032;"Iłów (2)";48;54;59;56;42;58;68;0;69;69;68;
1428042;"Młodzieszyn (2)";46;61;62;51;41;71;52;0;56;52;68;
1428052;"Nowa Sucha (2)";27;45;52;66;66;43;54;0;62;65;65;
1428062;"Rybno (2)";40;24;31;45;38;29;48;0;36;37;42;
1428072;"Sochaczew (2)";91;69;76;111;74;104;90;0;88;108;91;
1428082;"Teresin (2)";105;88;125;111;110;135;93;0;81;123;115;
1429000;"Powiat sokołowski";696;648;708;644;689;710;788;0;591;621;762;
1429011;"Sokołów Podlaski (1)";221;184;228;222;252;225;209;0;146;189;238;
1429022;"Bielany (2)";25;37;54;63;27;59;43;0;34;30;50;
1429032;"Ceranów (2)";31;29;45;23;24;27;33;0;39;20;18;
1429042;"Jabłonna Lacka (2)";54;48;55;35;60;53;77;0;76;53;71;
1429053;"Kosów Lacki (3)";70;82;81;97;72;111;96;0;78;85;100;
1429054;"Kosów Lacki - miasto (4)";24;23;25;31;23;26;36;0;21;36;26;
1429055;"Kosów Lacki - obszar wiejski (5)";46;59;56;66;49;85;60;0;57;49;74;
1429062;"Repki (2)";89;68;71;53;66;81;89;0;65;59;78;
1429072;"Sabnie (2)";49;62;35;35;56;61;49;0;34;61;61;
1429082;"Sokołów Podlaski (2)";98;81;84;67;86;63;106;0;57;76;92;
1429092;"Sterdyń (2)";59;57;55;49;46;30;86;0;62;48;54;
1430000;"Powiat szydłowiecki";368;420;413;498;446;494;473;0;401;465;478;
1430012;"Chlewiska (2)";58;46;46;78;61;75;48;0;65;58;53;
1430022;"Jastrząb (2)";29;47;61;64;40;38;47;0;55;65;82;
1430032;"Mirów (2)";29;30;26;38;38;32;38;0;28;64;42;
1430042;"Orońsko (2)";45;36;73;47;61;72;57;0;57;62;55;
1430053;"Szydłowiec (3)";207;261;207;271;246;277;283;0;196;216;246;
1430054;"Szydłowiec - miasto (4)";145;184;143;181;183;200;158;0;129;132;173;
1430055;"Szydłowiec - obszar wiejski (5)";62;77;64;90;63;77;125;0;67;84;73;
1432000;"Powiat warszawski zachodni";1307;1198;1220;1183;1183;1316;1419;0;1169;1194;1497;
1432013;"Błonie (3)";261;229;220;208;222;281;258;0;206;222;269;
1432014;"Błonie - miasto (4)";162;139;151;114;125;170;167;0;109;127;172;
1432015;"Błonie - obszar wiejski (5)";99;90;69;94;97;111;91;0;97;95;97;
1432022;"Izabelin (2)";116;99;103;103;79;96;125;0;102;106;156;
1432032;"Kampinos (2)";42;36;29;31;35;53;45;0;29;32;31;
1432042;"Leszno (2)";100;122;122;112;112;125;118;0;101;95;89;
1432053;"Łomianki (3)";360;336;288;322;321;333;368;0;280;307;387;
1432054;"Łomianki - miasto (4)";282;246;213;257;227;247;300;0;203;219;275;
1432055;"Łomianki - obszar wiejski (5)";78;90;75;65;94;86;68;0;77;88;112;
1432063;"Ożarów Mazowiecki (3)";274;249;284;246;238;225;301;0;264;282;296;
1432064;"Ożarów Mazowiecki - miasto (4)";126;118;154;133;119;99;132;0;128;122;145;
1432065;"Ożarów Mazowiecki - obszar wiejski (5)";148;131;130;113;119;126;169;0;136;160;151;
1432072;"Stare Babice (2)";154;127;174;161;176;203;204;0;187;150;269;
1433000;"Powiat węgrowski";645;712;753;764;647;761;768;0;641;730;820;
1433011;"Węgrów (1)";115;116;151;147;105;158;130;0;126;136;185;
1433022;"Grębków (2)";47;35;37;32;36;41;61;0;29;38;40;
1433032;"Korytnica (2)";91;71;88;79;61;65;73;0;48;111;69;
1433042;"Liw (2)";76;78;83;98;88;66;111;0;93;84;102;
1433053;"Łochów (3)";167;183;192;210;172;206;186;0;165;171;213;
1433054;"Łochów - miasto (4)";87;75;86;97;78;87;88;0;87;69;94;
1433055;"Łochów - obszar wiejski (5)";80;108;106;113;94;119;98;0;78;102;119;
1433062;"Miedzna (2)";40;55;54;35;30;53;58;0;38;48;49;
1433072;"Sadowne (2)";49;72;66;60;69;73;64;0;50;51;68;
1433082;"Stoczek (2)";34;76;54;54;56;54;64;0;54;61;59;
1433092;"Wierzbno (2)";26;26;28;49;30;45;21;0;38;30;35;
1434000;"Powiat wołomiński";2494;2382;2634;2397;2334;2660;2643;0;2454;2652;3024;
1434011;"Kobyłka (1)";203;228;242;210;197;240;201;0;196;240;296;
1434021;"Marki (1)";363;319;356;353;296;361;383;0;306;335;438;
1434031;"Ząbki (1)";471;452;475;447;415;455;535;0;527;571;672;
1434041;"Zielonka (1)";240;235;245;265;223;237;209;0;191;220;206;
1434052;"Dąbrówka (2)";45;41;51;51;46;57;60;0;49;71;71;
1434062;"Jadów (2)";71;73;95;52;44;63;90;0;75;59;69;
1434072;"Klembów (2)";66;69;77;82;77;75;57;0;73;50;90;
1434082;"Poświętne (2)";35;34;51;43;34;38;52;0;42;38;63;
1434093;"Radzymin (3)";165;184;178;187;206;272;259;0;203;306;303;
1434094;"Radzymin - miasto (4)";82;81;92;93;113;116;121;0;107;171;159;
1434095;"Radzymin - obszar wiejski (5)";83;103;86;94;93;156;138;0;96;135;144;
1434102;"Strachówka (2)";57;33;43;21;37;28;32;0;38;16;37;
1434113;"Tłuszcz (3)";132;172;166;129;142;189;152;0;190;176;180;
1434114;"Tłuszcz - miasto (4)";62;79;68;43;74;96;67;0;91;94;77;
1434115;"Tłuszcz - obszar wiejski (5)";70;93;98;86;68;93;85;0;99;82;103;
1434123;"Wołomin (3)";646;542;655;557;617;645;613;0;564;570;599;
1434124;"Wołomin - miasto (4)";553;431;529;452;497;512;487;0;443;450;468;
1434125;"Wołomin - obszar wiejski (5)";93;111;126;105;120;133;126;0;121;120;131;
1435000;"Powiat wyszkowski";752;813;848;769;774;810;748;0;830;782;768;
1435012;"Brańszczyk (2)";80;44;70;70;64;61;62;0;100;75;86;
1435022;"Długosiodło (2)";64;79;83;54;57;66;58;0;45;82;80;
1435032;"Rząśnik (2)";69;79;44;69;77;57;62;0;67;47;48;
1435042;"Somianka (2)";60;60;60;60;41;78;52;0;75;44;47;
1435053;"Wyszków (3)";407;489;522;464;479;482;459;0;474;477;460;
1435054;"Wyszków - miasto (4)";330;379;443;375;351;385;372;0;339;387;364;
1435055;"Wyszków - obszar wiejski (5)";77;110;79;89;128;97;87;0;135;90;96;
1435062;"Zabrodzie (2)";72;62;69;52;56;66;55;0;69;57;47;
1436000;"Powiat zwoleński";349;396;393;435;402;422;366;0;324;444;441;
1436012;"Kazanów (2)";43;56;36;56;59;45;50;0;39;54;50;
1436022;"Policzna (2)";70;55;48;83;72;60;54;0;51;68;75;
1436032;"Przyłęk (2)";54;61;52;54;46;62;35;0;62;57;77;
1436042;"Tczów (2)";51;35;49;53;54;40;43;0;32;43;44;
1436053;"Zwoleń (3)";131;189;208;189;171;215;184;0;140;222;195;
1436054;"Zwoleń - miasto (4)";68;106;142;113;93;150;124;0;74;141;133;
1436055;"Zwoleń - obszar wiejski (5)";63;83;66;76;78;65;60;0;66;81;62;
1437000;"Powiat żuromiński";498;446;513;536;476;536;516;0;491;529;538;
1437013;"Bieżuń (3)";69;49;83;71;55;73;62;0;54;62;75;
1437014;"Bieżuń - miasto (4)";30;20;35;27;12;22;22;0;22;24;25;
1437015;"Bieżuń - obszar wiejski (5)";39;29;48;44;43;51;40;0;32;38;50;
1437022;"Kuczbork-Osada (2)";84;43;83;66;62;70;51;0;64;59;61;
1437032;"Lubowidz (2)";84;82;71;79;71;72;90;0;78;99;78;
1437042;"Lutocin (2)";37;50;45;79;63;68;71;0;46;40;62;
1437052;"Siemiątkowo (2)";38;53;36;49;49;71;43;0;49;50;29;
1437063;"Żuromin (3)";186;169;195;192;176;182;199;0;200;219;233;
1437064;"Żuromin - miasto (4)";126;110;136;136;121;137;121;0;128;127;161;
1437065;"Żuromin - obszar wiejski (5)";60;59;59;56;55;45;78;0;72;92;72;
1438000;"Powiat żyrardowski";948;901;819;887;792;1014;837;0;787;850;842;
1438011;"Żyrardów (1)";558;488;443;522;485;558;469;0;473;496;480;
1438023;"Mszczonów (3)";135;116;126;117;98;152;143;0;91;122;133;
1438024;"Mszczonów - miasto (4)";66;78;73;83;54;87;85;0;54;88;82;
1438025;"Mszczonów - obszar wiejski (5)";69;38;53;34;44;65;58;0;37;34;51;
1438032;"Puszcza Mariańska (2)";105;99;89;80;65;74;81;0;82;63;66;
1438042;"Radziejowice (2)";30;65;63;64;51;64;38;0;47;52;57;
1438052;"Wiskitki (2)";120;133;98;104;93;166;106;0;94;117;106;
1461000;"Powiat m.Ostrołęka";875;815;839;817;741;921;902;0;750;678;802;
1461011;"Ostrołęka (1)";875;815;839;817;741;921;902;0;750;678;802;
1462000;"Powiat m.Płock";1479;1368;1527;1381;1316;1428;1395;0;1219;1277;1344;
1462011;"Płock (1)";1479;1368;1527;1381;1316;1428;1395;0;1219;1277;1344;
1463000;"Powiat m.Radom";2025;2022;2104;2013;1926;2153;1996;0;1642;1733;2146;
1463011;"Radom (1)";2025;2022;2104;2013;1926;2153;1996;0;1642;1733;2146;
1464000;"Powiat m.Siedlce";871;889;952;917;975;930;821;0;823;819;947;
1464011;"Siedlce (1)";871;889;952;917;975;930;821;0;823;819;947;
1465000;"Powiat m. st. Warszawa";14526;13784;15553;14403;13318;14086;13536;0;11659;12743;14458;
1465011;"M.st.Warszawa od 2002 (1)";14526;13784;15553;14403;13318;14086;13536;0;11659;12743;14458;
1465028;"Bemowo - dzielnica (8)";1062;1072;1224;1174;1012;1051;1090;0;931;1010;1163;
1465038;"Białołęka - dzielnica (8)";1056;1075;1073;1095;1009;1043;952;0;938;1053;1208;
1465048;"Bielany - dzielnica (8)";1111;1181;1126;1147;998;981;992;0;876;906;993;
1465058;"Mokotów - dzielnica (8)";1866;1696;2017;1916;1707;1825;1714;0;1393;1586;1659;
1465068;"Ochota - dzielnica (8)";689;633;726;721;635;731;683;0;531;612;705;
1465078;"Praga-Południe - dzielnica (8)";1381;1354;1564;1372;1275;1403;1365;0;1141;1168;1264;
1465088;"Praga-Północ - dzielnica (8)";579;521;631;591;612;556;553;0;539;650;613;
1465098;"Rembertów - dzielnica (8)";183;210;198;167;202;154;174;0;144;193;165;
1465108;"Śródmieście - dzielnica (8)";806;837;1020;858;953;920;922;0;734;761;828;
1465118;"Targówek - dzielnica (8)";1091;1043;1163;1012;967;962;972;0;855;895;1157;
1465128;"Ursus - dzielnica (8)";643;686;676;641;512;625;517;0;505;559;787;
1465138;"Ursynów - dzielnica (8)";1461;1312;1556;1307;1198;1322;1158;0;997;1059;1200;
1465148;"Wawer - dzielnica (8)";470;340;450;403;336;389;414;0;334;389;424;
1465158;"Wesoła - dzielnica (8)";208;179;162;174;139;140;177;0;123;146;154;
1465168;"Wilanów - dzielnica (8)";133;134;144;121;149;173;154;0;178;258;301;
1465178;"Włochy - dzielnica (8)";335;312;366;341;316;388;350;0;311;351;397;
1465188;"Wola - dzielnica (8)";989;875;1074;962;982;1043;996;0;884;884;1105;
1465198;"Żoliborz - dzielnica (8)";463;324;383;401;316;380;353;0;245;263;335;
