"Kod";"Nazwa";"podmioty wpisane do rejestru REGON na 10 tys. ludności;2008;[-]";"podmioty wpisane do rejestru REGON na 10 tys. ludności;2009;[-]";"podmioty wpisane do rejestru REGON na 10 tys. ludności;2010;[-]";"podmioty wpisane do rejestru REGON na 10 tys. ludności;2011;[-]";"podmioty wpisane do rejestru REGON na 10 tys. ludności;2012;[-]";"podmioty wpisane do rejestru REGON na 10 tys. ludności;2013;[-]";"podmioty wpisane do rejestru REGON na 10 tys. ludności;2014;[-]";"podmioty wpisane do rejestru REGON na 10 tys. ludności;2015;[-]";"podmioty wpisane do rejestru REGON na 10 tys. ludności;2016;[-]";"podmioty wpisane do rejestru REGON na 10 tys. ludności;2017;[-]";"podmioty wpisane do rejestru REGON na 10 tys. ludności;2018;[-]";
0201000;"Powiat bolesławiecki";784;806;838;822;855;887;907;924;934;946;968;
0202000;"Powiat dzierżoniowski";1046;922;982;983;990;1005;1018;1025;1023;1040;1052;
0203000;"Powiat głogowski";937;931;938;910;920;916;915;916;910;911;914;
0204000;"Powiat górowski";713;748;752;717;743;766;757;788;802;817;843;
0205000;"Powiat jaworski";903;930;945;908;921;934;931;997;1005;1026;1050;
0206000;"Powiat jeleniogórski";1236;1263;1282;1239;1280;1711;1703;1738;1725;1759;1787;
0207000;"Powiat kamiennogórski";871;891;947;934;968;986;977;974;979;996;1013;
0208000;"Powiat kłodzki";1167;1038;1054;1038;1058;1071;1079;1088;1090;1106;1126;
0209000;"Powiat legnicki";784;803;830;823;844;869;873;893;916;942;960;
0210000;"Powiat lubański";957;976;991;980;1007;1015;1033;1052;1059;1075;1091;
0211000;"Powiat lubiński";901;909;925;904;927;937;938;947;952;955;977;
0212000;"Powiat lwówecki";731;757;783;787;811;842;861;890;905;948;988;
0213000;"Powiat milicki";807;815;851;862;892;902;936;958;967;980;1016;
0214000;"Powiat oleśnicki";854;873;906;891;908;926;936;940;946;960;990;
0215000;"Powiat oławski";939;944;958;945;959;972;975;988;1001;1021;1049;
0216000;"Powiat polkowicki";691;713;722;700;711;720;728;738;743;764;765;
0217000;"Powiat strzeliński";764;790;813;816;825;850;858;868;866;876;902;
0218000;"Powiat średzki";910;935;959;929;952;979;986;1006;1009;1015;1042;
0219000;"Powiat świdnicki";1109;1071;1094;1090;1109;1129;1133;1151;1156;1173;1186;
0220000;"Powiat trzebnicki";941;975;1014;988;1017;1041;1038;1062;1064;1081;1136;
0221000;"Powiat wałbrzyski";1143;1097;1132;1109;1136;1082;1085;1099;1108;1157;1162;
0222000;"Powiat wołowski";743;768;800;782;806;824;833;842;851;871;888;
0223000;"Powiat wrocławski";966;1015;1053;1094;1158;1214;1261;1292;1317;1364;1434;
0224000;"Powiat ząbkowicki";932;882;912;896;915;991;1002;1017;1030;1052;1066;
0225000;"Powiat zgorzelecki";888;895;917;907;922;947;965;971;966;970;976;
0226000;"Powiat złotoryjski";901;932;978;964;990;1019;1031;1051;1060;1087;1108;
0261000;"Powiat m.Jelenia Góra";1407;1445;1499;1480;1523;1555;1546;1561;1576;1580;1554;
0262000;"Powiat m.Legnica";1240;1259;1310;1259;1298;1327;1333;1359;1348;1351;1350;
0264000;"Powiat m.Wrocław";1512;1544;1608;1605;1665;1714;1739;1781;1826;1882;1915;
0265000;"Powiat m.Wałbrzych od 2013";;;;;;1199;1207;1212;1212;1218;1202;
0401000;"Powiat aleksandrowski";913;843;849;846;854;860;863;863;878;901;926;
0402000;"Powiat brodnicki";781;669;684;680;702;714;724;743;758;774;800;
0403000;"Powiat bydgoski";940;945;989;1001;1034;1064;1085;1096;1108;1127;1152;
0404000;"Powiat chełmiński";628;653;655;654;671;687;693;698;698;709;724;
0405000;"Powiat golubsko-dobrzyński";732;702;735;715;728;749;759;776;786;802;822;
0406000;"Powiat grudziądzki";604;625;628;639;650;673;689;717;728;729;762;
0407000;"Powiat inowrocławski";820;832;807;800;813;825;824;823;820;818;830;
0408000;"Powiat lipnowski";738;684;692;668;687;706;716;728;724;736;761;
0409000;"Powiat mogileński";726;739;695;687;699;711;714;717;726;732;757;
0410000;"Powiat nakielski";800;717;703;696;700;707;721;721;718;727;750;
0411000;"Powiat radziejowski";777;694;707;698;716;734;746;755;775;796;830;
0412000;"Powiat rypiński";792;754;746;725;740;752;755;760;760;765;790;
0413000;"Powiat sępoleński";786;704;709;697;723;740;741;743;735;750;783;
0414000;"Powiat świecki";751;702;726;730;735;742;749;758;747;763;778;
0415000;"Powiat toruński";747;765;812;833;854;891;910;923;929;939;970;
0416000;"Powiat tucholski";707;698;697;684;693;703;703;706;706;718;743;
0417000;"Powiat wąbrzeski";653;608;623;637;656;683;699;709;707;722;761;
0418000;"Powiat włocławski";651;618;634;627;653;677;690;691;698;703;718;
0419000;"Powiat żniński";753;741;725;712;724;743;756;765;755;757;784;
0461000;"Powiat m.Bydgoszcz";1260;1196;1200;1182;1201;1208;1195;1205;1213;1220;1208;
0462000;"Powiat m.Grudziądz";911;893;831;805;812;826;828;845;854;857;864;
0463000;"Powiat m.Toruń";1236;1112;1159;1171;1209;1247;1265;1280;1290;1295;1293;
0464000;"Powiat m.Włocławek";1167;1038;1049;1011;1027;1040;1038;1033;1026;1024;1000;
0601000;"Powiat bialski";516;512;529;529;551;571;584;590;597;617;639;
0602000;"Powiat biłgorajski";673;661;692;693;701;720;732;734;737;755;789;
0603000;"Powiat chełmski";377;398;416;414;432;442;469;475;481;499;524;
0604000;"Powiat hrubieszowski";591;596;607;586;603;628;642;651;655;670;687;
0605000;"Powiat janowski";703;667;694;673;687;702;721;727;731;740;760;
0606000;"Powiat krasnostawski";485;502;525;513;530;549;563;573;571;587;602;
0607000;"Powiat kraśnicki";550;558;580;578;602;616;628;635;638;652;681;
0608000;"Powiat lubartowski";588;574;598;592;614;628;643;652;658;672;704;
0609000;"Powiat lubelski";592;608;657;678;704;739;759;775;789;807;854;
0610000;"Powiat łęczyński";485;506;527;536;549;554;560;571;569;581;603;
0611000;"Powiat łukowski";666;674;709;699;711;732;751;764;770;793;815;
0612000;"Powiat opolski";556;565;592;583;602;627;623;634;633;640;672;
0613000;"Powiat parczewski";572;601;632;616;639;654;669;680;674;675;694;
0614000;"Powiat puławski";820;819;840;819;835;847;843;846;850;863;886;
0615000;"Powiat radzyński";582;579;597;597;608;622;634;640;642;666;684;
0616000;"Powiat rycki";633;636;648;636;651;654;663;672;680;690;714;
0617000;"Powiat świdnicki";661;687;722;715;731;749;762;775;777;793;810;
0618000;"Powiat tomaszowski";744;744;756;731;744;750;760;767;771;788;809;
0619000;"Powiat włodawski";599;618;648;645;672;696;700;696;684;682;697;
0620000;"Powiat zamojski";518;527;550;540;551;569;582;590;598;616;645;
0661000;"Powiat m.Biała Podlaska";879;896;934;937;957;979;990;1015;1031;1059;1067;
0662000;"Powiat m.Chełm";809;825;862;849;865;876;903;909;916;928;927;
0663000;"Powiat m.Lublin";1115;1139;1191;1182;1217;1261;1272;1289;1306;1335;1335;
0664000;"Powiat m.Zamość";1162;1157;1192;1174;1193;1203;1193;1204;1199;1205;1191;
0801000;"Powiat gorzowski";905;939;984;997;1025;1050;1047;1066;1072;1091;1126;
0802000;"Powiat krośnieński";969;930;960;940;964;983;982;993;1000;1015;1032;
0803000;"Powiat międzyrzecki";1021;982;1018;989;1011;1025;1027;1026;1030;1039;1023;
0804000;"Powiat nowosolski";741;752;780;763;785;806;821;841;854;864;883;
0805000;"Powiat słubicki";1188;1195;1192;1144;1161;1163;1178;1191;1201;1211;1217;
0806000;"Powiat strzelecko-drezdenecki";828;837;886;871;883;908;909;913;923;943;977;
0807000;"Powiat sulęciński";705;742;769;775;804;825;825;831;822;822;842;
0808000;"Powiat świebodziński";1003;966;997;953;974;1000;1005;1012;1012;1014;1017;
0809000;"Powiat zielonogórski";801;823;868;882;918;953;963;902;915;931;954;
0810000;"Powiat żagański";916;867;881;868;891;908;909;915;913;922;938;
0811000;"Powiat żarski";932;916;944;913;937;956;956;968;972;977;986;
0812000;"Powiat wschowski";781;793;833;834;848;869;879;889;901;934;964;
0861000;"Powiat m.Gorzów Wielkopolski";1405;1408;1463;1425;1441;1449;1436;1441;1436;1444;1416;
0862000;"Powiat m.Zielona Góra";1328;1314;1349;1342;1446;1497;1506;1509;1517;1529;1509;
1001000;"Powiat bełchatowski";724;713;745;741;767;781;784;794;796;800;812;
1002000;"Powiat kutnowski";823;735;743;739;751;755;761;772;780;785;785;
1003000;"Powiat łaski";832;796;841;825;833;849;859;866;867;881;904;
1004000;"Powiat łęczycki";678;563;585;586;614;629;632;633;636;646;653;
1005000;"Powiat łowicki";703;666;697;698;716;735;745;742;752;754;766;
1006000;"Powiat łódzki wschodni";1095;986;1046;1068;1089;1112;1127;1142;1147;1169;1198;
1007000;"Powiat opoczyński";587;566;591;575;561;579;588;595;589;597;612;
1008000;"Powiat pabianicki";1154;958;981;975;1011;1038;1044;1055;1073;1096;1119;
1009000;"Powiat pajęczański";656;645;673;679;694;707;727;746;754;756;775;
1010000;"Powiat piotrkowski";518;518;554;554;568;578;599;611;623;633;673;
1011000;"Powiat poddębicki";827;699;732;722;748;772;772;777;777;781;795;
1012000;"Powiat radomszczański";719;710;746;732;752;766;766;779;794;806;831;
1013000;"Powiat rawski";816;790;817;784;807;826;815;816;812;827;846;
1014000;"Powiat sieradzki";720;665;694;705;713;723;742;756;769;783;793;
1015000;"Powiat skierniewicki";576;567;594;586;602;620;624;634;646;658;705;
1016000;"Powiat tomaszowski";723;711;743;743;751;770;777;783;786;796;812;
1017000;"Powiat wieluński";884;797;837;811;827;844;842;846;866;874;889;
1018000;"Powiat wieruszowski";820;758;791;789;811;830;838;847;861;868;884;
1019000;"Powiat zduńskowolski";929;869;902;891;900;908;907;922;942;953;977;
1020000;"Powiat zgierski";1039;863;897;899;924;939;950;962;979;1000;1011;
1021000;"Powiat brzeziński";878;843;863;847;863;879;883;891;899;918;944;
1061000;"Powiat m.Łódź";1266;1137;1202;1197;1244;1276;1296;1315;1331;1353;1350;
1062000;"Powiat m.Piotrków Trybunalski";922;914;970;960;975;993;991;998;1005;1013;1017;
1063000;"Powiat m.Skierniewice";1024;1039;1083;1021;1045;1049;1035;1032;1023;1029;1016;
1201000;"Powiat bocheński";685;715;758;765;785;802;811;817;824;838;867;
1202000;"Powiat brzeski";573;595;624;627;651;672;687;697;709;736;781;
1203000;"Powiat chrzanowski";852;868;906;890;906;920;928;925;931;943;963;
1204000;"Powiat dąbrowski";436;467;492;493;506;512;525;533;542;563;604;
1205000;"Powiat gorlicki";596;627;652;672;688;707;708;716;719;718;741;
1206000;"Powiat krakowski";854;899;950;962;998;1021;1045;1063;1077;1104;1149;
1207000;"Powiat limanowski";599;642;681;677;686;696;724;742;758;768;807;
1208000;"Powiat miechowski";800;810;832;820;842;860;876;885;894;906;938;
1209000;"Powiat myślenicki";842;859;911;909;926;942;960;968;980;1004;1044;
1210000;"Powiat nowosądecki";580;619;644;653;675;694;709;725;735;747;788;
1211000;"Powiat nowotarski";702;726;754;747;769;781;799;809;816;840;884;
1212000;"Powiat olkuski";1023;1024;1051;1012;1032;1036;1036;1043;1041;1050;1074;
1213000;"Powiat oświęcimski";843;859;899;880;903;912;913;916;914;922;946;
1214000;"Powiat proszowicki";650;655;687;687;720;753;758;778;792;812;859;
1215000;"Powiat suski";877;881;906;892;909;913;922;928;944;956;987;
1216000;"Powiat tarnowski";459;487;524;529;554;574;586;599;610;625;659;
1217000;"Powiat tatrzański";1388;1440;1440;1400;1436;1450;1450;1465;1487;1516;1575;
1218000;"Powiat wadowicki";978;987;1000;987;1002;1006;1014;1016;1022;1031;1060;
1219000;"Powiat wielicki";926;956;1005;1018;1061;1087;1109;1130;1141;1166;1204;
1261000;"Powiat m.Kraków";1400;1459;1527;1530;1598;1640;1661;1711;1758;1805;1822;
1262000;"Powiat m.Nowy Sącz";1001;1057;1110;1102;1124;1133;1140;1154;1161;1174;1177;
1263000;"Powiat m.Tarnów";879;926;969;955;986;1000;1004;1030;1039;1053;1072;
1401000;"Powiat białobrzeski";999;745;761;747;762;775;796;815;825;822;829;
1402000;"Powiat ciechanowski";760;729;747;741;759;782;793;811;808;804;804;
1403000;"Powiat garwoliński";642;622;645;640;655;677;675;680;685;689;714;
1404000;"Powiat gostyniński";702;679;714;700;689;714;718;744;744;759;777;
1405000;"Powiat grodziski";1236;1243;1283;1279;1305;1342;1354;1375;1384;1389;1411;
1406000;"Powiat grójecki";936;842;866;835;852;870;882;889;895;912;929;
1407000;"Powiat kozienicki";678;640;649;642;654;661;667;670;666;670;691;
1408000;"Powiat legionowski";1341;1316;1372;1357;1386;1408;1408;1422;1426;1442;1449;
1409000;"Powiat lipski";719;708;715;713;727;730;744;744;740;745;762;
1410000;"Powiat łosicki";647;624;655;661;680;695;714;726;730;729;753;
1411000;"Powiat makowski";816;743;747;736;739;762;782;803;817;814;826;
1412000;"Powiat miński";849;825;863;856;886;904;920;929;938;950;976;
1413000;"Powiat mławski";679;657;666;641;653;673;691;712;717;734;752;
1414000;"Powiat nowodworski";944;843;894;885;916;935;943;965;980;1004;1034;
1415000;"Powiat ostrołęcki";538;474;494;506;536;563;590;601;605;621;644;
1416000;"Powiat ostrowski";819;787;808;791;816;835;854;864;867;872;884;
1417000;"Powiat otwocki";1162;1137;1202;1189;1211;1242;1246;1261;1263;1272;1285;
1418000;"Powiat piaseczyński";1403;1405;1488;1520;1575;1650;1683;1735;1771;1833;1872;
1419000;"Powiat płocki";523;537;565;567;587;613;631;651;661;674;700;
1420000;"Powiat płoński";636;638;666;661;678;703;712;722;730;733;750;
1421000;"Powiat pruszkowski";1566;1578;1639;1601;1632;1659;1669;1687;1709;1735;1752;
1422000;"Powiat przasnyski";673;617;635;637;650;673;672;678;683;681;697;
1423000;"Powiat przysuski";715;596;608;603;614;624;640;657;659;665;676;
1424000;"Powiat pułtuski";754;739;776;730;744;755;776;769;766;771;789;
1425000;"Powiat radomski";638;632;658;647;661;676;682;698;717;730;760;
1426000;"Powiat siedlecki";535;562;605;606;616;643;654;663;667;674;704;
1427000;"Powiat sierpecki";568;558;577;568;588;608;625;633;646;650;668;
1428000;"Powiat sochaczewski";1051;993;1006;997;1012;1020;1017;1020;1016;1027;1053;
1429000;"Powiat sokołowski";626;629;660;672;687;717;715;717;724;726;739;
1430000;"Powiat szydłowiecki";790;668;681;669;687;717;732;755;777;793;837;
1432000;"Powiat warszawski zachodni";1399;1366;1450;1472;1524;1552;1579;1619;1640;1661;1688;
1433000;"Powiat węgrowski";600;612;650;658;679;696;697;707;714;721;737;
1434000;"Powiat wołomiński";1109;1090;1149;1154;1189;1211;1217;1227;1227;1245;1283;
1435000;"Powiat wyszkowski";877;784;814;789;809;825;847;852;855;859;881;
1436000;"Powiat zwoleński";570;514;527;512;533;537;555;574;582;611;633;
1437000;"Powiat żuromiński";634;623;655;626;644;654;664;670;687;693;708;
1438000;"Powiat żyrardowski";1120;1090;1103;1072;1087;1095;1092;1107;1104;1112;1131;
1461000;"Powiat m.Ostrołęka";1082;1052;1091;1066;1084;1111;1123;1134;1137;1141;1115;
1462000;"Powiat m.Płock";952;964;994;974;1007;1021;1020;1018;1021;1031;1018;
1463000;"Powiat m.Radom";1106;1121;1145;1100;1118;1131;1137;1142;1141;1140;1131;
1464000;"Powiat m.Siedlce";1038;1046;1104;1030;1061;1094;1095;1089;1089;1092;1090;
1465000;"Powiat m. st. Warszawa";1897;1915;2025;1995;2070;2154;2210;2301;2391;2463;2440;
1601000;"Powiat brzeski";1051;1059;1092;1069;1079;1099;1099;1106;1103;1110;1124;
1602000;"Powiat głubczycki";790;796;843;822;840;845;848;860;871;879;894;
1603000;"Powiat kędzierzyńsko-kozielski";855;858;909;901;919;929;939;947;945;942;945;
1604000;"Powiat kluczborski";888;887;931;918;925;939;934;941;932;937;947;
1605000;"Powiat krapkowicki";693;687;727;726;744;754;753;756;758;761;765;
1606000;"Powiat namysłowski";932;937;974;946;972;993;996;1009;1006;1016;1048;
1607000;"Powiat nyski";958;938;969;956;973;995;989;989;985;995;1004;
1608000;"Powiat oleski";801;757;802;801;815;827;838;846;847;852;877;
1609000;"Powiat opolski";800;798;855;855;866;889;896;904;911;895;917;
1610000;"Powiat prudnicki";735;737;767;753;769;787;791;804;810;806;816;
1611000;"Powiat strzelecki";621;626;679;671;681;691;692;697;702;711;716;
1661000;"Powiat m.Opole";1579;1569;1660;1635;1659;1700;1716;1739;1747;1714;1680;
1801000;"Powiat bieszczadzki";961;930;960;947;971;975;979;974;977;978;1001;
1802000;"Powiat brzozowski";513;529;554;550;556;577;562;572;580;588;611;
1803000;"Powiat dębicki";593;603;634;623;640;663;677;686;694;702;719;
1804000;"Powiat jarosławski";655;664;683;659;667;683;693;709;718;731;744;
1805000;"Powiat jasielski";624;634;658;651;667;678;684;696;707;730;741;
1806000;"Powiat kolbuszowski";515;495;526;527;543;559;572;579;596;619;638;
1807000;"Powiat krośnieński";614;613;642;627;643;657;669;679;684;692;713;
1808000;"Powiat leżajski";542;542;567;568;578;594;607;612;620;625;650;
1809000;"Powiat lubaczowski";488;505;530;518;538;554;566;568;579;593;631;
1810000;"Powiat łańcucki";666;640;670;674;693;709;724;735;743;748;772;
1811000;"Powiat mielecki";683;681;705;707;729;755;767;781;802;817;831;
1812000;"Powiat niżański";555;551;572;569;581;591;607;617;621;626;654;
1813000;"Powiat przemyski";487;494;501;497;511;533;549;555;565;578;604;
1814000;"Powiat przeworski";486;507;533;526;550;556;564;584;598;600;620;
1815000;"Powiat ropczycko-sędziszowski";575;587;612;615;623;646;661;678;689;700;717;
1816000;"Powiat rzeszowski";596;600;622;625;649;672;687;698;707;731;757;
1817000;"Powiat sanocki";689;693;723;704;711;721;726;729;733;745;759;
1818000;"Powiat stalowowolski";795;779;795;785;800;810;822;827;829;831;842;
1819000;"Powiat strzyżowski";484;501;538;548;567;595;612;627;642;646;678;
1820000;"Powiat tarnobrzeski";612;595;618;613;623;630;634;629;632;635;663;
1821000;"Powiat leski";943;943;976;988;1018;1068;1092;1097;1114;1137;1172;
1861000;"Powiat m.Krosno";1101;1110;1144;1136;1166;1185;1192;1206;1206;1218;1189;
1862000;"Powiat m.Przemyśl";941;949;981;912;936;959;969;998;1036;1056;1055;
1863000;"Powiat m.Rzeszów";1135;1153;1189;1197;1231;1294;1341;1380;1413;1455;1463;
1864000;"Powiat m.Tarnobrzeg";1053;1003;1067;1012;1025;1042;1025;1027;1012;1031;1030;
2001000;"Powiat augustowski";742;759;685;671;702;715;730;727;723;726;746;
2002000;"Powiat białostocki";650;678;722;738;776;804;835;850;861;882;913;
2003000;"Powiat bielski";653;604;617;626;649;664;666;675;682;701;722;
2004000;"Powiat grajewski";633;572;595;591;605;620;632;645;646;649;663;
2005000;"Powiat hajnowski";692;623;626;626;643;656;671;670;670;676;683;
2006000;"Powiat kolneński";580;555;565;561;591;615;633;626;624;620;634;
2007000;"Powiat łomżyński";529;504;529;540;554;577;592;586;587;598;622;
2008000;"Powiat moniecki";515;510;520;517;538;549;558;563;580;598;620;
2009000;"Powiat sejneński";584;601;570;553;563;579;610;612;621;641;652;
2010000;"Powiat siemiatycki";547;512;532;527;545;555;576;597;610;620;639;
2011000;"Powiat sokólski";507;521;512;510;529;539;554;569;571;581;591;
2012000;"Powiat suwalski";473;498;476;478;500;515;534;535;549;559;582;
2013000;"Powiat wysokomazowiecki";598;597;630;643;665;681;698;710;708;704;714;
2014000;"Powiat zambrowski";782;749;719;712;733;732;732;735;746;754;775;
2061000;"Powiat m.Białystok";1014;1020;1063;1065;1099;1120;1142;1162;1175;1191;1208;
2062000;"Powiat m.Łomża";1014;1002;977;960;985;999;1008;1005;1004;1001;1010;
2063000;"Powiat m.Suwałki";1018;1031;1010;989;1001;1004;1005;999;991;1000;998;
2201000;"Powiat bytowski";786;791;799;778;791;793;815;825;840;862;871;
2202000;"Powiat chojnicki";820;840;860;844;865;868;883;890;889;900;927;
2203000;"Powiat człuchowski";916;903;909;872;878;886;895;901;900;915;929;
2204000;"Powiat gdański";1067;1100;1128;1137;1168;1195;1206;1235;1259;1287;1313;
2205000;"Powiat kartuski";828;859;894;904;929;955;985;1005;1026;1052;1094;
2206000;"Powiat kościerski";723;748;761;767;777;799;815;845;851;860;884;
2207000;"Powiat kwidzyński";917;931;947;928;937;952;941;945;941;956;976;
2208000;"Powiat lęborski";1282;1270;1261;1231;1231;1246;1249;1253;1258;1275;1299;
2209000;"Powiat malborski";929;951;967;941;967;997;1009;1011;1004;1007;1006;
2210000;"Powiat nowodworski";1062;1050;1062;1027;1050;1076;1081;1083;1110;1153;1205;
2211000;"Powiat pucki";1183;1354;1388;1337;1349;1378;1412;1438;1451;1470;1507;
2212000;"Powiat słupski";895;913;929;903;890;920;927;930;939;958;981;
2213000;"Powiat starogardzki";854;869;879;849;868;881;889;907;909;919;933;
2214000;"Powiat tczewski";844;871;882;855;856;873;887;902;909;917;930;
2215000;"Powiat wejherowski";913;947;971;983;1016;1038;1052;1072;1082;1101;1132;
2216000;"Powiat sztumski";772;769;783;753;752;777;772;777;780;799;819;
2261000;"Powiat m.Gdańsk";1320;1364;1416;1419;1470;1513;1541;1586;1626;1671;1651;
2262000;"Powiat m.Gdynia";1318;1390;1422;1414;1466;1508;1525;1561;1592;1634;1624;
2263000;"Powiat m.Słupsk";1415;1409;1453;1394;1401;1419;1410;1406;1404;1401;1380;
2264000;"Powiat m.Sopot";1995;2085;2150;2165;2228;2281;2305;2365;2430;2503;2390;
2401000;"Powiat będziński";1034;1007;1052;1008;1036;1055;1057;1062;1058;1070;1081;
2402000;"Powiat bielski";931;948;1000;997;1016;1027;1041;1046;1044;1051;1068;
2403000;"Powiat cieszyński";1014;1026;1064;1048;1075;1085;1092;1100;1099;1092;1099;
2404000;"Powiat częstochowski";665;692;737;729;742;761;772;779;797;804;830;
2405000;"Powiat gliwicki";679;692;728;735;758;775;789;812;815;824;842;
2406000;"Powiat kłobucki";715;727;761;768;799;819;829;840;852;869;913;
2407000;"Powiat lubliniecki";745;720;758;739;768;789;800;818;826;844;868;
2408000;"Powiat mikołowski";874;864;909;901;927;949;956;971;979;993;1021;
2409000;"Powiat myszkowski";953;950;1000;977;1003;1013;1013;1014;1015;1021;1034;
2410000;"Powiat pszczyński";930;945;996;980;995;1012;1016;1020;1023;1034;1049;
2411000;"Powiat raciborski";704;710;747;752;772;787;790;783;777;779;781;
2412000;"Powiat rybnicki";654;643;669;668;680;685;689;694;701;706;721;
2413000;"Powiat tarnogórski";952;964;1020;1010;1034;1060;1079;1098;1110;1122;1137;
2414000;"Powiat bieruńsko-lędziński";763;689;729;709;727;745;769;778;783;794;822;
2415000;"Powiat wodzisławski";655;649;675;669;683;694;703;711;708;707;711;
2416000;"Powiat zawierciański";830;837;872;861;886;901;907;914;909;908;918;
2417000;"Powiat żywiecki";842;852;882;849;868;884;893;903;909;916;945;
2461000;"Powiat m.Bielsko-Biała";1336;1367;1427;1411;1443;1469;1480;1501;1518;1530;1521;
2462000;"Powiat m.Bytom";886;881;936;920;934;951;959;971;973;979;985;
2463000;"Powiat m.Chorzów";977;992;1037;996;1008;1013;1017;1034;1031;1036;1044;
2464000;"Powiat m.Częstochowa";1060;1079;1127;1111;1137;1155;1159;1172;1179;1190;1184;
2465000;"Powiat m.Dąbrowa Górnicza";926;956;1017;949;974;1000;1004;1013;1014;1028;1032;
2466000;"Powiat m.Gliwice";1103;1138;1238;1240;1274;1295;1301;1312;1327;1336;1335;
2467000;"Powiat m.Jastrzębie-Zdrój";630;618;641;640;648;655;650;657;656;651;658;
2468000;"Powiat m.Jaworzno";806;787;826;818;850;868;876;898;901;920;937;
2469000;"Powiat m.Katowice";1306;1327;1375;1376;1434;1481;1509;1552;1588;1625;1610;
2470000;"Powiat m.Mysłowice";939;925;969;898;917;937;946;959;959;966;970;
2471000;"Powiat m.Piekary Śląskie";633;651;701;702;728;755;767;768;773;780;797;
2472000;"Powiat m.Ruda Śląska";663;672;705;670;687;697;691;697;706;715;733;
2473000;"Powiat m.Rybnik";922;888;947;935;950;971;973;984;990;996;1010;
2474000;"Powiat m.Siemianowice Śląskie";875;888;939;907;923;943;939;943;934;920;927;
2475000;"Powiat m.Sosnowiec";1096;1071;1123;1089;1114;1127;1115;1121;1119;1119;1126;
2476000;"Powiat m.Świętochłowice";695;711;753;737;740;756;750;759;763;777;786;
2477000;"Powiat m.Tychy";1028;1003;1036;1027;1054;1081;1075;1083;1079;1087;1097;
2478000;"Powiat m.Zabrze";825;843;904;897;918;930;931;936;939;950;954;
2479000;"Powiat m.Żory";804;809;841;842;856;864;871;886;893;896;916;
2601000;"Powiat buski";769;744;748;735;740;753;754;763;778;802;822;
2602000;"Powiat jędrzejowski";687;653;664;651;662;685;693;702;706;727;757;
2603000;"Powiat kazimierski";439;447;463;472;503;521;522;526;523;538;560;
2604000;"Powiat kielecki";651;654;679;671;704;728;743;754;770;795;833;
2605000;"Powiat konecki";776;752;754;735;756;763;769;779;797;810;840;
2606000;"Powiat opatowski";609;585;596;577;589;592;602;608;620;631;665;
2607000;"Powiat ostrowiecki";993;945;932;904;912;915;903;902;899;898;919;
2608000;"Powiat pińczowski";575;585;598;586;602;618;629;646;661;677;679;
2609000;"Powiat sandomierski";799;769;787;759;780;790;791;797;807;823;837;
2610000;"Powiat skarżyski";992;962;978;942;962;1016;1018;1021;1013;1029;1038;
2611000;"Powiat starachowicki";758;756;774;737;745;773;781;781;787;794;804;
2612000;"Powiat staszowski";700;693;709;688;692;691;697;698;707;721;735;
2613000;"Powiat włoszczowski";664;660;691;688;718;740;771;783;781;779;795;
2661000;"Powiat m.Kielce";1400;1367;1410;1390;1420;1443;1443;1457;1462;1466;1447;
2801000;"Powiat bartoszycki";608;622;638;632;660;681;688;686;690;697;710;
2802000;"Powiat braniewski";693;663;670;659;673;698;712;723;741;754;771;
2803000;"Powiat działdowski";604;595;608;599;604;621;629;628;628;635;651;
2804000;"Powiat elbląski";602;606;613;613;636;662;677;686;696;715;731;
2805000;"Powiat ełcki";761;758;733;718;729;744;752;753;756;769;785;
2806000;"Powiat giżycki";964;899;896;904;924;942;951;964;974;987;1013;
2807000;"Powiat iławski";690;703;726;708;733;751;761;765;760;759;775;
2808000;"Powiat kętrzyński";669;664;669;671;683;690;701;703;715;723;733;
2809000;"Powiat lidzbarski";780;745;771;761;782;809;818;831;840;856;883;
2810000;"Powiat mrągowski";929;905;910;895;913;926;925;925;931;954;985;
2811000;"Powiat nidzicki";645;618;641;645;670;688;701;705;716;711;719;
2812000;"Powiat nowomiejski";615;625;656;630;646;669;689;698;696;716;739;
2813000;"Powiat olecki";953;901;870;833;870;870;885;871;880;882;896;
2814000;"Powiat olsztyński";756;770;802;806;831;854;860;868;874;888;921;
2815000;"Powiat ostródzki";761;746;749;752;765;770;781;784;790;797;808;
2816000;"Powiat piski";734;700;699;692;712;722;733;733;731;737;761;
2817000;"Powiat szczycieński";730;713;711;700;712;728;735;734;734;739;762;
2818000;"Powiat gołdapski";827;823;805;783;791;795;802;796;783;800;814;
2819000;"Powiat węgorzewski";682;676;693;692;704;720;737;733;737;742;775;
2861000;"Powiat m.Elbląg";959;979;1024;973;991;1011;1018;1032;1036;1039;1048;
2862000;"Powiat m.Olsztyn";1205;1202;1254;1238;1272;1300;1312;1332;1340;1346;1337;
3001000;"Powiat chodzieski";842;832;877;846;875;887;902;912;928;947;958;
3002000;"Powiat czarnkowsko-trzcianecki";748;721;753;742;776;805;811;820;824;828;845;
3003000;"Powiat gnieźnieński";1055;1020;1041;1037;1041;1055;1063;1072;1066;1071;1086;
3004000;"Powiat gostyński";846;841;886;885;907;928;930;949;961;972;1003;
3005000;"Powiat grodziski";912;876;886;882;907;929;945;944;963;976;1003;
3006000;"Powiat jarociński";765;763;800;791;825;849;855;865;875;881;909;
3007000;"Powiat kaliski";617;635;670;685;714;741;761;782;798;810;841;
3008000;"Powiat kępiński";926;927;965;967;993;998;1018;1034;1047;1071;1109;
3009000;"Powiat kolski";768;736;750;737;755;767;770;772;775;780;795;
3010000;"Powiat koniński";610;610;647;660;688;710;733;746;769;803;858;
3011000;"Powiat kościański";1009;971;981;962;969;986;992;993;997;1007;1029;
3012000;"Powiat krotoszyński";786;776;803;781;792;819;828;851;858;877;900;
3013000;"Powiat leszczyński";1011;960;968;965;981;1014;1020;1043;1056;1078;1102;
3014000;"Powiat międzychodzki";911;891;915;916;937;945;948;964;967;965;978;
3015000;"Powiat nowotomyski";1070;1002;1028;1019;1045;1073;1077;1093;1103;1110;1135;
3016000;"Powiat obornicki";1063;1019;1029;1019;1038;1046;1055;1064;1058;1074;1105;
3017000;"Powiat ostrowski";924;919;954;942;960;982;993;1002;1009;1022;1058;
3018000;"Powiat ostrzeszowski";809;829;874;868;913;933;960;972;985;1010;1044;
3019000;"Powiat pilski";868;862;896;891;899;921;931;934;936;940;964;
3020000;"Powiat pleszewski";817;799;841;831;866;885;900;905;912;914;933;
3021000;"Powiat poznański";1345;1374;1429;1435;1474;1503;1531;1528;1532;1549;1583;
3022000;"Powiat rawicki";787;792;795;799;820;839;838;857;873;897;913;
3023000;"Powiat słupecki";880;762;782;780;814;839;858;885;897;919;951;
3024000;"Powiat szamotulski";900;878;918;916;937;956;951;960;962;974;1001;
3025000;"Powiat średzki";1007;840;871;879;909;943;961;966;976;990;1012;
3026000;"Powiat śremski";984;973;991;989;1010;1027;1047;1063;1070;1080;1102;
3027000;"Powiat turecki";637;619;647;660;680;704;712;730;742;768;813;
3028000;"Powiat wągrowiecki";882;835;859;832;844;868;867;888;890;898;919;
3029000;"Powiat wolsztyński";1093;1072;1079;1083;1111;1123;1134;1148;1159;1170;1191;
3030000;"Powiat wrzesiński";1073;1001;1041;1025;1053;1071;1081;1100;1105;1106;1121;
3031000;"Powiat złotowski";618;624;649;640;675;713;723;739;744;753;774;
3061000;"Powiat m.Kalisz";1064;1075;1131;1098;1126;1138;1148;1143;1139;1148;1143;
3062000;"Powiat m.Konin";1046;1010;1062;1038;1070;1078;1080;1076;1081;1104;1102;
3063000;"Powiat m.Leszno";1362;1360;1362;1344;1372;1392;1387;1396;1401;1408;1390;
3064000;"Powiat m.Poznań";1673;1713;1765;1796;1861;1917;1963;2006;2045;2090;2082;
3201000;"Powiat białogardzki";1017;1006;1015;975;996;1015;1002;999;998;1011;1034;
3202000;"Powiat choszczeński";774;802;817;794;813;830;826;826;829;836;854;
3203000;"Powiat drawski";1033;1009;1016;995;1018;1016;1009;1008;1006;1026;1035;
3204000;"Powiat goleniowski";1035;1063;1071;1034;1050;1064;1068;1076;1083;1105;1124;
3205000;"Powiat gryficki";1254;1264;1282;1202;1225;1246;1243;1256;1259;1266;1297;
3206000;"Powiat gryfiński";969;994;1006;975;993;1020;1015;1025;1021;1033;1044;
3207000;"Powiat kamieński";1444;1477;1485;1432;1454;1484;1476;1489;1498;1508;1539;
3208000;"Powiat kołobrzeski";1781;1757;1707;1633;1608;1612;1597;1593;1601;1615;1634;
3209000;"Powiat koszaliński";1055;1062;1064;1040;1052;1070;1087;1105;1110;1130;1171;
3210000;"Powiat myśliborski";931;968;983;975;1000;1014;1020;1025;1018;1029;1051;
3211000;"Powiat policki";1219;1259;1309;1311;1339;1355;1376;1403;1417;1428;1462;
3212000;"Powiat pyrzycki";934;939;919;872;879;896;916;924;933;939;970;
3213000;"Powiat sławieński";1058;1058;1083;1026;1010;1021;1027;1027;1034;1041;1062;
3214000;"Powiat stargardzki";987;1005;1013;993;1017;1028;1017;1021;1014;1023;1031;
3215000;"Powiat szczecinecki";1060;1062;1064;1023;1007;999;1004;1014;1010;1017;1011;
3216000;"Powiat świdwiński";904;918;926;902;902;929;927;928;925;944;954;
3217000;"Powiat wałecki";1072;1091;1094;1028;1036;1050;1057;1062;1043;1045;1050;
3218000;"Powiat łobeski";828;847;869;844;861;878;882;888;878;871;889;
3261000;"Powiat m.Koszalin";1722;1733;1721;1661;1680;1677;1682;1695;1687;1680;1654;
3262000;"Powiat m.Szczecin";1575;1584;1603;1590;1617;1649;1653;1676;1700;1727;1716;
3263000;"Powiat m.Świnoujście";1693;1691;1685;1607;1604;1581;1573;1559;1531;1519;1520;
