"Kod";"Nazwa";"rok;budynki niemieszkalne ogółem (PKOB od 1211 do 1274);ogółem;powierzchnia użytkowa;2005;[m2]";"rok;budynki niemieszkalne ogółem (PKOB od 1211 do 1274);ogółem;powierzchnia użytkowa;2006;[m2]";"rok;budynki niemieszkalne ogółem (PKOB od 1211 do 1274);ogółem;powierzchnia użytkowa;2007;[m2]";"rok;budynki niemieszkalne ogółem (PKOB od 1211 do 1274);ogółem;powierzchnia użytkowa;2008;[m2]";"rok;budynki niemieszkalne ogółem (PKOB od 1211 do 1274);ogółem;powierzchnia użytkowa;2009;[m2]";"rok;budynki niemieszkalne ogółem (PKOB od 1211 do 1274);ogółem;powierzchnia użytkowa;2010;[m2]";"rok;budynki niemieszkalne ogółem (PKOB od 1211 do 1274);ogółem;powierzchnia użytkowa;2011;[m2]";"rok;budynki niemieszkalne ogółem (PKOB od 1211 do 1274);ogółem;powierzchnia użytkowa;2012;[m2]";"rok;budynki niemieszkalne ogółem (PKOB od 1211 do 1274);ogółem;powierzchnia użytkowa;2013;[m2]";"rok;budynki niemieszkalne ogółem (PKOB od 1211 do 1274);ogółem;powierzchnia użytkowa;2014;[m2]";"rok;budynki niemieszkalne ogółem (PKOB od 1211 do 1274);ogółem;powierzchnia użytkowa;2015;[m2]";"rok;budynki niemieszkalne ogółem (PKOB od 1211 do 1274);ogółem;powierzchnia użytkowa;2016;[m2]";"rok;budynki niemieszkalne ogółem (PKOB od 1211 do 1274);ogółem;powierzchnia użytkowa;2017;[m2]";"rok;budynki niemieszkalne ogółem (PKOB od 1211 do 1274);ogółem;powierzchnia użytkowa;2018;[m2]";"rok;budynki niemieszkalne ogółem (PKOB od 1211 do 1274);ogółem;powierzchnia użytkowa;2019;[m2]";
0201000;"Powiat bolesławiecki";36634;105962;25212;34100;41810;50317;54503;34040;21520;28742;27428;61957;96353;76282;;
0202000;"Powiat dzierżoniowski";11975;11684;28829;30001;7519;13651;25737;24256;22804;18783;20665;10033;12599;16333;;
0203000;"Powiat głogowski";13573;10942;36489;21246;12894;14808;13331;10420;24127;20995;21004;39146;29646;16583;;
0204000;"Powiat górowski";6983;5723;6344;3433;1694;6588;3480;8742;6770;7707;7497;2362;12478;4577;;
0205000;"Powiat jaworski";22907;10232;8080;6747;6281;5144;11765;9350;8350;7233;5952;10824;5342;7579;;
0206000;"Powiat jeleniogórski";19753;1020;3729;26227;35426;14044;1134;5341;10203;18375;26752;19411;27582;32615;;
0207000;"Powiat kamiennogórski";3643;5228;11710;8034;6071;5197;9036;8191;8313;6618;8033;8749;17530;4641;;
0208000;"Powiat kłodzki";54593;24463;39096;43368;38025;41388;23962;24264;21673;39323;41212;15520;18990;34901;;
0209000;"Powiat legnicki";0;0;11844;10207;57450;16852;12806;52774;29284;19145;33967;10349;19274;71896;;
0210000;"Powiat lubański";3812;10140;5469;14680;6794;8654;2970;33444;11723;12304;27492;3708;13202;22850;;
0211000;"Powiat lubiński";7992;4253;6096;8275;8429;10468;10413;10245;5884;5096;10996;12290;18330;20095;;
0212000;"Powiat lwówecki";1928;3590;10125;4640;5522;9390;3920;6473;6857;4782;1598;4236;4543;1898;;
0213000;"Powiat milicki";6866;5883;10007;12525;8155;7374;10550;17434;13242;8208;12379;10463;9161;6140;;
0214000;"Powiat oleśnicki";18044;29389;9504;52979;19550;16512;6051;16763;19253;10811;48922;47701;63218;22214;;
0215000;"Powiat oławski";74953;51988;40013;27542;50050;24376;20367;41190;35115;20486;47528;43337;41565;53773;;
0216000;"Powiat polkowicki";32996;7250;21862;10184;7990;2699;40498;35598;30321;8688;38876;3084;10092;6200;;
0217000;"Powiat strzeliński";3798;664;16496;25990;14046;12868;10870;17851;13198;14084;26653;17081;11010;4921;;
0218000;"Powiat średzki";45786;9997;21764;19882;30193;11584;35060;24995;18722;70687;42207;20109;34836;68685;;
0219000;"Powiat świdnicki";51202;74764;81023;89218;80198;32996;28666;76810;44387;55603;40713;91064;34324;82723;;
0220000;"Powiat trzebnicki";15439;11077;36764;17638;10560;7658;15790;18355;26001;18528;37197;16669;13072;15429;;
0221000;"Powiat wałbrzyski";14901;13598;26363;24960;27584;88310;19390;46963;2338;5283;8214;3684;5270;2830;;
0222000;"Powiat wołowski";5845;8759;12020;15249;20311;9163;5520;9272;4244;4523;11940;16316;19191;3113;;
0223000;"Powiat wrocławski";64353;189046;189281;313205;167378;85403;89104;140004;161943;355199;277544;313576;248155;242217;;
0224000;"Powiat ząbkowicki";12412;2907;14347;5783;6357;6481;7141;23637;21963;12312;17124;5733;2342;11053;;
0225000;"Powiat zgorzelecki";9119;34607;797;507;541;946;1264;13078;916;633;2599;4087;9417;5611;;
0226000;"Powiat złotoryjski";4394;10732;11582;3127;1256;12147;8984;2932;5496;12362;25164;7733;25136;8255;;
0261000;"Powiat m.Jelenia Góra";12396;16924;20864;12096;24572;15474;36863;20398;15628;23302;107863;62366;14721;7924;;
0262000;"Powiat m.Legnica";60296;73570;50801;42031;36495;24202;33973;22403;11195;21523;21722;10242;2111;23211;;
0264000;"Powiat m.Wrocław";35779;62731;425091;258955;230404;92417;318040;432243;282887;300924;338753;296531;395253;295655;;
0265000;"Powiat m.Wałbrzych od 2013";;;;;;;;;21376;10133;8966;14179;14601;10476;;
0401000;"Powiat aleksandrowski";2486;14558;10676;7272;3755;8709;6316;16906;16209;11028;11573;17814;4235;21519;;
0402000;"Powiat brodnicki";45992;41785;74046;58183;30068;21829;22722;14864;29207;25173;34805;35182;33471;53314;;
0403000;"Powiat bydgoski";36553;93546;75301;64675;62249;32652;71588;43045;46332;52450;56647;52426;63886;52659;;
0404000;"Powiat chełmiński";7799;7869;16599;21947;9630;13943;19026;11713;10327;12483;29730;23967;12184;23807;;
0405000;"Powiat golubsko-dobrzyński";8913;15456;20616;37419;32514;13679;21400;14963;43041;23040;25309;17947;14410;14076;;
0406000;"Powiat grudziądzki";5520;13149;26966;16428;19499;18013;18851;13917;38270;18114;37168;25758;18486;21266;;
0407000;"Powiat inowrocławski";36386;39912;18307;27780;45002;40464;41759;27605;98912;41897;45278;17141;27732;36281;;
0408000;"Powiat lipnowski";14238;20343;47368;20561;28203;17540;12841;14334;21100;16619;42817;45490;17142;24799;;
0409000;"Powiat mogileński";8175;14945;13389;14658;4001;15149;2710;4144;5668;5877;2202;8039;21541;8224;;
0410000;"Powiat nakielski";14897;12329;30973;16677;15214;19758;19218;24082;28975;27554;26537;33101;22098;26497;;
0411000;"Powiat radziejowski";10188;28228;28050;18445;21898;23247;11763;19794;10187;17302;17621;9672;31261;20658;;
0412000;"Powiat rypiński";10739;30965;34759;21434;19954;14840;23832;16174;27218;19307;29282;13996;18608;16678;;
0413000;"Powiat sępoleński";6178;11604;46254;13824;10911;5900;14221;11600;33643;16182;18760;12973;27209;19866;;
0414000;"Powiat świecki";19061;29533;19776;16743;6536;16022;7658;6544;8958;8679;18241;5356;11178;9799;;
0415000;"Powiat toruński";34383;34629;118917;42963;29116;49670;29072;28240;20673;37721;20072;3488;3060;9581;;
0416000;"Powiat tucholski";10836;16493;11953;21394;7503;9868;19969;9483;14842;13801;19366;14509;12793;10988;;
0417000;"Powiat wąbrzeski";15263;20751;29022;21722;21845;13400;13876;16197;15676;9552;13961;7183;79030;9718;;
0418000;"Powiat włocławski";5253;24283;22563;40023;9321;12697;7904;10797;12448;15496;18225;14291;21627;23654;;
0419000;"Powiat żniński";20685;14549;18367;14291;27714;28145;39097;42797;13169;29017;22889;19837;35205;33397;;
0461000;"Powiat m.Bydgoszcz";18152;58192;37037;209206;66265;60866;84075;61360;125364;85517;297296;166807;210429;52159;;
0462000;"Powiat m.Grudziądz";11897;22277;28570;38688;15257;24543;15474;101822;37202;19705;16915;46334;20883;51523;;
0463000;"Powiat m.Toruń";144737;97751;86073;78949;86030;86373;153785;85053;55909;120638;75479;28163;61555;93927;;
0464000;"Powiat m.Włocławek";28989;36533;29377;49027;56994;20981;1434;24999;15087;44195;33244;16434;15959;14469;;
0601000;"Powiat bialski";24090;46198;134836;43644;44497;39992;49845;47659;48885;76946;66073;76156;82751;81696;;
0602000;"Powiat biłgorajski";17202;8647;39938;14127;31077;24007;18175;25823;9926;18202;17483;19859;13222;27760;;
0603000;"Powiat chełmski";8896;8214;11106;10390;12201;5204;5915;13410;10654;10705;17267;7177;19185;14057;;
0604000;"Powiat hrubieszowski";7570;7060;10826;2202;9799;17816;10660;12831;10768;15750;8028;6514;16954;21474;;
0605000;"Powiat janowski";3905;2108;6369;8390;1842;4329;4646;17029;4839;9257;17147;5842;8973;5560;;
0606000;"Powiat krasnostawski";13805;6471;12588;11610;11117;11675;17022;10346;22414;10308;14570;14351;18205;15413;;
0607000;"Powiat kraśnicki";12336;10123;8080;8387;6259;3412;14411;10927;20410;20789;28040;10623;15303;14112;;
0608000;"Powiat lubartowski";11899;9470;19504;12954;26208;21178;15068;29508;49764;19252;20309;34884;22114;21316;;
0609000;"Powiat lubelski";28435;49062;79663;31521;30872;45901;43607;146737;46847;41322;47806;23597;30396;34748;;
0610000;"Powiat łęczyński";4812;3260;9326;11601;6402;11677;9765;12377;16180;12763;5036;5449;10341;7048;;
0611000;"Powiat łukowski";16867;11922;19134;20902;21359;22443;22550;28121;17614;38342;46345;34084;28801;67648;;
0612000;"Powiat opolski";4296;9921;4466;14067;33229;14442;25383;41032;28712;49295;43993;26983;40079;40672;;
0613000;"Powiat parczewski";20040;10476;13618;10695;13713;11634;10729;15885;49551;16047;39215;22503;18657;13882;;
0614000;"Powiat puławski";14829;44740;15007;19716;54860;33514;53588;39456;23070;17897;34554;8952;12376;21200;;
0615000;"Powiat radzyński";11277;33257;22608;38326;19725;31919;24556;13846;32046;26470;10109;43318;28989;21444;;
0616000;"Powiat rycki";11708;5675;4389;41515;29155;18691;6971;15510;17776;19543;53560;6661;51907;14939;;
0617000;"Powiat świdnicki";14097;20856;17830;8119;11032;24173;25756;31255;12729;9321;16218;9744;17912;10106;;
0618000;"Powiat tomaszowski";15976;6485;11040;12623;1383;6107;10761;24955;12508;7328;13818;16815;6043;11379;;
0619000;"Powiat włodawski";3198;9022;8354;4767;2052;4087;12200;12520;7964;17906;14520;5526;8845;13844;;
0620000;"Powiat zamojski";13130;10542;36300;10588;13349;20211;20720;18414;13094;23046;12457;27957;3011;4938;;
0661000;"Powiat m.Biała Podlaska";19519;7367;19405;31051;13426;18580;10399;9902;26707;40581;22399;8310;17706;13629;;
0662000;"Powiat m.Chełm";7738;9501;11581;11050;29239;7409;6733;8193;10168;14807;14280;16498;15922;6869;;
0663000;"Powiat m.Lublin";103699;113953;101496;68037;126746;84405;119234;118896;95316;293748;258901;114098;277546;117649;;
0664000;"Powiat m.Zamość";10845;22522;16051;6161;10865;17073;48289;13053;8862;15649;16611;20798;22403;6683;;
0801000;"Powiat gorzowski";18987;48252;50545;88148;42016;184159;113730;43129;19040;37415;46372;67375;22062;54380;;
0802000;"Powiat krośnieński";14401;9549;16746;5763;9045;16272;9016;6968;4581;10390;18988;6670;10619;79667;;
0803000;"Powiat międzyrzecki";7845;10714;30204;9590;13302;18393;24243;21004;24567;16617;16649;24632;4445;8344;;
0804000;"Powiat nowosolski";37989;18991;47498;48831;56667;38484;39443;42436;23298;34712;57388;58420;73118;35100;;
0805000;"Powiat słubicki";17169;7232;15282;34823;17706;185447;6352;9933;9734;18729;33281;11859;26277;47378;;
0806000;"Powiat strzelecko-drezdenecki";25115;23467;9047;3718;7745;10004;7976;7137;4628;8667;8696;6330;10338;8104;;
0807000;"Powiat sulęciński";5634;3952;9601;3528;7974;12689;14105;14216;5162;7834;11444;37714;2640;59089;;
0808000;"Powiat świebodziński";87775;15498;39301;27412;20523;19348;34814;27506;15708;9275;19858;31055;12554;84850;;
0809000;"Powiat zielonogórski";14700;32125;50099;23623;47833;41135;18887;32667;49006;48795;31095;84312;27677;18910;;
0810000;"Powiat żagański";16658;18194;38952;20657;8718;21772;34571;17667;14707;24243;9372;17755;18730;19106;;
0811000;"Powiat żarski";18837;27317;37916;14454;61238;38087;19300;18191;22793;25879;28700;26546;29039;22991;;
0812000;"Powiat wschowski";29342;10569;11357;8022;20269;11789;9936;17680;12425;18245;39524;23261;3897;10909;;
0861000;"Powiat m.Gorzów Wielkopolski";21425;14479;50425;80173;49088;21626;104824;44115;41300;10364;55489;15092;49938;74563;;
0862000;"Powiat m.Zielona Góra";24348;35939;0;142118;24400;56033;37995;35439;20589;23096;34150;33546;88445;759;;
1001000;"Powiat bełchatowski";28496;29885;5238;5345;4331;4427;3463;5037;4923;4364;3957;7172;5042;4171;;
1002000;"Powiat kutnowski";63721;43592;44724;38751;66043;80456;43951;90066;56848;63389;122333;87340;48699;25687;;
1003000;"Powiat łaski";16592;9729;8361;20848;5920;14281;10549;15188;21144;26396;29277;8437;16548;10105;;
1004000;"Powiat łęczycki";14149;31061;24364;8674;17670;12328;15058;20469;9066;16622;19568;29509;24392;9353;;
1005000;"Powiat łowicki";17319;27178;20883;22049;22078;17226;25497;26674;25736;35659;24880;24821;15872;42038;;
1006000;"Powiat łódzki wschodni";1365;1917;10181;3908;3028;3223;27465;57486;28749;7503;7044;5431;5501;4313;;
1007000;"Powiat opoczyński";16972;18034;20132;29888;13536;21867;53478;31495;28110;25575;68767;26816;24445;31364;;
1008000;"Powiat pabianicki";25096;40684;34718;36468;57692;39491;34048;40719;48301;41194;51964;31674;20853;23462;;
1009000;"Powiat pajęczański";10347;8233;10945;14131;14563;11993;25593;19518;9279;7128;17935;11841;23368;18315;;
1010000;"Powiat piotrkowski";18926;74523;155719;39303;47832;43180;69688;34705;28558;73282;31964;54989;182269;42915;;
1011000;"Powiat poddębicki";4984;6518;10758;5423;38853;8606;25625;22665;23129;22609;9824;90312;33754;20093;;
1012000;"Powiat radomszczański";22577;63627;35286;113546;73859;61003;26311;77334;20816;51422;38634;82170;27451;59697;;
1013000;"Powiat rawski";4898;29150;79696;19292;48279;62553;30681;60914;25450;66494;29604;53821;24436;20425;;
1014000;"Powiat sieradzki";12746;1206;9264;17068;21947;31912;52027;63212;32882;86335;100511;69863;49515;76797;;
1015000;"Powiat skierniewicki";11424;8741;11033;9414;11830;8614;19637;15724;17274;15523;26734;15746;19465;16416;;
1016000;"Powiat tomaszowski";18364;41299;25236;68555;108043;23234;33395;58973;33524;54764;51921;64754;49130;34770;;
1017000;"Powiat wieluński";6544;24234;17533;32179;21212;15816;17643;33768;17246;20072;23363;16451;33351;43325;;
1018000;"Powiat wieruszowski";9983;18391;15096;8382;15354;14860;11518;12832;7113;16162;19474;13686;21298;20205;;
1019000;"Powiat zduńskowolski";5913;11571;40224;19819;24517;18583;25984;13827;26471;18715;19218;21596;10206;8957;;
1020000;"Powiat zgierski";75972;89472;96699;113708;167199;140555;77478;74114;60540;122809;70343;153240;198346;204174;;
1021000;"Powiat brzeziński";6210;14558;9726;9121;7911;14895;1875;8070;10952;4563;14209;13979;3111;7834;;
1061000;"Powiat m.Łódź";116348;127146;208863;227445;202628;124444;119954;199645;279992;248643;296797;292733;266527;360253;;
1062000;"Powiat m.Piotrków Trybunalski";60428;103307;58093;110306;123846;49160;28299;25602;15080;36456;16743;20991;12893;19592;;
1063000;"Powiat m.Skierniewice";11743;12371;9618;15450;12217;7924;8780;5741;5528;15580;10117;10025;18894;7910;;
1201000;"Powiat bocheński";24954;14551;44674;30040;32308;40162;37293;28225;29347;51812;49901;67898;15742;105328;;
1202000;"Powiat brzeski";14921;15172;49267;24506;18601;27709;16156;25645;11336;32227;42426;8464;21211;54946;;
1203000;"Powiat chrzanowski";22699;29035;16497;18284;18591;17744;19217;16491;17037;19603;48091;15395;13581;31920;;
1204000;"Powiat dąbrowski";2287;10184;9225;6483;7059;7160;12780;14559;15264;23227;13366;9967;6797;5993;;
1205000;"Powiat gorlicki";12808;14597;13549;14082;18359;17867;27641;21787;17419;23445;22830;16595;15766;15583;;
1206000;"Powiat krakowski";7070;52493;108455;81373;88535;75405;8020;76025;16811;129305;165799;139517;159165;80010;;
1207000;"Powiat limanowski";18150;17792;30756;35310;36236;26627;29930;31550;20834;39039;35215;48025;29903;30681;;
1208000;"Powiat miechowski";5282;2540;2835;5390;5902;12139;13399;13517;13367;10286;8395;3771;5762;13326;;
1209000;"Powiat myślenicki";32067;37056;35947;36022;39728;36884;42024;28693;32075;53012;52148;57919;40530;36529;;
1210000;"Powiat nowosądecki";15859;71253;84559;38248;17916;46485;32471;84175;39999;69762;25275;5803;22923;3677;;
1211000;"Powiat nowotarski";24492;24510;39695;20781;45434;39306;42411;44007;35600;55807;71102;52617;36183;67799;;
1212000;"Powiat olkuski";19420;18413;48931;29398;11783;31598;23307;20922;38130;36001;22476;32086;66074;28155;;
1213000;"Powiat oświęcimski";19293;23570;37631;40825;45767;33843;52821;40946;36229;40424;56653;73788;37994;90317;;
1214000;"Powiat proszowicki";0;9684;9613;13341;8610;14545;24270;14637;9298;8115;15034;14829;11418;12883;;
1215000;"Powiat suski";22382;13758;17144;14791;27286;22030;15859;17709;17153;17382;20719;23840;20112;23161;;
1216000;"Powiat tarnowski";30785;46322;32890;48155;23265;30557;66454;48484;38489;56320;40966;40288;34146;59736;;
1217000;"Powiat tatrzański";4083;18790;28299;19214;23158;18993;29531;16096;23011;32439;34505;19586;23244;41764;;
1218000;"Powiat wadowicki";22453;29937;31101;37970;42052;36337;27031;48514;47337;33599;35244;43120;31341;74492;;
1219000;"Powiat wielicki";24177;39174;47355;34988;34854;33424;52177;35461;52520;35112;60971;50191;103775;84764;;
1261000;"Powiat m.Kraków";163993;163010;186267;176537;437845;252929;235475;259346;369972;459887;250979;274854;293491;273825;;
1262000;"Powiat m.Nowy Sącz";17622;25415;45126;33247;50250;20215;61876;54562;114422;28279;18727;22792;55044;34289;;
1263000;"Powiat m.Tarnów";30507;35356;31548;45001;49132;126619;41180;40743;37121;13719;49317;50838;31841;41155;;
1401000;"Powiat białobrzeski";6117;17623;9992;12833;9806;12599;8741;13349;14397;14849;22656;11017;41261;14173;;
1402000;"Powiat ciechanowski";10707;29941;49057;51705;35608;45332;33341;37147;74210;56260;26831;78812;48249;43955;;
1403000;"Powiat garwoliński";15733;33517;43121;78530;29393;47430;62474;50041;42053;33414;35391;35319;45991;67690;;
1404000;"Powiat gostyniński";14725;14187;15343;22216;19463;11277;15430;21248;16306;21982;27762;18994;19749;11452;;
1405000;"Powiat grodziski";44411;41124;30371;29246;76082;10901;20842;20955;24647;23065;23380;24723;120055;40419;;
1406000;"Powiat grójecki";61461;23371;28861;22560;48490;20638;31990;47162;50849;147239;44173;80857;60510;52303;;
1407000;"Powiat kozienicki";10539;9446;15968;10892;10488;11834;15656;15360;20489;9541;12503;4659;10562;17738;;
1408000;"Powiat legionowski";10686;36870;23122;28521;29589;33171;14205;73223;26931;12322;34521;26223;15848;15841;;
1409000;"Powiat lipski";6939;6617;8362;9018;6797;12691;24582;4914;9400;11887;8231;13954;5496;2933;;
1410000;"Powiat łosicki";2863;15773;15891;24742;19615;15667;20337;28108;19686;37022;41905;84571;61122;31473;;
1411000;"Powiat makowski";18257;17236;24732;14283;16567;11213;15236;28210;26919;20024;10276;8660;14687;14090;;
1412000;"Powiat miński";28752;30071;33209;79782;19715;22611;37961;59344;31093;33436;39617;40489;31628;97551;;
1413000;"Powiat mławski";64372;125213;132693;122016;68596;83927;89441;149083;151860;131590;105648;118425;153633;158401;;
1414000;"Powiat nowodworski";8922;27763;48466;41625;57754;64842;47232;64763;20103;37890;30176;108975;61313;47636;;
1415000;"Powiat ostrołęcki";18820;32784;38129;33493;48328;25126;38094;29007;43668;39535;37979;32243;48988;43043;;
1416000;"Powiat ostrowski";24740;14530;27682;42752;16359;15189;21412;20440;13421;31772;47179;20484;27701;47532;;
1417000;"Powiat otwocki";23617;78858;58075;53817;164914;94605;54277;56507;228835;143549;90920;75461;23946;32728;;
1418000;"Powiat piaseczyński";111387;105976;95400;218955;95561;101470;135601;65809;98254;98624;86357;112837;57898;63374;;
1419000;"Powiat płocki";27117;22778;36542;10113;13476;18458;32425;36660;29671;37820;39640;38659;34240;24173;;
1420000;"Powiat płoński";16078;31378;28223;35016;33921;19674;22530;39654;25924;33531;48455;27884;45815;35323;;
1421000;"Powiat pruszkowski";95643;125354;97256;99891;167491;69177;47779;70618;86008;120619;49052;135455;142284;169526;;
1422000;"Powiat przasnyski";14417;13268;19474;30112;22445;16768;25256;22319;27685;21917;34185;14591;17539;27309;;
1423000;"Powiat przysuski";3027;4453;1599;4119;5705;8172;8308;11995;21450;12416;8471;8986;12581;28497;;
1424000;"Powiat pułtuski";10635;20523;24065;16091;9887;26417;13527;16719;14422;9231;17324;10077;19248;15722;;
1425000;"Powiat radomski";16351;19750;10824;12755;9851;6101;5843;25978;9874;16994;9518;12570;8372;18280;;
1426000;"Powiat siedlecki";15770;28731;64296;29396;11578;19620;32683;82944;28822;70019;106941;60396;145288;57884;;
1427000;"Powiat sierpecki";21619;13320;27917;23039;11836;10775;25975;21675;20945;28671;62662;41314;100327;35497;;
1428000;"Powiat sochaczewski";61604;16276;131340;43857;22114;30233;30807;24539;33444;31474;39759;14230;21780;23609;;
1429000;"Powiat sokołowski";13489;32671;19595;29884;15395;19681;27094;51754;20160;35831;32555;74940;54647;36871;;
1430000;"Powiat szydłowiecki";3703;1790;12699;1476;5938;6104;10083;6588;5430;8511;5239;7698;4448;9001;;
1432000;"Powiat warszawski zachodni";95674;128199;71285;244842;312190;133480;107870;137494;84001;79984;122265;190052;235929;201534;;
1433000;"Powiat węgrowski";36461;10538;18452;18107;12718;19029;16534;16069;36775;42045;50809;26448;34243;22881;;
1434000;"Powiat wołomiński";85058;59499;39142;67313;47072;47866;53396;67979;42252;93815;71877;62791;65974;76777;;
1435000;"Powiat wyszkowski";2273;7676;10623;16483;18301;28334;22181;17359;14501;17937;24729;14022;29418;22639;;
1436000;"Powiat zwoleński";4911;9553;5177;5626;7499;8844;12307;6985;11670;19976;16263;11253;9690;9212;;
1437000;"Powiat żuromiński";11733;17238;67362;38368;25976;48762;111598;47750;76507;151917;114510;116825;136410;126016;;
1438000;"Powiat żyrardowski";37537;30781;61021;59048;31532;34044;31904;12274;19180;8773;73208;17549;40805;17680;;
1461000;"Powiat m.Ostrołęka";17202;12413;19628;17092;49015;15417;25489;23871;64680;49716;18147;10435;11366;13856;;
1462000;"Powiat m.Płock";17493;11423;32327;67336;29145;122150;13366;31822;52515;53430;62629;10401;26476;16012;;
1463000;"Powiat m.Radom";29157;39809;48604;56181;48549;59773;141753;88830;65807;73390;69540;102665;39464;78377;;
1464000;"Powiat m.Siedlce";21229;10301;13383;19186;64950;36042;31553;29904;32510;81673;23781;26507;13482;22777;;
1465000;"Powiat m. st. Warszawa";307921;401834;694049;588130;480885;406620;590541;457428;442367;626777;649828;878054;564905;526700;;
1601000;"Powiat brzeski";4696;11498;14510;28958;37321;11371;6796;31203;26335;32929;43863;7204;42769;22529;;
1602000;"Powiat głubczycki";1614;22439;28501;5928;4115;2885;13923;16094;8322;12742;15230;5678;7282;46122;;
1603000;"Powiat kędzierzyńsko-kozielski";34954;4728;22039;22618;20423;10863;22758;82519;17488;17832;10162;14516;28494;16099;;
1604000;"Powiat kluczborski";8250;14109;5706;13681;9929;92075;6331;11357;10617;14515;5699;14635;19748;8478;;
1605000;"Powiat krapkowicki";18464;10525;18930;12387;36686;23926;15509;63520;24593;18735;19200;25518;49408;55365;;
1606000;"Powiat namysłowski";1873;9800;32947;16777;1807;3052;6591;11742;11846;5176;19387;8314;4762;6922;;
1607000;"Powiat nyski";17191;6739;17426;19942;21259;24596;32238;27132;30784;16259;13743;18814;10171;24080;;
1608000;"Powiat oleski";5535;9424;28394;40673;26198;21991;26690;26398;22640;24684;17799;34366;16736;39409;;
1609000;"Powiat opolski";17593;30918;34749;33862;53697;49708;54487;48951;47003;30780;39367;41002;82684;55174;;
1610000;"Powiat prudnicki";8975;20042;11688;7480;6856;12292;6248;2132;11983;14547;13713;12133;5437;11581;;
1611000;"Powiat strzelecki";5683;2153;12811;6819;55479;2818;12811;29734;10074;24508;54243;26484;72112;11554;;
1661000;"Powiat m.Opole";17991;39167;33527;86396;85964;28018;40222;36155;63413;107813;31441;53027;92860;59157;;
1801000;"Powiat bieszczadzki";4078;2938;4230;6978;4802;3991;5625;2018;5130;10647;4857;2516;2448;2483;;
1802000;"Powiat brzozowski";3832;5162;7783;6651;3699;12661;11193;12089;2034;4146;16595;7282;4202;5702;;
1803000;"Powiat dębicki";25548;50734;18603;72006;30032;36663;34662;25968;35835;61565;67630;37560;88883;47803;;
1804000;"Powiat jarosławski";20081;17319;20885;18464;17712;16347;64387;27176;32083;53845;27667;41352;20588;37261;;
1805000;"Powiat jasielski";8964;13961;23719;22913;11504;9045;12413;5387;10333;28858;7893;11146;8030;19278;;
1806000;"Powiat kolbuszowski";11171;8318;4385;13051;9638;15906;10362;14791;9806;17179;13103;19068;20037;21553;;
1807000;"Powiat krośnieński";9538;13395;9375;14946;12580;22946;15489;15136;9442;18956;23101;12299;14229;3196;;
1808000;"Powiat leżajski";5335;10809;4972;16602;13677;13132;10469;13150;12909;10342;14683;6822;8699;17929;;
1809000;"Powiat lubaczowski";10187;10055;9675;7745;4925;10193;12922;5676;26493;10530;22463;6801;24452;9898;;
1810000;"Powiat łańcucki";19457;17260;20679;35896;7974;16418;21217;32560;25051;12397;33858;30605;8210;18778;;
1811000;"Powiat mielecki";110373;30322;34498;81090;60669;3574;1648;4161;1919;8404;13169;97113;65209;82479;;
1812000;"Powiat niżański";6730;16325;16821;11115;8944;19351;17687;16811;9189;10595;10988;8977;15807;20145;;
1813000;"Powiat przemyski";3031;14026;15267;11064;7846;4727;10057;7313;8703;4809;14401;8519;7167;14030;;
1814000;"Powiat przeworski";12668;8011;14159;14852;9532;9901;11522;16240;15591;19154;19115;8070;12047;20738;;
1815000;"Powiat ropczycko-sędziszowski";9843;16094;14102;19390;18791;9729;21479;16699;21372;31190;14021;26449;18480;18796;;
1816000;"Powiat rzeszowski";48522;64603;32945;60573;59183;73982;100794;98432;52923;91453;111632;74796;103830;53080;;
1817000;"Powiat sanocki";17145;18973;11722;18050;28171;16521;21935;18562;26900;19961;35581;18294;14215;25028;;
1818000;"Powiat stalowowolski";19981;32606;20329;47691;20274;33610;34351;41828;30356;14637;65836;61872;37711;60824;;
1819000;"Powiat strzyżowski";10739;11684;5482;10877;6106;3852;5183;4694;5340;8910;5512;8562;7279;3671;;
1820000;"Powiat tarnobrzeski";5807;5575;7867;10481;19289;7594;16859;78977;8756;13134;47225;4314;26896;7383;;
1821000;"Powiat leski";6334;12726;7256;7778;5820;7998;9557;12297;20379;17308;12260;4416;9281;5071;;
1861000;"Powiat m.Krosno";13352;12993;17226;14669;12777;10801;12137;34790;13033;26032;13020;39078;38104;15609;;
1862000;"Powiat m.Przemyśl";5170;1814;8485;8432;26184;66802;8235;18681;10724;6253;7306;14244;10628;12233;;
1863000;"Powiat m.Rzeszów";87308;47786;37382;40943;52820;127326;150382;211047;72068;76715;59076;55551;56192;78046;;
1864000;"Powiat m.Tarnobrzeg";8745;8998;7690;14310;11209;3202;17334;12175;18947;11642;5081;19632;26139;10993;;
2001000;"Powiat augustowski";22653;19265;33474;18827;20382;18768;11985;26294;24917;31259;22252;22190;23517;21990;;
2002000;"Powiat białostocki";25327;26965;32924;29688;39560;36204;34395;46695;41069;39448;36791;37586;81240;42920;;
2003000;"Powiat bielski";14722;20977;21545;20583;31340;10353;22385;167264;48324;23661;14858;19272;30658;38134;;
2004000;"Powiat grajewski";15044;15406;13628;7908;10918;18903;7983;17602;16166;18204;23131;19263;21276;16588;;
2005000;"Powiat hajnowski";24799;29695;22377;48309;18968;31027;8960;8157;13088;26144;29532;10507;7075;21047;;
2006000;"Powiat kolneński";18950;17950;23188;23759;19440;18758;25409;23996;34656;29783;33375;16805;41914;27500;;
2007000;"Powiat łomżyński";28536;22024;34267;32410;21054;34966;28029;31782;28052;31471;30760;27817;38666;37954;;
2008000;"Powiat moniecki";14786;15486;20425;13641;6693;23280;16635;13042;23690;47302;34184;23690;21424;36369;;
2009000;"Powiat sejneński";4251;12239;12397;6974;5519;9823;17475;7254;5495;15500;8245;6901;9846;12140;;
2010000;"Powiat siemiatycki";7427;9040;16198;8746;16117;20420;27794;15825;31320;20226;23579;14486;9004;28840;;
2011000;"Powiat sokólski";27338;28967;30531;19925;27970;20490;32185;32224;27860;49919;55215;58255;70275;57728;;
2012000;"Powiat suwalski";10774;20586;24864;14868;11083;14967;14804;18183;18135;21545;10822;20104;13214;22791;;
2013000;"Powiat wysokomazowiecki";19978;25267;27525;34800;27941;37205;25983;20030;25484;32216;44511;43564;74953;67741;;
2014000;"Powiat zambrowski";6163;14880;21959;11277;26115;41302;23704;48043;24508;38013;36614;31535;27269;28422;;
2061000;"Powiat m.Białystok";62677;54723;187147;147788;47034;64433;70848;121450;74141;177718;165389;78923;79928;90066;;
2062000;"Powiat m.Łomża";16655;16318;11158;25536;12050;10398;22325;17106;45118;21869;18629;26908;8907;15480;;
2063000;"Powiat m.Suwałki";8259;21834;763385;25249;26313;46328;33492;22432;37958;16054;40098;59832;45169;53141;;
2201000;"Powiat bytowski";6528;8568;3778;3967;9052;10835;3983;6560;11993;4196;11563;4337;8343;15630;;
2202000;"Powiat chojnicki";35899;27447;28843;31826;15719;37022;39904;41608;52630;19366;18773;29196;35329;30334;;
2203000;"Powiat człuchowski";12334;17160;39454;14907;7708;9317;13738;21151;17719;18880;83624;22558;18325;10492;;
2204000;"Powiat gdański";39643;46380;134287;70155;52532;44298;38805;83421;49801;91353;64441;88606;84205;68363;;
2205000;"Powiat kartuski";40183;51162;50166;46369;44205;67649;58840;61243;54100;44919;63614;50937;64152;73948;;
2206000;"Powiat kościerski";16745;19695;24970;27587;26172;25621;13905;14206;26986;29114;25146;20904;21736;16941;;
2207000;"Powiat kwidzyński";21097;17891;12103;12156;11601;13622;4839;13074;15919;9170;21568;7814;8879;18224;;
2208000;"Powiat lęborski";9810;18014;17763;15173;33395;10966;14212;11260;4897;12020;15258;11546;7567;22677;;
2209000;"Powiat malborski";4454;13663;14467;13064;8200;15160;16740;10929;11772;13084;29261;19025;10452;7151;;
2210000;"Powiat nowodworski";12930;8630;2692;1992;792;8886;16294;14314;12788;16753;7417;7482;10695;17168;;
2211000;"Powiat pucki";20224;27092;16508;17008;20099;21935;15136;10628;23797;39268;22970;15919;32921;15716;;
2212000;"Powiat słupski";23033;58952;9152;37377;36816;16036;36337;42558;51917;54607;47579;46570;32081;57128;;
2213000;"Powiat starogardzki";38612;20893;25724;46817;16197;25778;23178;19519;53571;26999;108152;37687;41167;28795;;
2214000;"Powiat tczewski";0;64308;80564;40758;1206;5012;12407;27981;65107;47968;42563;55029;27323;59659;;
2215000;"Powiat wejherowski";68014;63430;38784;43525;87970;50658;79766;42757;41666;28189;38244;53697;66880;47321;;
2216000;"Powiat sztumski";4019;6308;10813;10323;3959;6880;11436;6120;18276;11884;10120;23742;4088;9022;;
2261000;"Powiat m.Gdańsk";114690;74274;166044;183392;66836;116049;249567;258516;218352;134800;296840;223645;271631;507398;;
2262000;"Powiat m.Gdynia";21105;48147;43595;43616;114958;37500;8950;36829;194849;108752;60332;64679;49996;24513;;
2263000;"Powiat m.Słupsk";10828;17939;35733;88181;21351;35314;61585;40376;17638;22519;15822;34629;8852;20422;;
2264000;"Powiat m.Sopot";15975;9824;18965;26526;21890;51818;4979;15811;26015;4290;4153;3860;3175;6382;;
2401000;"Powiat będziński";75192;33057;9189;86597;24946;20042;14236;20089;25378;18793;16974;18922;63777;40972;;
2402000;"Powiat bielski";26711;27804;37612;52239;23808;21590;32326;30709;28509;27846;35690;31267;64495;25785;;
2403000;"Powiat cieszyński";92667;16444;28006;35073;14492;34239;38891;27512;43329;19958;23453;54264;45524;49461;;
2404000;"Powiat częstochowski";20627;28073;40698;46802;31456;41939;45286;56338;36369;46278;32344;50856;40187;40529;;
2405000;"Powiat gliwicki";12210;95012;24542;17929;52000;24163;19146;118571;18160;48175;32509;21238;59919;25197;;
2406000;"Powiat kłobucki";12116;9672;7979;19254;23345;21800;17038;2680;9093;10048;5788;6529;10929;14705;;
2407000;"Powiat lubliniecki";23140;18214;34305;32301;18982;26310;24620;22517;24216;30769;31757;24831;27036;58913;;
2408000;"Powiat mikołowski";19834;14905;13482;17338;41969;31891;20785;31844;24041;22288;18777;15046;16056;10938;;
2409000;"Powiat myszkowski";21792;12178;17334;23487;14057;15788;38662;17022;12461;13600;14028;8915;28956;25912;;
2410000;"Powiat pszczyński";9889;23321;22222;12956;29836;15272;14465;12942;46864;32124;7741;25529;26187;21157;;
2411000;"Powiat raciborski";4900;13539;29216;29523;26736;12577;18412;21282;21723;1626;10574;11807;19342;29077;;
2412000;"Powiat rybnicki";16448;20112;22040;14274;14684;14417;15182;12376;11775;12262;23639;7107;9858;11206;;
2413000;"Powiat tarnogórski";15101;48260;41590;37821;43259;32591;29501;36210;19076;45712;27496;50551;30971;82439;;
2414000;"Powiat bieruńsko-lędziński";5291;16333;2378;19810;9249;14562;12003;8727;9552;36217;16890;8211;29445;14364;;
2415000;"Powiat wodzisławski";26063;33425;34643;25856;19411;26157;25622;39279;32088;31850;36382;30901;19284;19626;;
2416000;"Powiat zawierciański";23953;21943;13877;24031;24599;20030;21081;53948;22151;30367;23493;8667;20108;27490;;
2417000;"Powiat żywiecki";35929;1799;1662;31152;1362;2624;2878;1670;2377;1644;2171;2390;1888;2206;;
2461000;"Powiat m.Bielsko-Biała";57242;98961;77802;89535;56753;53162;51167;35047;48421;50345;90232;42339;22136;51010;;
2462000;"Powiat m.Bytom";5784;14660;17329;5474;3597;80936;9130;9949;14160;20816;14424;18685;12567;26329;;
2463000;"Powiat m.Chorzów";36219;88754;13161;47102;102401;15565;31342;26073;24936;16858;15285;41755;42254;17479;;
2464000;"Powiat m.Częstochowa";62003;47231;61781;65834;195282;59309;77274;100917;75904;69242;45681;68710;85775;70861;;
2465000;"Powiat m.Dąbrowa Górnicza";14301;107333;53249;68769;12753;47693;17686;12841;34627;29359;17159;29148;59745;108712;;
2466000;"Powiat m.Gliwice";76388;178280;154095;150352;73838;106735;102639;101557;173613;103344;91814;170639;149215;189506;;
2467000;"Powiat m.Jastrzębie-Zdrój";17322;18226;12519;30780;42717;35806;30839;10942;12162;9404;13503;9034;11468;7503;;
2468000;"Powiat m.Jaworzno";5331;6262;747;3660;30601;28504;37164;13117;9042;29025;96707;13799;11867;23211;;
2469000;"Powiat m.Katowice";147571;13001;70044;91898;83982;136757;69596;95939;254680;129741;156265;83315;91528;192870;;
2470000;"Powiat m.Mysłowice";15251;5731;5750;13120;70170;20179;9569;37665;10257;10399;10146;19243;12886;1443;;
2471000;"Powiat m.Piekary Śląskie";2549;5316;11385;13095;5378;9417;4209;9946;9759;24172;6284;1314;9439;13059;;
2472000;"Powiat m.Ruda Śląska";7054;19823;18460;35753;19173;12852;14623;57095;16634;39323;24256;14104;45976;15689;;
2473000;"Powiat m.Rybnik";41614;41066;89498;25976;41492;22502;23349;25333;26566;34436;38081;17223;12257;20236;;
2474000;"Powiat m.Siemianowice Śląskie";15719;22887;60142;20132;29963;5858;5065;9343;8425;13905;14447;23879;19431;59552;;
2475000;"Powiat m.Sosnowiec";58424;62575;24316;85189;72896;46376;19753;13611;35228;106904;109767;101859;241116;226726;;
2476000;"Powiat m.Świętochłowice";5522;1871;19079;9930;1378;14865;0;3021;4758;6549;9752;6708;24729;4036;;
2477000;"Powiat m.Tychy";60905;77783;81619;155661;86722;56372;46383;53643;54982;55361;82710;87411;98773;135106;;
2478000;"Powiat m.Zabrze";11167;1718;58107;42035;23180;24080;51136;22107;50611;24454;40016;84292;46775;83795;;
2479000;"Powiat m.Żory";21016;23132;54537;27951;22450;26223;12741;32562;28799;33055;27578;51503;26042;48274;;
2601000;"Powiat buski";15425;10898;10879;17919;17091;13571;16015;23133;24801;27234;32254;7868;13064;13342;;
2602000;"Powiat jędrzejowski";11889;21406;13217;15607;5316;26852;6798;21062;54842;36519;34277;34209;29019;31857;;
2603000;"Powiat kazimierski";3820;4954;3614;4274;2576;7368;9766;6678;11445;6522;5549;4260;5006;7439;;
2604000;"Powiat kielecki";31783;25833;17681;30361;12660;36802;4081;34811;61448;51775;44713;88418;35979;48291;;
2605000;"Powiat konecki";27732;35973;25202;28097;18348;38756;45019;24902;19122;12078;28069;23783;18782;36508;;
2606000;"Powiat opatowski";12307;9239;6779;8648;10599;19357;11246;14074;14500;16118;17872;11193;6832;13517;;
2607000;"Powiat ostrowiecki";8099;15498;25830;57491;10204;14587;32849;12822;22618;18074;20982;14390;28377;22287;;
2608000;"Powiat pińczowski";12661;17847;9875;7903;8420;20500;10073;12923;11025;16340;14492;6364;16216;15322;;
2609000;"Powiat sandomierski";5659;2774;4583;5088;3570;15126;21336;26410;34310;46412;26587;31743;14105;19307;;
2610000;"Powiat skarżyski";3671;6550;8738;19116;10538;11355;24855;2940;14057;5633;12064;4760;7658;6902;;
2611000;"Powiat starachowicki";29751;6635;19949;34191;10431;24122;13342;25590;10015;46623;33269;17344;18605;45530;;
2612000;"Powiat staszowski";8958;14604;15411;22597;26828;12689;18184;28697;13224;16968;21638;22920;27293;38000;;
2613000;"Powiat włoszczowski";11609;19406;26885;21457;24953;15017;13801;15032;19228;16228;18067;24347;32760;20809;;
2661000;"Powiat m.Kielce";42225;82449;60328;74580;98164;62146;181537;67960;39986;73294;55750;34707;24745;75937;;
2801000;"Powiat bartoszycki";8106;15427;20011;5470;6187;8536;7042;21932;12290;16121;13102;18366;6251;6135;;
2802000;"Powiat braniewski";9746;5009;9560;14430;6808;9820;18657;7614;18197;18319;5080;11843;5410;9614;;
2803000;"Powiat działdowski";27655;23876;24370;26424;19404;24812;27572;23014;27410;31951;34489;71677;31190;21618;;
2804000;"Powiat elbląski";20161;11172;18817;61358;17737;22796;18884;42437;35870;18657;30620;31984;29503;27729;;
2805000;"Powiat ełcki";24373;16998;22965;17873;27080;15514;17448;35340;15506;29740;19190;31606;10727;33883;;
2806000;"Powiat giżycki";17784;16409;17337;400;4088;8017;7285;6312;8459;4988;6605;5299;2159;3865;;
2807000;"Powiat iławski";20320;30419;47916;65296;32499;22692;27706;39762;60451;24835;41298;41134;48901;91057;;
2808000;"Powiat kętrzyński";11224;5609;8149;11792;17780;14009;6489;6785;20520;14683;13354;10615;5148;11384;;
2809000;"Powiat lidzbarski";13655;3836;5302;9715;4448;7872;7676;7499;7578;6859;22039;13986;21292;8992;;
2810000;"Powiat mrągowski";16685;13087;20443;23626;22944;12510;12919;24330;34624;20146;40260;18007;14490;14752;;
2811000;"Powiat nidzicki";11070;9410;8804;9496;6636;20048;10559;19739;11193;13996;20528;19438;28500;19921;;
2812000;"Powiat nowomiejski";16991;24558;43543;30042;27895;27982;19947;23935;28755;27345;35032;29392;45948;31876;;
2813000;"Powiat olecki";7758;24978;35660;17365;11298;30878;15853;24760;18579;21043;14276;12863;11027;34889;;
2814000;"Powiat olsztyński";17393;27314;37631;26058;18828;24823;54428;27522;26934;23294;30161;33124;84947;150643;;
2815000;"Powiat ostródzki";34029;47584;22441;27982;30280;34169;31062;52715;45711;21399;68281;47694;28832;32885;;
2816000;"Powiat piski";15302;19633;22594;17541;18647;17739;19366;22227;11645;11986;26876;22624;11256;48645;;
2817000;"Powiat szczycieński";25861;30111;29802;78169;12465;31580;29631;24529;30859;27413;40428;31204;25824;21399;;
2818000;"Powiat gołdapski";8020;23718;9875;13375;5998;16557;6876;12654;6174;5763;9499;13135;16953;3973;;
2819000;"Powiat węgorzewski";4490;6232;4469;2991;6268;4855;3211;16326;465;1709;8631;4219;4356;7896;;
2861000;"Powiat m.Elbląg";38200;34826;9368;1888;20508;12203;38293;53417;9124;13436;115462;16119;24446;17205;;
2862000;"Powiat m.Olsztyn";117245;22157;50852;26887;22762;19615;33544;52067;26167;142046;79517;13533;26764;30438;;
3001000;"Powiat chodzieski";14956;10573;26208;28564;23807;14604;20720;51185;12569;32895;19917;62173;40102;40114;;
3002000;"Powiat czarnkowsko-trzcianecki";30513;41391;42301;38595;11408;34982;69363;31531;23726;50207;39572;39197;23022;24260;;
3003000;"Powiat gnieźnieński";45211;37455;43846;68362;51749;29431;31233;44978;15749;26170;58259;58801;57140;76772;;
3004000;"Powiat gostyński";37865;23366;32578;29361;9537;26997;44412;55375;48704;66665;58938;33858;93382;65412;;
3005000;"Powiat grodziski";27057;37288;42550;33568;22346;17424;47495;17405;42654;44947;42515;42622;33730;32230;;
3006000;"Powiat jarociński";19349;24553;40811;27942;23999;22278;24585;22381;29003;41936;44290;25925;25872;27125;;
3007000;"Powiat kaliski";74500;95545;172636;251272;219479;77740;215346;141873;32904;251737;280099;104059;125522;219431;;
3008000;"Powiat kępiński";43851;48066;32605;58471;42293;35712;65017;42582;75353;83053;91391;102351;100812;69051;;
3009000;"Powiat kolski";26114;27883;66539;24872;35301;10033;23938;19609;19576;27371;32734;15621;31756;23828;;
3010000;"Powiat koniński";28330;36545;52964;84833;45188;55873;38172;41599;9112;92818;42186;30784;122835;73490;;
3011000;"Powiat kościański";25089;40123;42379;24024;17711;9650;27125;50099;15335;27244;33891;22045;27409;45316;;
3012000;"Powiat krotoszyński";19922;36705;48405;62588;25281;30500;34030;45726;44298;46658;55486;38279;60945;24765;;
3013000;"Powiat leszczyński";4901;8010;26355;20719;17847;22929;24187;39842;18380;20786;29498;33541;90362;59630;;
3014000;"Powiat międzychodzki";14025;10440;9947;7826;3913;6169;12605;9132;11318;8303;22503;58819;12396;24843;;
3015000;"Powiat nowotomyski";21709;33435;11313;25426;7528;27268;38316;12309;16760;10165;25202;57761;57427;37768;;
3016000;"Powiat obornicki";15752;19591;25037;38919;44820;14013;33215;25378;14663;25019;34346;30539;40796;37839;;
3017000;"Powiat ostrowski";49919;58192;95007;75436;89334;69291;94981;86930;62169;91714;18575;108188;67978;145911;;
3018000;"Powiat ostrzeszowski";11411;26283;26615;39726;20523;34540;22988;37905;22559;42295;37476;43866;30112;36829;;
3019000;"Powiat pilski";32412;42314;51719;74532;36142;26961;44613;52186;34084;32168;84584;41554;68462;37500;;
3020000;"Powiat pleszewski";25052;51533;54439;49725;37977;110144;42611;78765;34541;48072;98763;50517;109610;57594;;
3021000;"Powiat poznański";292640;412047;529840;495301;400555;249541;196554;284878;189001;459980;461717;307365;635528;448493;;
3022000;"Powiat rawicki";25523;31068;30917;22571;19677;23984;17169;29351;14245;67775;41485;32184;42181;34301;;
3023000;"Powiat słupecki";22604;25532;16045;14449;21785;28339;24767;18101;18166;29240;42795;36195;27289;31053;;
3024000;"Powiat szamotulski";42786;48034;48737;35343;20251;39664;15272;4383;13041;3977;6631;9427;9358;7428;;
3025000;"Powiat średzki";51215;38202;31365;31578;19911;38873;27823;38994;39928;50705;42195;38857;24809;33305;;
3026000;"Powiat śremski";20604;38597;37405;59104;18148;38163;24229;36363;19506;29533;25808;9872;39289;33963;;
3027000;"Powiat turecki";13106;18428;13941;20989;5659;12165;15906;9758;23924;14474;13847;16422;5753;5583;;
3028000;"Powiat wągrowiecki";17935;18112;25638;20069;12123;15372;14095;25193;36692;23164;76252;25391;33270;29665;;
3029000;"Powiat wolsztyński";22029;48823;16963;19321;16120;26679;50722;71632;50321;58845;77237;44998;30635;28927;;
3030000;"Powiat wrzesiński";53215;36851;32506;52635;41467;75252;31130;59012;62897;37978;94570;482389;36612;63687;;
3031000;"Powiat złotowski";20801;15771;22460;21875;12458;16701;15824;32682;20538;60403;52589;58459;56755;59435;;
3061000;"Powiat m.Kalisz";62727;55883;52878;34513;46666;38578;69560;36693;22556;106234;23792;23280;37484;17857;;
3062000;"Powiat m.Konin";13279;22382;22162;17587;14421;9275;20553;13053;15677;12108;14402;23095;11355;15230;;
3063000;"Powiat m.Leszno";14660;13755;7557;34040;17341;16524;87489;27217;22162;12547;15889;44423;45952;28098;;
3064000;"Powiat m.Poznań";285513;86123;138286;223343;231598;87231;142293;151635;349079;211205;194309;344534;77182;118657;;
3201000;"Powiat białogardzki";4376;7842;22030;27368;16904;11812;7416;8047;2970;20172;12161;30912;13669;14142;;
3202000;"Powiat choszczeński";8659;9356;5988;8750;8359;7343;4842;4342;5189;14919;3497;7414;12308;6913;;
3203000;"Powiat drawski";8777;11022;8462;6270;7610;10721;10555;15173;18092;9771;9257;6871;11941;7865;;
3204000;"Powiat goleniowski";39810;45335;7989;35749;53652;19378;63872;23185;47883;53305;86567;54744;156828;95969;;
3205000;"Powiat gryficki";16906;17041;44197;30506;32980;28744;19001;17827;24990;50629;27596;27627;20494;17195;;
3206000;"Powiat gryfiński";10391;8868;5631;9279;16170;12577;15139;16912;9899;10270;11862;31812;96945;78391;;
3207000;"Powiat kamieński";27357;24426;10134;36301;18159;16751;1360;14021;18162;4841;25228;9495;10916;8218;;
3208000;"Powiat kołobrzeski";33172;13157;14760;78217;85922;50762;21714;33791;47186;73602;46575;41322;68032;26882;;
3209000;"Powiat koszaliński";21143;15434;10700;28449;23790;21484;21255;29866;22691;34622;22714;24166;32906;49154;;
3210000;"Powiat myśliborski";4225;2542;16777;11708;7318;11713;7511;11886;10931;14219;20287;13495;5980;5921;;
3211000;"Powiat policki";8129;27837;18064;49262;21657;14514;18809;37308;44976;32029;25169;17173;207408;21419;;
3212000;"Powiat pyrzycki";8892;10445;6715;1929;8391;10054;9084;10656;12634;10779;8917;2671;11509;9976;;
3213000;"Powiat sławieński";26381;20374;19167;29612;24210;16964;13820;22810;12726;16295;26326;15925;38300;19053;;
3214000;"Powiat stargardzki";34123;29508;28118;134312;52606;19341;21581;17373;56700;18391;20643;18317;48536;46977;;
3215000;"Powiat szczecinecki";23131;32988;17053;23245;44803;20631;21162;17108;21911;11845;52791;21890;22647;12184;;
3216000;"Powiat świdwiński";9367;9707;10028;11878;8097;4594;3529;5427;5224;12075;11120;4662;8901;14332;;
3217000;"Powiat wałecki";4180;11299;4107;21907;14435;14006;10501;17442;22914;11108;16452;7634;5404;15798;;
3218000;"Powiat łobeski";3006;27248;7581;7162;5665;5928;13925;7570;9302;4175;8799;13728;14948;5527;;
3261000;"Powiat m.Koszalin";17172;25246;11557;26860;46582;24427;25790;37244;25732;14689;40532;38722;19470;28150;;
3262000;"Powiat m.Szczecin";28060;52221;86064;54706;64579;66842;168682;95765;102948;147710;111009;111743;91239;167688;;
3263000;"Powiat m.Świnoujście";5627;10844;18341;37921;14895;28504;38755;15153;12205;12818;47923;22604;2773;30501;;
