"Kod";"Nazwa";"o nawierzchni twardej;2001;[km]";"o nawierzchni twardej;2002;[km]";"o nawierzchni twardej;2003;[km]";"o nawierzchni twardej;2004;[km]";"o nawierzchni twardej;2005;[km]";"o nawierzchni twardej;2006;[km]";"o nawierzchni twardej;2007;[km]";"o nawierzchni twardej;2008;[km]";"o nawierzchni twardej;2009;[km]";"o nawierzchni twardej;2010;[km]";"o nawierzchni twardej;2011;[km]";"o nawierzchni twardej;2012;[km]";"o nawierzchni twardej;2013;[km]";"o nawierzchni twardej;2014;[km]";"o nawierzchni twardej;2015;[km]";"o nawierzchni twardej;2016;[km]";"o nawierzchni twardej;2017;[km]";
0201000;"Powiat bolesławiecki";293,8;294,2;278,7;297,7;297,7;297,7;297,7;297,7;297,7;298,5;298,5;298,5;298,5;298,5;298,5;298,5;314,1;
0202000;"Powiat dzierżoniowski";210,3;213,0;213,0;213,0;213,0;213,0;213,0;213,0;200,0;200,0;200,2;200,2;200,2;200,2;200,2;200,5;200,2;
0203000;"Powiat głogowski";124,1;124,3;124,3;124,5;124,5;124,3;124,3;124,3;124,3;124,3;124,3;124,3;102,0;121,6;119,6;119,6;119,6;
0204000;"Powiat górowski";285,6;286,0;286,0;286,0;286,0;286,0;286,0;286,0;282,2;282,2;282,2;282,2;267,1;282,2;282,2;282,2;266,6;
0205000;"Powiat jaworski";304,6;305,0;305,0;305,0;305,0;305,0;305,0;306,0;305,0;305,0;305,0;304,0;304,0;304,0;304,0;300,4;300,4;
0206000;"Powiat jeleniogórski";264,2;264,5;264,5;264,5;264,5;264,5;264,5;264,5;264,5;264,5;264,5;257,3;257,3;257,3;240,9;240,9;240,9;
0207000;"Powiat kamiennogórski";215,3;216,5;216,5;216,5;218,5;218,5;198,1;198,1;198,1;198,1;198,1;198,1;198,1;198,1;198,1;202,6;202,6;
0208000;"Powiat kłodzki";709,1;701,8;701,7;699,4;699,4;699,4;696,9;696,9;696,3;696,3;696,3;696,3;696,3;696,3;696,3;696,3;696,3;
0209000;"Powiat legnicki";342,5;342,9;343,9;343,9;346,6;347,1;336,0;328,8;328,8;328,8;328,8;328,8;328,8;324,5;324,5;328,2;325,9;
0210000;"Powiat lubański";177,5;177,7;177,7;177,7;180,0;180,0;180,0;176,0;176,0;176,0;176,0;176,0;176,0;176,0;176,0;176,0;176,0;
0211000;"Powiat lubiński";237,7;239,1;218,4;218,6;218,5;223,9;223,9;224,7;224,5;232,3;232,3;232,3;232,3;232,3;229,6;229,6;226,9;
0212000;"Powiat lwówecki";319,1;317,3;317,3;317,3;317,3;317,3;317,3;317,3;317,3;317,6;318,1;319,7;319,0;319,0;319,0;319,0;321,0;
0213000;"Powiat milicki";295,8;284,0;287,7;287,8;287,8;287,8;289,8;289,8;289,8;289,8;289,8;290,5;290,6;293,0;293,3;288,2;289,0;
0214000;"Powiat oleśnicki";444,1;447,5;451,2;455,2;456,7;456,7;455,3;454,4;454,4;454,4;450,7;450,7;453,4;453,4;460,5;460,4;461,1;
0215000;"Powiat oławski";235,8;238,5;238,5;243,2;240,1;240,1;240,1;240,1;240,1;240,1;240,1;240,1;240,1;240,1;240,1;240,1;240,5;
0216000;"Powiat polkowicki";232,8;234,1;238,9;241,1;241,1;243,8;243,8;243,8;243,8;248,8;251,1;251,1;248,5;248,5;255,9;243,0;243,2;
0217000;"Powiat strzeliński";355,2;355,7;355,7;355,7;355,7;355,7;376,9;376,9;376,9;376,9;377,2;377,2;377,2;377,2;377,2;377,2;377,2;
0218000;"Powiat średzki";314,0;314,5;314,5;314,4;315,7;315,7;315,7;315,7;325,3;308,7;308,7;308,7;308,7;308,7;308,7;308,7;308,7;
0219000;"Powiat świdnicki";422,2;416,7;416,8;416,8;415,3;415,3;396,1;396,1;390,1;386,8;387,6;387,6;382,4;382,4;382,4;379,8;376,6;
0220000;"Powiat trzebnicki";387,4;388,9;391,4;393,1;393,1;393,7;394,1;394,9;394,9;394,9;394,9;394,9;395,2;396,7;397,1;390,6;390,2;
0221000;"Powiat wałbrzyski";190,8;190,9;190,9;220,1;220,1;220,1;220,1;220,1;209,5;209,5;204,6;203,9;174,9;181,5;190,9;190,9;188,6;
0222000;"Powiat wołowski";204,6;204,9;205,9;207,1;206,6;206,6;208,7;213,4;213,4;213,4;213,4;213,4;213,4;213,4;213,4;214,3;215,2;
0223000;"Powiat wrocławski";607,5;608,2;608,3;612,0;612,0;620,9;620,9;620,9;620,9;563,4;564,0;563,9;563,9;563,9;563,8;574,4;574,4;
0224000;"Powiat ząbkowicki";382,5;383,0;383,0;383,0;383,0;383,0;383,0;383,0;383,0;381,0;381,0;355,0;381,0;381,0;384,6;384,6;383,6;
0225000;"Powiat zgorzelecki";246,7;247,0;247,0;247,0;237,4;228,2;219,3;219,3;219,3;219,5;219,5;219,5;219,5;219,5;219,5;217,2;217,2;
0226000;"Powiat złotoryjski";233,6;234,9;235,7;235,7;235,7;235,7;220,8;220,8;220,8;220,8;220,8;220,8;220,8;220,8;220,8;220,8;218,3;
0261000;"Powiat m.Jelenia Góra";65,9;65,6;65,6;66,0;69,2;70,8;70,8;70,8;70,8;71,7;71,7;69,8;69,8;69,8;78,7;78,7;78,7;
0262000;"Powiat m.Legnica";43,9;44,0;44,0;54,7;54,7;60,5;60,3;61,2;61,2;64,6;63,1;63,0;63,0;55,1;55,2;55,2;54,7;
0264000;"Powiat m.Wrocław";256,3;254,0;254,0;254,0;258,3;258,1;260,2;258,5;258,5;258,6;258,5;256,3;46,1;46,1;46,2;46,2;46,2;
0265000;"Powiat m.Wałbrzych od 2013";;;;;;;;;;;;;29,4;29,4;29,4;29,4;29,4;
0401000;"Powiat aleksandrowski";212,3;214,8;214,8;215,4;215,4;215,4;215,4;215,9;215,9;216,8;216,8;202,7;202,7;202,8;202,8;197,0;196,9;
0402000;"Powiat brodnicki";362,0;361,5;361,5;361,5;364,4;364,4;364,4;357,8;357,8;357,8;357,8;357,8;357,8;357,8;357,8;357,8;358,0;
0403000;"Powiat bydgoski";326,4;322,8;324,2;324,2;324,2;324,2;324,3;324,3;328,0;332,8;334,1;334,1;342,0;346,7;349,9;351,1;351,1;
0404000;"Powiat chełmiński";220,0;222,9;222,9;224,3;224,3;224,3;224,3;224,3;224,3;224,3;229,0;230,0;230,4;231,7;231,7;227,2;227,2;
0405000;"Powiat golubsko-dobrzyński";254,5;249,1;249,4;250,9;250,3;237,7;237,7;237,7;237,7;239,3;254,1;235,8;235,8;235,8;235,8;235,8;235,8;
0406000;"Powiat grudziądzki";375,5;376,0;371,5;377,5;377,5;377,5;377,5;377,5;377,5;377,5;378,5;379,3;379,3;379,3;384,8;385,2;385,1;
0407000;"Powiat inowrocławski";534,0;533,3;533,3;533,3;534,5;535,2;535,2;526,7;526,7;526,7;525,9;525,9;523,7;525,3;525,3;525,3;525,3;
0408000;"Powiat lipnowski";319,7;325,0;323,6;323,6;323,6;325,8;326,8;329,1;332,8;335,2;334,9;330,6;330,9;324,5;324,7;324,7;324,7;
0409000;"Powiat mogileński";365,5;365,0;365,0;369,0;369,0;369,0;369,0;370,0;370,0;372,0;373,0;374,0;374,0;375,0;375,0;375,0;379,2;
0410000;"Powiat nakielski";342,0;341,6;341,6;342,2;342,7;342,7;343,7;343,7;344,1;344,5;344,5;344,2;344,5;344,5;344,8;344,8;344,8;
0411000;"Powiat radziejowski";305,7;299,3;299,3;288,8;288,8;288,8;288,8;288,4;288,4;288,4;285,3;285,3;285,3;285,3;285,3;285,2;283,9;
0412000;"Powiat rypiński";200,1;202,7;202,7;202,7;202,7;202,7;202,7;202,7;202,7;202,7;203,1;203,1;203,1;203,1;203,1;203,1;203,1;
0413000;"Powiat sępoleński";259,5;259,2;259,4;259,3;266,5;266,3;266,6;266,6;267,1;267,7;267,7;265,4;266,0;266,2;266,4;268,2;267,0;
0414000;"Powiat świecki";524,0;487,2;518,4;523,3;524,8;524,8;523,4;523,4;524,1;524,2;524,2;524,2;523,3;523,3;523,3;520,3;519,5;
0415000;"Powiat toruński";297,1;299,1;299,1;299,1;299,5;295,2;294,9;294,9;293,9;294,7;294,7;296,1;296,3;297,7;297,7;297,7;300,5;
0416000;"Powiat tucholski";365,3;372,0;372,0;372,0;373,1;373,1;373,1;375,8;379,5;379,5;400,3;400,3;400,3;400,3;400,3;400,2;400,3;
0417000;"Powiat wąbrzeski";188,6;188,4;188,4;188,4;188,4;196,2;196,2;196,2;196,2;196,2;196,9;189,1;189,1;189,1;189,1;189,1;189,1;
0418000;"Powiat włocławski";379,5;380,1;401,7;401,7;383,7;384,0;384,0;384,0;384,0;384,0;390,4;390,3;388,4;389,4;390,2;390,2;390,2;
0419000;"Powiat żniński";479,5;462,1;478,0;462,0;481,0;481,0;481,0;481,0;482,6;480,2;480,1;480,1;475,8;475,8;475,8;476,4;476,4;
0461000;"Powiat m.Bydgoszcz";126,1;125,9;125,9;125,9;120,3;116,4;115,3;115,3;115,3;127,2;146,4;141,0;141,0;142,0;144,6;142,6;130,0;
0462000;"Powiat m.Grudziądz";47,0;46,9;46,9;46,8;46,8;47,5;47,5;48,0;48,0;49,0;49,0;49,0;49,0;59,4;59,8;59,8;49,2;
0463000;"Powiat m.Toruń";65,4;65,4;66,3;66,8;68,2;68,2;68,2;74,5;77,4;77,4;77,4;77,4;76,8;141,0;78,6;80,0;78,0;
0464000;"Powiat m.Włocławek";46,4;46,3;46,3;46,3;46,3;46,3;50,3;50,0;50,0;50,0;50,7;51,1;51,1;51,4;52,7;52,7;54,5;
0601000;"Powiat bialski";862,1;864,2;864,2;878,5;879,4;884,1;879,7;885,1;887,9;895,2;892,6;890,4;887,1;887,3;888,2;888,1;890,4;
0602000;"Powiat biłgorajski";525,6;515,3;516,7;518,4;518,9;522,6;522,9;523,5;523,7;522,9;1400,6;526,2;526,2;526,9;526,9;526,9;526,4;
0603000;"Powiat chełmski";579,0;578,7;578,7;579,7;578,9;622,0;622,0;622,0;616,9;616,9;617,8;618,8;625,5;628,9;631,3;632,3;632,3;
0604000;"Powiat hrubieszowski";523,8;523,9;523,9;524,8;524,8;524,4;524,2;524,2;525,4;525,4;525,4;525,4;525,8;525,8;525,7;526,5;526,5;
0605000;"Powiat janowski";286,0;282,0;280,0;280,0;281,0;280,0;280,0;280,0;280,0;280,0;282,0;282,5;283,0;283,0;282,5;282,0;282,0;
0606000;"Powiat krasnostawski";448,1;447,6;448,0;447,8;448,1;402,2;402,2;401,9;405,1;403,4;403,2;403,8;403,8;403,8;403,8;403,8;403,8;
0607000;"Powiat kraśnicki";352,8;356,6;356,6;356,8;357,3;357,3;359,4;360,6;360,6;360,6;361,6;362,8;363,6;368,5;373,1;373,5;374,1;
0608000;"Powiat lubartowski";423,8;421,1;421,1;429,4;430,8;430,8;430,8;430,8;428,8;428,6;445,4;448,7;443,5;442,9;466,2;436,7;440,3;
0609000;"Powiat lubelski";689,6;686,7;685,0;685,0;681,5;681,8;681,8;677,6;672,1;672,1;674,5;676,5;683,2;686,4;689,1;702,4;695,6;
0610000;"Powiat łęczyński";223,0;225,7;225,7;225,7;227,1;227,1;227,5;227,5;227,5;227,6;227,3;227,6;227,6;227,6;227,0;227,0;225,2;
0611000;"Powiat łukowski";469,1;509,0;514,0;516,0;523,0;526,0;529,0;530,3;534,9;533,4;536,0;538,1;513,8;513,8;514,9;512,9;515,4;
0612000;"Powiat opolski";348,7;347,2;347,2;348,3;352,5;354,7;355,6;355,6;356,7;356,9;356,9;356,9;356,9;359,7;361,4;361,5;360,8;
0613000;"Powiat parczewski";300,9;299,6;303,6;303,6;305,0;305,0;304,9;304,9;305,0;305,0;305,0;305,0;301,3;301,3;299,7;299,7;299,7;
0614000;"Powiat puławski";360,4;358,1;368,3;370,4;369,7;354,9;341,8;341,4;340,2;341,2;338,5;337,9;337,9;337,8;336,4;342,2;340,5;
0615000;"Powiat radzyński";422,4;424,4;423,1;429,7;406,1;406,2;405,7;405,7;449,9;449,9;449,9;387,4;388,7;390,0;390,0;390,0;391,4;
0616000;"Powiat rycki";296,9;295,3;298,4;301,2;300,8;300,7;300,7;300,7;300,7;300,7;300,7;300,7;300,7;300,7;300,7;300,7;300,7;
0617000;"Powiat świdnicki";170,0;169,3;171,7;171,7;174,8;175,7;175,7;172,5;173,0;173,3;173,3;173,3;176,3;176,3;174,0;174,9;174,9;
0618000;"Powiat tomaszowski";610,6;611,1;611,1;616,8;617,2;621,5;621,5;623,5;627,3;628,4;629,1;629,9;629,9;632,3;632,4;636,6;637,6;
0619000;"Powiat włodawski";279,2;278,0;278,0;278,0;278,0;275,0;277,4;277,4;280,4;280,9;281,2;281,9;282,4;282,4;283,0;283,6;283,6;
0620000;"Powiat zamojski";680,9;677,9;671,4;681,0;681,3;681,5;682,7;683,2;683,8;685,1;685,7;686,2;686,4;687,4;687,7;688,0;688,2;
0661000;"Powiat m.Biała Podlaska";46,4;45,6;46,4;46,2;46,3;46,3;47,1;47,1;47,8;47,8;48,6;48,7;48,7;48,7;48,7;48,5;48,5;
0662000;"Powiat m.Chełm";44,1;44,1;46,2;46,3;44,8;44,8;44,8;48,9;49,1;49,0;49,0;49,0;49,0;49,0;48,5;51,3;51,3;
0663000;"Powiat m.Lublin";114,5;114,0;114,0;114,0;114,0;114,0;114,0;114,0;114,0;128,6;129,3;131,8;131,2;129,8;131,5;143,6;148,4;
0664000;"Powiat m.Zamość";48,9;45,8;45,8;45,8;45,3;45,5;45,5;48,2;48,2;49,0;49,0;49,0;49,0;49,2;49,2;49,3;49,2;
0801000;"Powiat gorzowski";348,0;345,1;352,2;352,6;353,6;353,6;353,6;355,2;355,8;355,8;351,8;353,8;353,8;354,6;354,6;355,5;355,3;
0802000;"Powiat krośnieński";320,0;321,3;321,3;324,0;330,8;329,8;329,8;330,5;330,5;330,5;330,0;330,0;327,3;329,1;329,6;329,8;329,8;
0803000;"Powiat międzyrzecki";308,8;309,0;310,0;310,0;310,0;312,0;315,0;315,0;316,0;316,0;316,0;314,0;314,0;314,0;314,0;314,0;314,0;
0804000;"Powiat nowosolski";357,7;218,8;218,8;218,4;218,4;219,3;219,3;218,2;219,3;219,3;216,4;220,1;220,1;222,2;219,1;220,4;221,6;
0805000;"Powiat słubicki";195,6;195,5;195,5;195,5;195,5;195,5;195,5;195,5;196,5;198,1;198,1;198,1;198,1;198,1;198,1;198,1;198,1;
0806000;"Powiat strzelecko-drezdenecki";221,4;221,6;184,8;184,7;184,7;184,7;184,7;184,7;184,7;184,8;183,6;183,6;183,6;183,6;186,0;185,4;189,4;
0807000;"Powiat sulęciński";251,6;251,8;251,6;252,1;252,1;252,6;252,6;253,3;253,3;253,9;253,9;253,9;245,7;246,5;246,5;246,5;246,5;
0808000;"Powiat świebodziński";337,0;336,2;336,2;336,2;337,2;331,8;331,6;331,2;332,2;333,0;332,8;332,8;332,8;332,8;333,1;333,1;333,1;
0809000;"Powiat zielonogórski";326,2;310,8;311,5;311,5;311,5;311,5;311,5;311,5;311,6;311,6;317,6;324,6;324,1;324,1;271,7;272,0;272,5;
0810000;"Powiat żagański";326,9;282,7;282,6;325,1;325,1;320,0;320,0;320,0;320,0;320,1;320,3;320,1;317,7;317,7;317,7;317,7;318,2;
0811000;"Powiat żarski";422,0;414,8;418,1;418,2;411,6;411,6;415,4;415,4;415,8;415,9;415,8;415,8;414,4;413,5;415,0;415,0;415,0;
0812000;"Powiat wschowski";;146,1;146,1;146,1;146,1;146,1;146,1;146,1;146,1;146,3;146,3;146,3;146,3;146,2;146,3;147,1;147,1;
0861000;"Powiat m.Gorzów Wielkopolski";54,2;57,9;57,9;59,4;61,2;58,1;60,8;60,8;60,8;62,8;62,8;62,7;62,8;67,7;67,7;67,7;67,7;
0862000;"Powiat m.Zielona Góra";45,1;45,1;45,1;45,1;45,1;45,1;45,1;45,1;45,1;45,1;45,1;49,0;49,0;49,0;51,0;51,0;51,0;
1001000;"Powiat bełchatowski";305,6;335,5;335,5;327,8;337,0;336,5;337,5;337,5;333,9;333,9;333,7;335,0;335,1;335,1;341,2;341,2;341,2;
1002000;"Powiat kutnowski";552,6;559,7;559,8;559,8;561,0;561,5;513,0;513,0;515,3;513,9;1386,2;464,1;464,1;484,8;484,8;476,6;476,0;
1003000;"Powiat łaski";193,5;196,0;196,0;196,0;198,8;198,8;198,8;198,8;199,8;200,9;200,9;202,5;202,5;203,5;203,5;204,0;204,0;
1004000;"Powiat łęczycki";354,3;360,9;363,5;370,3;372,3;372,3;373,8;373,8;377,0;377,1;377,1;373,2;373,2;373,2;373,2;373,2;375,3;
1005000;"Powiat łowicki";508,7;519,1;519,1;519,1;519,7;521,0;523,0;523,0;525,3;526,4;526,4;526,8;526,8;526,8;527,4;527,4;538,2;
1006000;"Powiat łódzki wschodni";156,9;211,1;211,1;211,1;211,1;211,5;212,8;213,2;211,8;205,7;209,7;213,6;210,6;211,4;211,8;214,8;216,3;
1007000;"Powiat opoczyński";309,6;314,5;314,5;315,8;315,8;315,9;315,9;306,6;307,3;305,6;306,5;307,3;308,3;308,3;309,7;319,2;319,2;
1008000;"Powiat pabianicki";167,5;149,3;149,3;149,5;149,5;151,2;151,2;149,8;151,1;151,3;151,3;174,8;174,8;179,6;180,2;190,0;190,0;
1009000;"Powiat pajęczański";258,7;260,4;262,7;261,3;261,3;270,9;271,3;271,1;272,6;273,2;276,4;276,4;265,9;265,9;266,9;267,0;267,3;
1010000;"Powiat piotrkowski";472,8;543,3;543,4;547,6;547,6;547,6;526,7;542,0;528,3;528,3;523,0;521,6;522,3;525,4;517,1;516,1;503,2;
1011000;"Powiat poddębicki";294,5;298,3;296,3;300,9;299,9;301,1;302,5;305,3;305,9;306,4;310,8;308,6;308,7;308,7;308,7;307,8;316,3;
1012000;"Powiat radomszczański";454,3;460,2;467,6;467,6;447,5;447,5;447,5;404,5;404,5;404,5;404,5;404,5;404,5;404,5;397,4;397,4;397,4;
1013000;"Powiat rawski";258,3;294,7;298,9;301,9;291,8;283,6;285,1;285,2;296,6;293,6;305,4;295,6;297,5;297,5;298,5;299,7;291,4;
1014000;"Powiat sieradzki";604,0;614,4;614,4;614,4;614,4;614,4;614,4;614,4;614,4;614,4;614,4;608,8;610,7;610,7;608,7;628,6;603,7;
1015000;"Powiat skierniewicki";240,7;254,1;254,1;254,1;254,1;254,1;254,1;255,3;256,8;257,8;257,8;257,8;257,6;257,6;257,6;257,6;257,6;
1016000;"Powiat tomaszowski";357,9;364,3;364,3;364,3;364,7;365,5;366,2;366,2;366,2;367,7;368,5;368,5;368,5;368,5;368,5;369,5;369,5;
1017000;"Powiat wieluński";335,6;340,0;344,1;346,3;346,5;346,5;346,5;338,4;336,9;339,2;345,5;345,5;345,5;345,5;345,5;345,6;345,5;
1018000;"Powiat wieruszowski";263,8;263,2;263,5;263,5;263,5;263,5;263,5;263,9;263,9;264,4;264,4;264,4;264,4;263,2;253,9;256,0;256,0;
1019000;"Powiat zduńskowolski";181,0;183,4;184,7;184,7;181,8;182,6;184,8;184,8;184,8;184,8;184,8;181,4;182,2;182,3;180,5;182,9;183,6;
1020000;"Powiat zgierski";374,0;380,9;380,9;389,2;409,4;399,3;399,5;405,4;405,6;408,4;364,3;411,9;411,6;410,5;415,1;412,4;411,6;
1021000;"Powiat brzeziński";;126,6;130,5;130,9;130,5;130,5;130,5;130,5;130,5;130,5;130,5;130,5;130,5;131,0;132,4;131,9;131,9;
1061000;"Powiat m.Łódź";384,3;389,3;373,8;373,8;373,9;373,9;379,7;389,1;391,7;391,7;391,7;392,8;392,8;393,1;393,1;393,1;393,5;
1062000;"Powiat m.Piotrków Trybunalski";66,5;67,4;50,4;50,4;59,8;58,0;34,0;34,0;33,9;33,9;33,9;33,8;33,8;33,9;33,4;38,6;38,7;
1063000;"Powiat m.Skierniewice";28,6;35,4;35,4;35,4;36,8;36,8;36,8;36,8;32,8;34,3;34,3;34,3;34,8;34,8;37,2;35,9;36,4;
1201000;"Powiat bocheński";292,9;297,7;296,3;297,7;297,6;297,6;297,6;297,6;301,2;300,8;294,7;298,6;298,6;298,6;297,5;297,5;297,5;
1202000;"Powiat brzeski";247,5;255,5;256,2;255,7;255,7;255,7;255,7;255,7;256,2;256,2;256,2;256,2;256,2;256,2;264,2;263,7;263,7;
1203000;"Powiat chrzanowski";224,2;226,6;226,6;227,6;227,6;228,2;230,4;230,4;230,3;230,3;230,3;230,3;230,3;230,3;230,3;232,8;232,8;
1204000;"Powiat dąbrowski";269,2;268,6;268,6;268,6;268,6;268,6;268,6;263,9;265,3;265,5;268,3;268,3;275,3;275,3;275,3;275,3;275,3;
1205000;"Powiat gorlicki";326,9;303,8;300,2;302,7;303,3;307,7;304,3;306,8;307,5;307,6;307,6;310,1;310,1;310,9;315,2;315,7;315,8;
1206000;"Powiat krakowski";672,6;672,0;671,9;672,0;672,0;672,0;672,0;672,0;672,0;672,0;671,0;669,8;669,8;674,5;675,2;673,0;673,0;
1207000;"Powiat limanowski";267,2;264,0;264,0;262,0;262,0;262,0;262,0;262,0;260,5;260,5;260,5;265,5;265,5;265,5;265,5;266,0;266,0;
1208000;"Powiat miechowski";425,9;427,8;427,9;427,9;431,6;431,9;431,9;436,1;436,1;436,1;436,1;438,5;438,5;438,5;438,5;439,3;440,6;
1209000;"Powiat myślenicki";306,3;305,3;306,7;306,7;306,7;306,9;306,9;306,9;307,0;307,0;307,0;307,0;307,0;307,0;307,0;307,0;307,0;
1210000;"Powiat nowosądecki";499,7;499,5;501,1;500,8;505,8;488,6;488,7;489,1;489,1;489,1;489,1;489,1;490,2;489,2;495,6;498,9;498,9;
1211000;"Powiat nowotarski";334,9;337,4;337,4;337,4;333,5;324,5;324,5;324,5;324,5;329,4;330,2;329,8;333,7;333,5;333,4;333,5;333,5;
1212000;"Powiat olkuski";394,0;376,3;377,3;376,5;377,0;377,0;377,0;377,0;377,0;377,0;377,0;377,0;377,0;377,0;378,1;325,1;320,3;
1213000;"Powiat oświęcimski";247,5;254,9;254,9;251,4;247,6;245,6;245,6;251,0;251,0;247,8;247,8;244,6;245,9;245,3;245,3;243,9;245,8;
1214000;"Powiat proszowicki";248,3;248,1;249,4;254,7;254,9;255,1;255,5;256,0;256,0;256,0;256,0;256,0;256,2;256,2;256,2;253,8;253,8;
1215000;"Powiat suski";214,8;214,6;214,6;215,3;212,9;208,7;208,7;208,7;208,7;213,4;213,4;227,0;227,0;222,9;222,9;222,9;222,5;
1216000;"Powiat tarnowski";534,7;534,2;565,1;565,1;571,6;571,6;578,6;581,1;581,5;580,7;580,7;580,7;581,5;581,5;582,8;582,8;583,0;
1217000;"Powiat tatrzański";70,1;62,0;62,0;62,0;62,0;62,0;62,0;62,0;62,0;62,0;61,8;61,8;61,8;61,8;61,8;61,8;61,8;
1218000;"Powiat wadowicki";334,3;322,5;323,6;322,5;322,5;321,3;321,3;321,3;323,1;320,1;320,1;320,2;319,7;319,3;320,9;322,0;322,0;
1219000;"Powiat wielicki";257,2;257,6;257,3;259,3;257,3;233,3;233,3;233,3;233,3;233,3;233,3;233,3;233,3;233,3;233,3;233,3;233,3;
1261000;"Powiat m.Kraków";196,2;212,0;212,0;221,0;204,4;207,1;204,4;204,4;230,1;248,4;248,7;250,2;251,4;253,9;253,9;260,3;260,0;
1262000;"Powiat m.Nowy Sącz";40,0;43,6;43,6;35,6;35,5;40,4;40,4;40,6;40,6;40,5;40,8;40,6;40,6;40,4;40,8;40,8;40,8;
1263000;"Powiat m.Tarnów";57,4;58,2;59,2;59,2;59,2;59,2;59,2;60,1;60,2;60,2;60,2;60,2;56,2;56,2;56,9;59,9;61,1;
1401000;"Powiat białobrzeski";218,0;220,0;226,0;226,0;226,0;227,1;227,1;227,1;227,1;241,8;256,3;256,9;256,9;256,9;256,9;256,9;256,9;
1402000;"Powiat ciechanowski";350,7;353,0;354,0;355,0;356,0;380,0;383,0;382,0;386,0;384,5;386,2;376,5;376,5;376,5;377,7;377,7;380,4;
1403000;"Powiat garwoliński";449,7;451,5;453,8;456,3;468,1;466,2;472,3;478,2;479,4;483,4;486,7;493,9;492,1;497,8;498,4;499,0;499,4;
1404000;"Powiat gostyniński";246,0;248,0;248,0;248,0;248,0;250,0;252,0;252,0;251,0;260,0;261,0;263,0;263,0;264,0;266,0;266,0;272,1;
1405000;"Powiat grodziski";160,1;162,2;162,3;162,5;163,3;163,8;164,6;163,6;163,6;167,0;165,3;166,0;166,0;166,0;166,0;166,0;166,0;
1406000;"Powiat grójecki";592,7;608,1;566,8;570,7;572,6;574,1;574,4;575,5;573,5;573,4;573,4;573,4;573,5;584,7;615,6;610,3;610,3;
1407000;"Powiat kozienicki";261,7;266,7;267,1;276,2;276,4;276,4;276,6;276,9;278,1;278,9;280,5;281,9;283,0;284,3;284,3;284,3;285,7;
1408000;"Powiat legionowski";114,2;113,4;113,4;113,4;113,4;113,4;113,4;113,4;113,4;113,4;113,4;113,4;113,4;114,3;114,3;114,4;114,4;
1409000;"Powiat lipski";269,4;275,7;275,7;275,7;276,3;277,0;278,8;280,0;280,0;283,8;305,7;305,7;305,7;305,7;305,7;305,7;306,2;
1410000;"Powiat łosicki";321,4;321,8;321,8;323,4;324,8;325,6;326,0;326,0;329,6;329,6;329,6;329,8;332,4;332,1;332,1;331,9;331,9;
1411000;"Powiat makowski";252,0;258,0;262,3;269,6;285,7;304,8;318,3;325,6;332,6;338,4;339,7;340,6;346,0;351,3;363,9;363,9;366,2;
1412000;"Powiat miński";437,9;438,3;441,8;440,9;445,2;445,2;445,4;435,5;502,4;436,3;439,0;438,7;439,9;444,7;444,7;445,9;451,7;
1413000;"Powiat mławski";499,6;505,1;505,1;505,1;505,1;504,2;504,4;490,0;489,8;489,8;492,2;492,2;493,0;493,0;493,0;493,0;494,0;
1414000;"Powiat nowodworski";184,2;187,5;188,2;189,1;189,6;190,4;192,3;192,3;194,2;196,4;196,4;196,4;194,2;194,8;194,8;198,8;192,0;
1415000;"Powiat ostrołęcki";673,8;741,9;744,9;742,6;742,6;819,2;819,2;819,2;819,2;820,4;820,4;820,4;820,4;821,3;822,3;822,3;830,7;
1416000;"Powiat ostrowski";341,8;360,0;365,0;379,0;381,0;389,0;388,0;393,0;394,0;396,0;402,0;409,0;412,0;414,0;415,0;416,0;423,0;
1417000;"Powiat otwocki";232,8;230,2;234,2;234,2;234,8;235,4;236,1;236,1;237,2;240,3;240,5;240,9;241,1;242,7;244,9;248,1;250,0;
1418000;"Powiat piaseczyński";208,2;211,5;255,8;255,8;261,3;261,3;262,2;264,9;307,0;294,2;304,2;305,9;305,9;306,4;307,7;311,8;312,9;
1419000;"Powiat płocki";582,6;602,0;605,0;608,0;607,0;610,0;612,0;602,0;608,0;616,0;615,0;611,5;614,8;619,3;621,9;624,8;633,1;
1420000;"Powiat płoński";480,8;490,0;494,8;498,7;499,5;504,2;510,5;512,0;530,9;534,0;535,9;537,1;539,5;543,1;543,5;544,1;544,1;
1421000;"Powiat pruszkowski";157,2;158,6;158,6;158,6;158,6;158,6;158,6;159,4;159,4;159,4;159,4;159,4;140,1;142,1;142,1;142,7;150,2;
1422000;"Powiat przasnyski";331,2;335,6;342,4;345,8;396,1;414,4;419,1;420,1;420,1;420,1;416,6;424,3;425,0;426,6;427,5;428,4;432,2;
1423000;"Powiat przysuski";260,6;264,0;267,0;269,0;268,0;272,0;273,0;276,0;283,8;285,1;286,2;286,2;286,8;282,2;282,9;282,9;285,9;
1424000;"Powiat pułtuski";238,6;252,7;253,7;261,9;262,4;271,5;271,5;267,9;267,9;268,3;271,7;272,1;276,0;276,8;280,9;287,8;290,8;
1425000;"Powiat radomski";481,1;491,8;495,8;498,2;504,7;507,2;509,3;513,3;517,8;519,9;520,3;520,3;520,3;523,6;522,8;524,5;524,5;
1426000;"Powiat siedlecki";562,1;574,3;574,3;557,5;568,4;588,2;595,7;598,7;597,7;597,7;602,0;603,1;596,0;596,4;572,7;572,7;576,9;
1427000;"Powiat sierpecki";274,3;282,7;374,1;374,1;379,2;382,0;382,0;382,0;393,2;403,9;409,4;411,3;411,3;411,3;414,2;414,2;414,9;
1428000;"Powiat sochaczewski";263,6;259,0;259,0;260,0;278,9;261,0;262,0;260,0;263,0;263,0;264,0;264,0;264,0;266,0;267,0;267,0;267,0;
1429000;"Powiat sokołowski";379,5;383,0;387,3;385,1;388,3;390,7;390,7;396,3;396,9;396,9;396,9;396,1;396,1;396,1;396,9;396,9;402,5;
1430000;"Powiat szydłowiecki";198,7;201,1;197,1;197,1;197,1;197,9;198,6;198,5;199,2;196,3;196,3;196,3;196,3;196,3;196,3;196,3;196,3;
1432000;"Powiat warszawski zachodni";164,4;166,5;158,5;156,6;156,6;156,6;156,6;156,6;156,8;156,8;159,0;159,0;159,2;160,9;159,0;159,0;159,0;
1433000;"Powiat węgrowski";375,3;382,6;385,0;387,3;392,6;392,2;394,3;398,8;406,4;408,0;409,9;410,5;410,6;411,6;414,8;419,4;422,5;
1434000;"Powiat wołomiński";294,0;327,6;325,8;331,3;331,3;342,0;338,2;338,2;340,0;340,0;342,4;342,7;342,7;343,2;343,2;346,9;348,4;
1435000;"Powiat wyszkowski";222,1;237,8;240,9;250,9;255,9;249,4;250,4;250,4;260,5;265,1;269,6;269,8;268,2;268,2;269,9;272,5;272,5;
1436000;"Powiat zwoleński";232,4;235,5;235,5;236,0;236,0;236,0;236,0;229,8;233,4;233,4;234,1;234,5;239,2;239,2;239,2;239,2;239,2;
1437000;"Powiat żuromiński";295,1;297,9;299,8;299,8;298,5;298,5;298,5;300,2;304,6;304,6;304,6;304,6;306,2;306,2;306,2;306,2;306,2;
1438000;"Powiat żyrardowski";178,4;181,5;182,8;184,0;184,2;183,7;180,9;180,9;180,5;181,2;181,2;181,2;181,2;183,7;183,7;185,5;186,5;
1461000;"Powiat m.Ostrołęka";17,8;28,4;29,5;29,5;30,3;34,4;35,4;32,6;33,1;37,0;37,0;37,0;37,0;37,4;36,0;36,0;36,0;
1462000;"Powiat m.Płock";39,1;39,5;43,3;42,8;42,8;40,1;40,1;40,1;35,8;35,1;35,2;46,7;46,7;46,7;46,7;46,7;47,6;
1463000;"Powiat m.Radom";100,7;101,6;101,6;96,9;96,9;96,9;96,9;96,9;95,6;95,6;94,3;98,1;98,1;98,1;107,8;111,3;111,3;
1464000;"Powiat m.Siedlce";19,3;19,4;20,0;18,9;19,3;19,8;19,8;19,8;22,4;22,4;24,3;27,8;27,8;24,3;24,3;24,3;21,7;
1465000;"Powiat m. st. Warszawa";;511,0;503,5;519,6;520,4;518,8;518,8;518,8;521,1;522,5;524,0;524,0;518,0;568,3;569,0;571,3;574,9;
1601000;"Powiat brzeski";324,2;293,8;299,5;299,5;293,5;294,4;294,4;294,4;294,4;294,4;294,4;294,4;294,3;290,2;290,2;290,2;290,2;
1602000;"Powiat głubczycki";47,5;43,8;331,8;331,5;331,5;331,5;331,5;331,5;331,5;331,5;331,5;331,5;331,5;331,6;331,5;331,5;331,5;
1603000;"Powiat kędzierzyńsko-kozielski";259,7;249,5;249,5;252,9;252,9;252,9;252,9;252,9;249,4;248,3;248,3;248,3;248,1;244,3;240,5;239,3;239,3;
1604000;"Powiat kluczborski";412,2;380,1;380,1;380,0;380,0;380,0;376,3;376,3;376,3;376,4;376,4;376,4;376,4;375,5;375,5;375,5;375,5;
1605000;"Powiat krapkowicki";171,8;147,0;147,0;147,0;147,0;147,0;147,3;147,3;146,6;147,0;147,0;147,0;147,0;147,0;146,0;137,3;137,3;
1606000;"Powiat namysłowski";317,7;292,0;290,1;290,8;291,3;290,5;290,9;291,0;290,3;294,0;294,0;294,1;293,9;296,2;296,1;296,1;296,1;
1607000;"Powiat nyski";630,2;581,0;584,8;585,0;586,1;586,1;586,1;586,1;584,4;585,3;585,2;583,9;583,9;583,9;583,9;583,9;583,9;
1608000;"Powiat oleski";328,2;303,8;305,0;305,0;305,0;306,0;306,0;306,0;306,0;306,0;306,0;306,0;306,0;306,0;303,3;303,3;317,8;
1609000;"Powiat opolski";615,8;568,3;537,7;537,4;537,5;533,0;533,0;533,0;532,7;532,9;532,9;532,9;532,9;532,9;533,2;526,4;506,8;
1610000;"Powiat prudnicki";305,9;288,0;288,0;288,0;286,0;287,6;289,2;280,5;277,5;277,5;250,7;245,2;245,3;244,2;243,6;243,6;243,6;
1611000;"Powiat strzelecki";336,9;312,4;313,9;312,4;311,2;311,2;311,8;311,8;311,8;311,8;311,8;311,8;311,8;311,8;310,6;310,6;310,6;
1661000;"Powiat m.Opole";49,4;45,5;42,9;41,2;41,2;41,2;41,2;41,2;41,6;40,7;41,0;41,6;42,6;42,3;42,3;42,3;59,3;
1801000;"Powiat bieszczadzki";316,0;182,5;179,9;179,9;179,7;179,9;179,9;179,9;181,2;180,2;180,8;182,0;182,0;182,0;166,8;166,8;166,8;
1802000;"Powiat brzozowski";228,5;235,9;235,9;245,6;245,6;245,6;245,6;245,6;245,6;245,6;245,6;245,6;260,2;244,2;244,1;241,3;241,3;
1803000;"Powiat dębicki";342,0;344,5;347,5;351,9;358,1;359,1;361,1;362,5;362,9;362,5;363,0;358,4;356,3;356,7;353,8;353,8;353,8;
1804000;"Powiat jarosławski";397,8;397,6;397,6;397,6;398,0;398,0;398,0;398,0;398,0;398,0;397,0;401,2;401,2;400,2;386,7;390,6;388,9;
1805000;"Powiat jasielski";406,5;406,9;375,3;375,3;375,8;376,2;379,0;381,7;383,1;380,9;382,7;382,7;377,2;377,8;380,4;380,4;375,6;
1806000;"Powiat kolbuszowski";291,3;291,2;293,3;295,1;295,1;295,1;298,0;299,0;305,2;305,2;304,4;303,6;305,5;305,5;305,2;305,2;305,2;
1807000;"Powiat krośnieński";364,1;363,9;363,9;363,9;363,9;363,9;363,9;363,9;363,9;363,9;363,9;363,9;363,9;363,9;353,9;353,9;353,9;
1808000;"Powiat leżajski";254,5;254,4;254,4;254,4;254,4;254,9;254,9;254,9;254,9;254,9;254,9;254,9;254,9;257,8;257,8;257,1;251,7;
1809000;"Powiat lubaczowski";371,1;370,8;370,8;373,5;373,5;373,5;373,7;375,7;376,2;376,2;376,2;376,2;366,3;366,7;378,1;378,1;378,1;
1810000;"Powiat łańcucki";212,0;211,9;211,9;212,0;213,3;213,3;213,3;213,3;213,4;213,6;213,6;213,6;213,1;212,6;212,6;210,5;210,5;
1811000;"Powiat mielecki";387,5;387,3;387,3;398,0;396,3;395,9;396,6;396,9;396,7;404,2;404,4;404,3;405,4;406,3;406,3;427,5;427,5;
1812000;"Powiat niżański";274,3;278,6;278,6;278,6;278,6;278,6;278,6;278,6;278,6;249,5;249,5;249,5;277,4;277,1;277,1;277,1;279,7;
1813000;"Powiat przemyski";425,4;425,2;425,2;425,2;428,6;428,6;428,6;428,6;434,6;434,6;434,6;434,6;434,6;434,7;434,6;434,6;434,6;
1814000;"Powiat przeworski";283,7;298,1;298,1;298,1;298,1;298,1;298,1;298,1;298,1;298,1;304,8;309,6;309,6;309,6;301,8;302,4;302,4;
1815000;"Powiat ropczycko-sędziszowski";232,6;241,2;240,8;240,8;242,0;240,2;240,2;237,4;237,4;237,4;240,2;242,8;242,0;242,0;242,0;243,7;243,7;
1816000;"Powiat rzeszowski";550,4;549,9;549,9;548,0;546,0;569,0;566,4;566,4;509,4;496,7;496,7;512,9;513,3;515,9;521,6;523,3;525,3;
1817000;"Powiat sanocki";237,2;239,0;241,5;240,4;239,6;239,6;239,6;239,6;239,6;232,9;232,9;232,9;232,9;232,9;232,9;226,9;226,9;
1818000;"Powiat stalowowolski";172,3;173,6;173,7;173,9;173,9;174,7;176,2;176,5;177,1;177,7;177,7;178,9;177,7;179,6;181,2;182,7;183,1;
1819000;"Powiat strzyżowski";186,3;186,2;187,2;187,2;187,6;188,6;191,3;196,5;200,0;200,2;200,2;200,2;200,2;200,2;200,2;200,2;200,2;
1820000;"Powiat tarnobrzeski";155,5;155,0;155,2;155,1;155,2;155,2;157,5;157,8;159,3;159,6;163,6;163,6;163,7;163,6;163,6;163,6;163,6;
1821000;"Powiat leski";;135,5;135,5;135,5;137,5;137,5;137,5;137,5;138,0;137,6;141,0;141,0;141,0;141,0;141,0;141,0;141,0;
1861000;"Powiat m.Krosno";38,2;38,1;38,1;40,0;40,0;40,3;40,3;40,3;41,8;41,8;41,8;41,8;41,8;41,8;41,8;41,8;43,5;
1862000;"Powiat m.Przemyśl";53,9;54,6;54,6;55,0;54,1;54,9;56,7;57,1;57,3;55,4;57,1;57,3;57,6;57,7;60,8;60,8;60,8;
1863000;"Powiat m.Rzeszów";88,7;88,7;88,7;88,7;88,7;105,4;105,4;112,7;112,7;126,0;126,9;127,2;131,2;130,9;133,5;135,6;133,7;
1864000;"Powiat m.Tarnobrzeg";40,4;36,6;36,6;36,6;36,6;37,3;35,8;35,8;35,7;35,9;37,5;37,5;37,5;42,2;42,2;42,2;42,5;
2001000;"Powiat augustowski";341,2;368,0;375,3;390,9;396,3;400,0;400,5;400,5;408,7;416,0;421,1;422,3;422,3;422,3;426,0;446,7;412,8;
2002000;"Powiat białostocki";866,6;880,2;882,3;882,2;883,5;882,1;881,8;886,4;885,8;889,9;890,6;888,5;888,5;910,0;911,3;911,2;911,5;
2003000;"Powiat bielski";520,0;529,8;528,8;528,8;530,5;550,7;548,8;551,8;553,3;553,2;554,1;555,0;558,8;562,7;562,7;567,7;541,1;
2004000;"Powiat grajewski";310,4;317,7;314,7;319,8;317,8;318,1;318,5;321,7;321,7;318,5;320,8;320,8;319,9;321,6;321,4;328,3;329,4;
2005000;"Powiat hajnowski";311,4;330,4;335,8;344,1;351,5;364,5;365,7;378,5;389,7;402,2;407,8;412,9;417,3;419,2;422,4;423,9;420,6;
2006000;"Powiat kolneński";282,8;287,4;292,8;295,3;294,4;295,9;295,9;298,2;298,2;295,8;295,8;295,8;295,8;295,8;296,1;296,1;298,6;
2007000;"Powiat łomżyński";395,3;407,6;418,2;425,9;429,0;430,8;433,8;433,2;441,7;456,6;458,7;458,3;466,4;470,5;470,5;472,1;474,5;
2008000;"Powiat moniecki";422,2;429,6;429,4;429,5;429,5;369,6;366,5;366,8;368,0;370,7;371,3;373,3;374,7;376,7;368,4;368,4;368,8;
2009000;"Powiat sejneński";211,2;227,7;227,7;227,7;177,0;177,8;215,1;215,1;215,6;215,6;215,6;215,5;212,7;205,1;213,0;213,2;206,8;
2010000;"Powiat siemiatycki";509,2;509,6;522,2;521,3;524,1;524,4;547,8;547,8;537,8;537,9;537,9;536,9;538,9;535,5;530,9;527,4;487,5;
2011000;"Powiat sokólski";614,2;687,7;689,3;693,8;697,0;702,2;700,7;701,1;698,1;707,0;714,3;717,3;717,7;721,4;723,4;722,7;736,0;
2012000;"Powiat suwalski";382,5;396,3;401,5;418,3;427,6;429,4;430,5;439,5;453,4;454,2;459,6;461,9;463,1;464,1;468,2;475,6;478,2;
2013000;"Powiat wysokomazowiecki";542,6;557,9;559,9;562,8;564,1;569,1;570,8;572,6;576,3;576,3;576,3;576,3;576,3;576,4;576,7;576,3;576,4;
2014000;"Powiat zambrowski";231,6;261,1;264,0;264,0;275,2;275,2;269,2;269,4;267,8;267,8;268,1;268,3;268,3;269,9;273,0;273,0;273,0;
2061000;"Powiat m.Białystok";76,9;78,2;78,5;79,5;82,2;85,8;85,8;84,3;85,9;86,5;87,8;88,5;88,6;89,1;90,4;90,4;90,4;
2062000;"Powiat m.Łomża";20,5;20,8;20,8;22,5;22,5;22,5;22,5;22,0;22,0;22,0;23,1;23,1;23,2;23,2;23,2;23,2;23,2;
2063000;"Powiat m.Suwałki";56,0;49,1;49,1;49,6;49,6;49,8;50,1;50,4;53,6;54,2;55,1;55,1;55,2;55,7;55,0;43,0;36,3;
2201000;"Powiat bytowski";583,9;585,5;585,4;587,4;587,4;589,9;590,2;585,1;584,8;584,9;584,9;580,0;571,6;570,9;569,9;562,0;558,7;
2202000;"Powiat chojnicki";310,0;307,0;316,0;323,4;325,4;327,4;316,4;316,4;316,4;314,4;315,7;311,8;334,5;333,9;329,5;330,5;330,5;
2203000;"Powiat człuchowski";433,9;433,5;433,7;433,6;433,5;432,9;432,9;432,1;432,8;432,8;432,8;432,8;433,4;432,1;427,5;424,8;424,7;
2204000;"Powiat gdański";274,1;273,9;273,9;273,9;273,9;273,9;273,9;273,9;274,2;274,2;274,2;274,2;271,4;271,4;271,4;256,3;268,2;
2205000;"Powiat kartuski";268,0;267,8;268,9;268,9;271,3;272,8;272,8;274,6;273,6;274,1;274,1;274,1;275,8;276,1;276,7;277,1;277,1;
2206000;"Powiat kościerski";206,9;206,7;206,6;206,6;208,2;208,2;208,2;208,2;209,5;210,6;211,6;206,2;203,6;199,5;199,5;200,5;200,5;
2207000;"Powiat kwidzyński";254,5;255,1;257,8;258,0;264,9;224,5;224,5;222,3;207,9;207,9;207,9;207,9;201,6;201,6;201,6;201,6;201,6;
2208000;"Powiat lęborski";230,1;229,9;232,9;232,9;233,5;225,7;215,6;217,3;217,3;216,0;216,0;216,0;216,0;216,0;203,7;193,3;194,0;
2209000;"Powiat malborski";535,5;294,0;304,4;294,4;283,6;276,0;276,0;276,0;215,9;215,9;215,9;216,2;238,0;238,0;238,0;238,0;238,0;
2210000;"Powiat nowodworski";252,6;264,1;262,5;262,5;262,5;262,5;262,5;262,5;245,9;245,9;245,9;245,9;240,6;243,9;243,9;243,9;243,9;
2211000;"Powiat pucki";199,7;200,7;200,7;200,7;206,1;200,7;200,7;200,7;194,9;192,1;190,6;191,3;193,5;190,4;189,0;189,4;188,8;
2212000;"Powiat słupski";636,7;636,2;639,0;639,0;639,0;585,1;585,6;585,6;585,6;637,1;629,7;628,7;625,8;635,8;638,7;639,3;638,8;
2213000;"Powiat starogardzki";350,2;345,3;346,9;347,8;351,6;351,6;329,9;329,9;328,2;328,5;329,0;329,0;329,0;323,2;328,4;326,7;321,2;
2214000;"Powiat tczewski";218,1;212,8;212,8;221,6;221,6;225,1;212,4;213,6;206,5;207,2;207,4;202,5;206,6;194,0;194,0;194,0;194,0;
2215000;"Powiat wejherowski";481,4;481,0;481,0;477,8;476,8;442,7;441,6;418,4;403,8;403,6;389,4;391,9;391,9;391,9;396,9;396,9;396,9;
2216000;"Powiat sztumski";;246,1;246,1;246,1;246,1;245,4;244,9;244,9;244,9;246,1;246,1;247,7;247,7;247,8;247,8;259,0;258,4;
2261000;"Powiat m.Gdańsk";168,3;167,8;167,9;167,9;167,2;166,9;166,1;166,7;166,3;161,1;166,4;167,4;167,4;186,8;186,8;151,9;153,1;
2262000;"Powiat m.Gdynia";120,7;122,0;109,6;109,6;109,9;108,5;109,3;109,3;111,8;111,8;111,7;112,0;112,0;111,9;106,5;104,9;104,9;
2263000;"Powiat m.Słupsk";23,4;27,7;27,7;27,5;27,5;15,3;15,3;15,3;15,3;13,1;13,1;13,1;13,1;13,1;13,3;13,3;13,3;
2264000;"Powiat m.Sopot";30,1;30,1;25,7;25,7;25,7;25,7;25,7;25,7;25,7;25,7;25,7;25,7;25,7;25,7;26,9;26,9;26,9;
2401000;"Powiat będziński";265,0;285,4;288,1;289,9;289,9;289,9;288,3;289,5;286,4;286,4;286,4;286,4;288,7;288,7;288,7;289,1;289,1;
2402000;"Powiat bielski";328,0;330,8;330,8;330,8;321,3;321,7;321,7;307,5;307,5;306,9;306,9;305,4;305,4;307,2;306,6;307,2;307,2;
2403000;"Powiat cieszyński";281,0;366,8;366,8;366,8;374,9;364,8;364,2;362,4;361,9;361,9;362,8;362,5;362,5;361,5;361,5;356,8;356,3;
2404000;"Powiat częstochowski";496,2;510,1;510,1;510,1;525,2;522,1;522,6;530,6;530,6;532,1;543,8;543,8;550,3;550,3;552,3;552,3;552,3;
2405000;"Powiat gliwicki";271,8;272,8;272,8;272,8;272,8;272,6;269,0;269,0;269,0;268,2;268,2;263,9;263,9;263,9;263,9;263,9;263,9;
2406000;"Powiat kłobucki";345,8;344,0;344,0;343,7;344,0;350,6;354,3;355,0;355,0;362,9;362,9;362,9;362,9;362,9;362,9;362,9;362,9;
2407000;"Powiat lubliniecki";254,0;261,0;261,0;261,0;261,0;271,0;271,0;271,0;262,0;262,0;262,0;262,0;262,0;262,0;260,0;209,4;206,4;
2408000;"Powiat mikołowski";197,7;125,4;153,9;153,9;153,9;153,9;153,9;153,9;153,9;151,5;151,5;151,5;151,5;151,5;151,5;151,5;152,0;
2409000;"Powiat myszkowski";154,7;159,4;160,3;164,0;164,4;164,4;164,4;165,0;164,7;162,3;162,3;162,3;162,3;162,3;162,3;162,3;160,6;
2410000;"Powiat pszczyński";199,3;201,6;200,1;200,1;200,1;200,5;200,5;200,5;200,5;200,5;202,0;202,0;201,4;201,4;201,4;201,4;201,4;
2411000;"Powiat raciborski";163,4;177,1;177,1;177,1;164,2;164,2;164,2;164,2;164,2;164,2;164,2;164,2;164,2;164,2;164,2;164,2;164,2;
2412000;"Powiat rybnicki";106,8;107,9;104,7;104,7;104,7;104,7;104,7;104,7;104,7;106,9;106,9;106,9;107,2;107,2;107,2;107,2;107,2;
2413000;"Powiat tarnogórski";263,2;264,2;264,2;264,2;267,0;267,0;265,5;265,3;265,6;265,8;271,0;269,0;267,9;268,0;268,0;268,8;268,8;
2414000;"Powiat bieruńsko-lędziński";95,8;97,3;100,5;101,4;99,1;97,5;96,5;96,6;97,6;98,5;98,5;94,1;97,1;97,1;97,1;97,1;97,6;
2415000;"Powiat wodzisławski";221,5;222,3;222,3;207,7;207,6;207,6;207,6;204,6;200,4;202,6;202,6;202,6;202,6;202,6;201,9;203,9;201,9;
2416000;"Powiat zawierciański";453,2;463,3;467,9;468,5;468,5;472,5;472,5;474,3;489,1;472,5;475,0;475,7;477,3;477,2;478,7;489,5;489,5;
2417000;"Powiat żywiecki";348,6;349,9;349,9;349,9;348,7;348,7;348,7;348,7;298,9;335,7;335,5;334,9;334,9;334,9;335,0;341,9;341,7;
2461000;"Powiat m.Bielsko-Biała";103,6;104,5;104,0;104,0;104,0;104,8;104,8;104,8;108,8;108,8;108,8;112,3;112,3;109,3;105,9;105,9;105,9;
2462000;"Powiat m.Bytom";54,1;58,2;58,2;58,2;58,2;58,2;58,2;58,2;58,2;58,2;58,2;58,2;58,2;58,2;58,2;58,2;58,2;
2463000;"Powiat m.Chorzów";44,9;50,7;50,8;50,8;50,8;50,8;50,8;50,8;51,5;51,5;51,5;51,5;51,5;51,5;51,5;51,5;51,5;
2464000;"Powiat m.Częstochowa";110,6;126,5;126,5;128,3;126,9;125,6;125,8;125,6;125,7;125,7;126,3;126,2;128,2;128,7;128,7;128,7;128,7;
2465000;"Powiat m.Dąbrowa Górnicza";91,2;91,5;82,9;82,6;82,6;89,7;89,7;89,7;89,7;89,9;89,9;89,9;89,9;89,9;89,9;89,9;89,9;
2466000;"Powiat m.Gliwice";116,5;116,9;116,9;116,9;113,4;113,4;113,4;99,1;99,1;124,4;124,6;124,9;125,2;125,2;125,6;125,6;129,2;
2467000;"Powiat m.Jastrzębie-Zdrój";85,9;86,2;86,2;86,2;86,2;86,2;87,7;87,7;61,5;61,5;61,5;61,5;61,5;61,5;61,5;61,5;61,5;
2468000;"Powiat m.Jaworzno";83,7;86,3;86,3;86,3;86,3;86,3;86,3;98,2;102,8;102,8;102,8;102,7;103,0;103,0;103,6;103,9;107,2;
2469000;"Powiat m.Katowice";192,3;193,0;193,0;193,0;193,0;193,0;195,9;195,9;201,2;192,7;192,7;192,7;192,7;198,6;198,6;198,6;198,6;
2470000;"Powiat m.Mysłowice";60,8;63,7;63,0;63,0;63,0;63,0;63,0;63,8;63,8;63,8;63,8;63,8;63,8;63,8;63,8;63,8;63,8;
2471000;"Powiat m.Piekary Śląskie";34,9;35,8;35,8;37,1;37,1;37,1;37,1;37,1;37,1;37,1;35,8;35,9;35,9;35,9;35,9;35,9;35,9;
2472000;"Powiat m.Ruda Śląska";67,6;67,9;67,9;67,9;67,9;67,9;66,1;66,1;66,1;64,7;64,7;64,7;64,7;65,9;67,2;67,3;67,3;
2473000;"Powiat m.Rybnik";89,7;92,0;92,0;92,0;92,0;92,0;92,0;92,0;92,0;92,0;93,2;93,0;93,0;93,8;93,8;92,9;92,9;
2474000;"Powiat m.Siemianowice Śląskie";32,3;35,0;35,0;35,0;35,0;35,0;45,4;45,3;47,2;47,2;47,2;47,2;47,2;47,2;47,2;47,2;47,2;
2475000;"Powiat m.Sosnowiec";57,6;101,7;101,7;101,7;101,7;101,7;101,7;129,1;129,1;100,0;100,0;100,0;100,0;100,2;100,3;100,3;100,3;
2476000;"Powiat m.Świętochłowice";19,4;23,3;23,3;22,9;23,3;23,3;23,3;23,3;23,3;23,3;22,2;22,2;22,2;22,2;22,2;22,2;22,2;
2477000;"Powiat m.Tychy";74,3;74,6;76,5;83,8;84,3;84,3;84,3;78,8;78,8;79,0;80,6;81,9;81,9;81,9;81,9;85,0;85,0;
2478000;"Powiat m.Zabrze";51,4;51,6;51,6;50,5;50,5;50,5;50,5;50,5;50,5;50,5;50,5;50,5;50,5;50,4;50,5;50,4;50,4;
2479000;"Powiat m.Żory";45,6;47,6;47,6;47,6;47,6;47,6;47,6;47,6;48,1;47,6;47,5;47,7;48,7;48,7;48,7;48,4;48,0;
2601000;"Powiat buski";586,4;590,7;596,7;597,4;599,9;601,9;604,1;610,5;613,6;611,6;620,1;623,8;625,4;625,6;637,2;637,1;637,2;
2602000;"Powiat jędrzejowski";590,9;632,4;593,9;596,3;597,4;598,5;596,8;595,8;597,9;599,6;599,6;599,6;599,6;599,6;599,6;597,6;608,6;
2603000;"Powiat kazimierski";274,5;277,2;277,8;278,7;281,5;283,7;284,6;286,0;286,0;286,7;286,7;286,7;286,7;286,7;286,7;286,7;289,1;
2604000;"Powiat kielecki";1015,8;1015,6;1015,6;1017,4;1019,7;1019,6;1019,6;1018,5;1014,1;1015,1;1015,1;1015,1;1014,8;1012,1;1012,1;1014,0;1018,2;
2605000;"Powiat konecki";512,0;513,8;514,2;516,3;518,3;520,3;521,5;523,0;524,2;526,6;527,0;527,4;529,5;530,0;530,0;530,1;530,1;
2606000;"Powiat opatowski";379,7;395,0;399,0;407,0;407,0;411,0;413,0;413,0;416,0;426,0;428,0;438,0;448,0;454,0;467,4;474,2;474,2;
2607000;"Powiat ostrowiecki";252,1;265,8;271,1;273,1;273,1;276,7;282,0;296,1;299,2;303,5;307,4;310,0;310,0;310,0;310,0;320,0;312,2;
2608000;"Powiat pińczowski";310,4;312,6;312,6;312,6;315,1;315,6;315,2;315,2;316,0;316,0;316,0;316,0;316,8;316,8;317,8;317,8;323,8;
2609000;"Powiat sandomierski";304,7;304,6;304,6;312,2;312,2;314,2;319,1;316,5;320,4;321,4;327,3;328,1;329,0;330,1;329,1;329,3;329,3;
2610000;"Powiat skarżyski";167,9;168,1;168,1;177,8;174,5;174,7;169,6;167,3;167,3;167,3;168,3;167,3;168,0;168,0;170,0;170,0;168,2;
2611000;"Powiat starachowicki";242,0;243,8;239,6;235,2;231,3;231,3;235,0;235,8;231,1;231,1;231,5;231,5;232,4;232,4;230,8;230,8;230,8;
2612000;"Powiat staszowski";458,1;457,9;462,5;416,2;415,8;428,4;436,4;439,9;446,9;446,9;446,9;446,9;442,2;443,0;444,2;446,6;450,1;
2613000;"Powiat włoszczowski";338,9;346,8;346,8;346,9;347,5;347,5;347,8;347,8;347,8;348,2;348,2;348,2;348,2;348,2;352,2;352,2;352,2;
2661000;"Powiat m.Kielce";104,5;109,1;108,5;109,8;106,6;106,8;107,5;107,5;109,7;111,2;111,2;111,7;111,3;110,1;110,0;109,2;109,2;
2801000;"Powiat bartoszycki";377,6;414,8;415,6;415,6;415,6;392,8;392,8;392,8;392,8;392,8;383,3;367,9;367,9;367,9;367,9;367,9;367,9;
2802000;"Powiat braniewski";321,2;352,9;352,9;352,9;343,2;342,7;342,7;340,4;340,4;337,6;337,6;337,5;330,6;328,7;329,3;329,3;335,9;
2803000;"Powiat działdowski";280,6;308,3;308,3;310,3;305,6;305,8;305,8;301,8;304,2;304,2;304,1;304,1;304,1;304,1;304,1;304,1;304,1;
2804000;"Powiat elbląski";463,4;518,1;515,2;522,9;522,9;515,0;524,2;524,2;519,3;519,3;519,3;508,1;508,1;513,4;497,3;497,5;508,7;
2805000;"Powiat ełcki";287,2;318,5;320,3;326,2;326,8;296,7;296,3;296,5;284,3;284,9;284,9;281,6;270,7;271,3;268,8;268,8;270,1;
2806000;"Powiat giżycki";521,4;311,2;314,3;333,3;319,2;308,2;306,9;306,9;287,4;288,4;289,7;287,5;290,2;292,3;292,5;289,5;282,5;
2807000;"Powiat iławski";426,6;470,8;468,3;467,0;467,0;459,8;459,8;457,9;457,9;457,9;457,9;472,7;472,7;472,7;472,8;463,0;477,5;
2808000;"Powiat kętrzyński";349,8;384,3;384,3;384,3;384,0;383,6;382,4;382,4;383,9;383,9;382,3;382,3;381,7;376,4;376,2;366,3;370,9;
2809000;"Powiat lidzbarski";211,1;234,0;234,0;234,0;233,3;233,3;233,3;233,3;233,3;233,3;233,3;233,3;251,4;237,5;237,5;237,5;237,5;
2810000;"Powiat mrągowski";258,9;285,8;286,8;290,2;290,9;291,1;294,5;295,1;294,2;272,9;272,9;272,9;272,5;272,5;272,6;272,5;272,8;
2811000;"Powiat nidzicki";312,9;347,3;347,7;347,7;345,7;343,8;345,1;336,0;337,0;339,0;334,0;334,0;334,0;332,0;332,0;332,7;351,7;
2812000;"Powiat nowomiejski";205,0;226,6;226,6;226,6;225,1;225,1;225,8;226,6;227,1;227,1;227,1;227,1;227,1;228,9;228,5;228,5;226,6;
2813000;"Powiat olecki";379,7;285,4;285,4;287,4;293,4;293,4;293,4;290,6;290,6;305,5;305,5;307,1;306,5;305,8;305,8;280,0;277,2;
2814000;"Powiat olsztyński";647,2;735,7;735,6;735,7;724,8;724,8;719,2;722,2;722,2;719,1;688,9;681,8;671,6;681,7;681,7;681,7;675,0;
2815000;"Powiat ostródzki";497,0;546,2;545,1;547,0;547,0;547,0;550,8;537,4;537,4;537,4;537,4;565,3;574,3;575,3;574,3;574,3;586,3;
2816000;"Powiat piski";879,1;367,2;367,2;369,8;369,6;371,8;365,4;366,5;365,7;372,6;372,7;376,6;377,8;378,2;381,3;377,0;377,0;
2817000;"Powiat szczycieński";428,0;470,3;470,3;475,7;482,2;482,2;466,0;466,4;468,5;483,0;483,0;481,6;481,7;481,6;483,5;487,0;487,0;
2818000;"Powiat gołdapski";;193,1;193,8;193,8;193,1;193,8;194,1;194,1;194,1;194,1;194,1;194,1;194,1;194,7;194,9;194,9;194,9;
2819000;"Powiat węgorzewski";;216,3;216,3;216,4;216,4;216,4;216,4;216,4;216,4;218,2;216,0;216,0;215,7;215,7;215,7;215,7;211,8;
2861000;"Powiat m.Elbląg";100,4;96,1;96,1;100,7;103,7;103,6;92,4;94,2;94,1;94,6;97,1;96,1;96,2;97,0;103,9;103,4;103,9;
2862000;"Powiat m.Olsztyn";14,0;14,0;13,0;13,0;13,0;13,0;14,0;14,0;14,0;14,0;14,0;14,0;14,0;14,0;14,0;14,0;14,0;
3001000;"Powiat chodzieski";174,9;174,0;174,0;174,0;174,0;174,0;174,0;174,0;174,0;171,8;171,8;172,4;178,9;178,9;178,9;178,7;178,7;
3002000;"Powiat czarnkowsko-trzcianecki";299,6;301,2;301,2;302,1;302,3;302,3;302,3;300,5;300,5;300,5;300,0;300,0;300,0;300,0;307,0;300,0;299,9;
3003000;"Powiat gnieźnieński";593,6;606,0;587,4;587,6;589,5;589,5;589,2;589,8;584,7;590,2;590,4;590,6;590,9;591,9;592,1;594,0;594,2;
3004000;"Powiat gostyński";481,2;482,3;482,3;482,3;474,3;475,8;477,0;475,1;475,9;474,3;473,4;473,4;469,0;470,9;470,9;473,8;469,7;
3005000;"Powiat grodziski";213,2;216,7;217,4;217,4;222,3;223,6;223,9;221,2;221,6;221,9;220,8;223,8;223,8;218,0;218,0;217,1;217,1;
3006000;"Powiat jarociński";330,1;330,8;330,8;330,8;330,9;326,3;326,3;326,3;328,0;328,0;327,7;327,1;327,7;327,5;328,7;328,3;328,3;
3007000;"Powiat kaliski";456,6;462,9;464,0;463,9;459,5;463,4;463,4;465,7;465,9;467,9;467,9;474,6;476,5;477,6;478,1;441,8;430,2;
3008000;"Powiat kępiński";219,4;221,7;221,8;224,3;227,8;229,1;229,2;229,4;231,0;231,0;231,0;231,0;231,0;231,0;231,0;231,0;231,0;
3009000;"Powiat kolski";430,9;435,3;436,3;437,0;437,1;437,1;437,1;437,1;437,1;437,3;437,3;433,9;433,9;433,9;433,9;433,5;433,3;
3010000;"Powiat koniński";553,7;550,3;556,1;558,0;561,2;564,1;562,9;564,5;565,2;567,5;565,4;565,5;566,0;568,8;575,8;578,0;581,7;
3011000;"Powiat kościański";355,4;356,2;356,2;356,2;361,3;361,8;361,8;361,8;352,0;352,0;352,0;356,2;356,2;356,2;356,2;356,2;358,4;
3012000;"Powiat krotoszyński";418,2;419,7;419,8;420,4;420,8;420,8;421,8;421,8;422,2;422,8;422,8;422,9;422,4;422,6;422,1;423,0;423,4;
3013000;"Powiat leszczyński";350,5;351,3;351,9;351,9;349,4;349,4;350,7;350,7;351,0;351,0;351,3;351,3;351,3;352,3;352,3;352,3;348,8;
3014000;"Powiat międzychodzki";135,8;135,9;136,1;136,1;136,2;138,8;138,8;139,2;139,8;139,8;139,8;139,8;139,9;139,9;139,9;141,8;141,8;
3015000;"Powiat nowotomyski";307,6;290,1;290,1;284,2;285,2;284,2;285,1;285,3;286,5;286,8;286,8;286,8;286,8;286,8;286,8;286,1;286,8;
3016000;"Powiat obornicki";250,5;252,7;252,7;252,7;252,7;252,7;252,7;252,7;252,7;252,7;252,7;252,7;252,7;252,7;252,7;252,7;252,7;
3017000;"Powiat ostrowski";516,6;485,3;486,6;486,6;486,6;486,6;487,9;489,0;489,0;489,0;485,0;485,0;485,4;487,8;489,8;494,0;494,0;
3018000;"Powiat ostrzeszowski";210,8;224,3;226,3;226,3;226,3;232,7;232,7;228,9;231,5;237,2;239,3;239,3;239,3;239,3;239,3;239,3;239,3;
3019000;"Powiat pilski";412,5;413,4;413,4;413,4;418,8;418,8;418,8;418,8;418,5;419,6;419,6;420,9;418,9;402,1;402,7;404,2;405,1;
3020000;"Powiat pleszewski";348,6;349,4;350,9;353,0;352,8;352,8;352,8;352,8;353,8;354,0;353,9;353,9;353,2;355,4;358,6;357,9;358,7;
3021000;"Powiat poznański";675,8;678,4;678,5;678,5;688,1;689,7;689,7;689,7;693,2;679,4;679,8;680,4;680,4;674,0;673,6;678,7;673,1;
3022000;"Powiat rawicki";265,0;265,6;265,8;266,9;266,9;268,3;268,7;269,0;247,4;247,4;247,4;247,4;247,4;247,4;247,2;251,8;251,8;
3023000;"Powiat słupecki";317,8;342,3;342,3;343,6;338,2;337,8;337,8;336,8;335,3;335,0;334,3;335,4;334,2;334,2;334,1;334,1;323,1;
3024000;"Powiat szamotulski";340,5;341,2;341,3;340,5;340,8;340,8;340,8;355,7;343,8;343,8;343,8;355,9;343,3;343,3;343,3;361,1;343,6;
3025000;"Powiat średzki";285,3;287,0;291,1;287,4;288,3;288,3;288,3;288,5;290,8;290,8;290,8;290,8;291,3;291,3;291,3;291,3;291,3;
3026000;"Powiat śremski";264,7;265,3;263,8;266,1;266,1;266,1;266,1;266,1;262,0;241,2;240,2;240,2;240,2;240,2;240,2;240,2;240,6;
3027000;"Powiat turecki";317,6;318,8;318,8;321,0;321,0;321,0;319,8;319,8;319,8;319,4;317,2;317,2;317,2;315,7;315,7;312,0;303,9;
3028000;"Powiat wągrowiecki";353,2;354,0;354,5;354,9;355,8;358,5;364,4;364,4;357,8;357,8;356,1;350,6;350,3;353,1;351,4;351,4;351,4;
3029000;"Powiat wolsztyński";219,4;220,8;220,8;220,8;220,8;220,8;220,8;220,9;220,0;220,0;220,0;220,0;215,9;215,9;215,9;215,9;215,9;
3030000;"Powiat wrzesiński";280,7;281,3;281,3;283,7;288,8;288,9;288,9;288,9;290,2;292,2;292,2;292,2;292,2;292,2;294,3;294,3;294,2;
3031000;"Powiat złotowski";453,6;455,9;455,8;455,9;455,7;455,7;442,0;442,0;442,0;442,0;441,7;442,0;442,1;442,1;442,1;442,1;442,1;
3061000;"Powiat m.Kalisz";71,8;71,6;72,0;73,4;73,6;74,0;77,5;78,2;78,2;79,9;83,9;84,4;84,4;84,4;85,1;83,7;83,7;
3062000;"Powiat m.Konin";53,9;54,0;54,1;54,1;54,1;54,1;54,1;55,0;56,3;56,6;56,0;55,7;55,8;55,8;55,8;55,9;55,7;
3063000;"Powiat m.Leszno";44,1;44,2;44,2;44,2;45,1;45,1;45,1;45,1;45,1;46,0;46,0;46,0;46,0;45,6;45,6;45,6;45,6;
3064000;"Powiat m.Poznań";247,5;264,0;266,0;265,0;266,0;266,0;264,0;262,0;262,0;263,0;263,0;263,0;264,0;264,0;263,0;264,0;264,0;
3201000;"Powiat białogardzki";260,6;276,2;276,2;276,3;277,0;277,0;276,6;276,6;276,7;276,7;267,2;264,5;264,5;264,5;267,5;267,5;268,1;
3202000;"Powiat choszczeński";384,6;400,4;399,8;399,8;400,6;400,6;400,6;400,6;400,4;400,4;400,4;400,4;400,4;400,4;402,4;402,4;401,9;
3203000;"Powiat drawski";365,3;380,3;379,0;385,1;388,0;385,1;381,4;381,4;383,1;383,1;377,7;371,4;415,7;376,8;375,2;371,5;371,5;
3204000;"Powiat goleniowski";616,9;605,1;605,2;605,1;606,1;606,1;606,1;606,1;606,1;601,1;606,1;606,1;597,9;593,3;587,2;583,7;581,0;
3205000;"Powiat gryficki";461,2;480,2;480,2;480,2;322,8;322,8;322,8;322,8;327,1;332,4;332,4;332,4;332,4;332,4;332,4;332,4;332,4;
3206000;"Powiat gryfiński";543,6;565,9;565,9;568,4;561,0;561,0;561,0;561,0;561,0;562,3;564,4;550,9;550,9;550,9;550,9;550,9;550,9;
3207000;"Powiat kamieński";270,6;285,8;288,0;283,8;283,8;283,8;283,8;283,8;258,2;256,4;256,4;251,7;264,1;277,9;278,4;278,4;277,1;
3208000;"Powiat kołobrzeski";256,5;263,0;283,5;283,5;280,4;280,4;281,0;281,0;277,2;278,9;277,0;279,5;278,5;278,5;278,1;275,9;274,2;
3209000;"Powiat koszaliński";420,9;448,4;448,4;454,3;457,1;460,4;460,4;460,4;460,6;453,4;453,4;453,4;453,4;472,4;426,4;426,4;460,6;
3210000;"Powiat myśliborski";397,7;414,0;411,0;411,0;411,0;413,0;415,0;415,0;416,0;411,0;411,0;412,0;412,0;412,0;412,0;445,0;445,0;
3211000;"Powiat policki";181,3;188,8;193,6;193,6;193,6;193,6;193,6;193,6;193,6;176,6;119,9;119,9;119,9;119,9;172,4;172,4;172,4;
3212000;"Powiat pyrzycki";296,4;307,1;307,5;307,5;285,0;285,3;285,3;285,3;285,3;285,3;285,3;308,9;308,8;308,8;290,5;290,8;290,8;
3213000;"Powiat sławieński";332,2;345,9;346,0;338,3;336,8;322,7;322,7;321,5;321,5;321,5;321,5;321,5;321,5;321,5;318,1;318,1;318,1;
3214000;"Powiat stargardzki";733,4;627,3;627,2;623,4;623,4;617,7;618,7;618,7;605,7;600,4;633,8;615,8;600,7;593,5;581,4;581,3;566,5;
3215000;"Powiat szczecinecki";495,2;515,6;518,4;519,2;519,2;519,2;519,2;519,2;518,8;509,6;509,6;497,1;497,1;495,2;487,8;487,6;487,6;
3216000;"Powiat świdwiński";324,4;338,2;338,2;338,3;338,3;338,3;338,3;338,3;338,3;338,3;338,3;338,3;340,0;340,7;340,7;340,7;340,7;
3217000;"Powiat wałecki";234,8;245,7;245,7;245,7;245,7;237,9;237,9;237,9;237,9;237,9;237,9;237,8;231,4;231,4;231,4;231,4;231,4;
3218000;"Powiat łobeski";;354,3;354,3;354,3;354,3;353,4;353,4;355,1;355,1;353,1;350,7;350,7;349,0;350,0;350,0;350,0;350,8;
3261000;"Powiat m.Koszalin";51,6;54,7;54,7;57,6;57,6;57,6;57,6;59,9;59,9;67,3;68,8;68,8;68,8;68,8;71,1;73,6;73,6;
3262000;"Powiat m.Szczecin";222,8;232,0;232,0;232,0;232,0;228,7;228,7;229,7;229,7;229,7;241,5;241,5;241,5;241,5;241,5;241,5;241,5;
3263000;"Powiat m.Świnoujście";46,6;50,6;50,4;50,2;50,8;50,8;37,0;37,0;37,0;37,0;37,0;37,3;37,1;37,2;37,2;37,1;37,4;
