"Kod";"Nazwa";"rok;zbiorniki, silosy i budynki magazynowe (PKOB 1252);ogółem;powierzchnia użytkowa;2005;[m2]";"rok;zbiorniki, silosy i budynki magazynowe (PKOB 1252);ogółem;powierzchnia użytkowa;2006;[m2]";"rok;zbiorniki, silosy i budynki magazynowe (PKOB 1252);ogółem;powierzchnia użytkowa;2007;[m2]";"rok;zbiorniki, silosy i budynki magazynowe (PKOB 1252);ogółem;powierzchnia użytkowa;2008;[m2]";"rok;zbiorniki, silosy i budynki magazynowe (PKOB 1252);ogółem;powierzchnia użytkowa;2009;[m2]";"rok;zbiorniki, silosy i budynki magazynowe (PKOB 1252);ogółem;powierzchnia użytkowa;2010;[m2]";"rok;zbiorniki, silosy i budynki magazynowe (PKOB 1252);ogółem;powierzchnia użytkowa;2011;[m2]";"rok;zbiorniki, silosy i budynki magazynowe (PKOB 1252);ogółem;powierzchnia użytkowa;2012;[m2]";"rok;zbiorniki, silosy i budynki magazynowe (PKOB 1252);ogółem;powierzchnia użytkowa;2013;[m2]";"rok;zbiorniki, silosy i budynki magazynowe (PKOB 1252);ogółem;powierzchnia użytkowa;2014;[m2]";"rok;zbiorniki, silosy i budynki magazynowe (PKOB 1252);ogółem;powierzchnia użytkowa;2015;[m2]";"rok;zbiorniki, silosy i budynki magazynowe (PKOB 1252);ogółem;powierzchnia użytkowa;2016;[m2]";"rok;zbiorniki, silosy i budynki magazynowe (PKOB 1252);ogółem;powierzchnia użytkowa;2017;[m2]";"rok;zbiorniki, silosy i budynki magazynowe (PKOB 1252);ogółem;powierzchnia użytkowa;2018;[m2]";"rok;zbiorniki, silosy i budynki magazynowe (PKOB 1252);ogółem;powierzchnia użytkowa;2019;[m2]";
0201000;"Powiat bolesławiecki";96;11197;5090;8364;9089;6538;15435;1550;3267;6134;7661;47434;64311;57461;;
0202000;"Powiat dzierżoniowski";1812;624;653;841;1409;1113;1626;5770;3196;4608;332;297;2527;2311;;
0203000;"Powiat głogowski";853;4171;91;1660;5009;688;2843;1192;6838;7222;6935;609;1506;2911;;
0204000;"Powiat górowski";104;750;1047;190;0;800;699;533;504;340;127;1566;384;149;;
0205000;"Powiat jaworski";306;2152;147;4070;1005;231;920;933;315;577;2140;187;2655;723;;
0206000;"Powiat jeleniogórski";2336;69;1860;10143;0;0;0;0;0;0;740;801;0;0;;
0207000;"Powiat kamiennogórski";247;0;506;0;0;343;1131;1440;160;3003;593;1639;1766;0;;
0208000;"Powiat kłodzki";2664;3510;3264;1896;5073;3427;3018;1708;784;127;3723;3271;1256;21392;;
0209000;"Powiat legnicki";0;0;3395;44;35847;442;2019;1671;250;0;22735;633;5158;52486;;
0210000;"Powiat lubański";77;66;0;221;614;1590;1703;20856;200;330;3734;1685;0;14233;;
0211000;"Powiat lubiński";985;301;1507;455;3696;1652;5687;2135;835;113;1446;4044;4084;2056;;
0212000;"Powiat lwówecki";130;0;453;0;388;861;0;1044;0;211;0;1590;384;0;;
0213000;"Powiat milicki";1620;749;1246;2050;1283;1819;545;12422;2690;560;0;3694;360;0;;
0214000;"Powiat oleśnicki";4260;7266;1282;5282;1184;1012;1447;11688;3509;6145;40882;7804;44943;2651;;
0215000;"Powiat oławski";14194;21114;8499;1444;6438;381;1919;16806;639;8716;17913;7109;4798;13442;;
0216000;"Powiat polkowicki";393;138;11139;1547;1147;101;29866;25852;0;2277;36923;216;748;2756;;
0217000;"Powiat strzeliński";1450;0;1048;4878;8356;4072;896;5966;3463;4520;2341;7114;2847;929;;
0218000;"Powiat średzki";14943;4868;7710;12259;8286;1530;2137;4681;9293;4455;5767;9941;5064;6162;;
0219000;"Powiat świdnicki";7185;372;2525;3112;999;2529;4000;4867;5332;2886;12553;12177;7738;20954;;
0220000;"Powiat trzebnicki";0;2599;6787;3979;2999;233;1506;433;0;6725;2464;3066;1638;4134;;
0221000;"Powiat wałbrzyski";171;1080;3426;0;3348;3079;3180;3191;0;0;86;150;3991;991;;
0222000;"Powiat wołowski";520;722;9307;27;1127;710;533;1819;140;286;1202;5462;794;715;;
0223000;"Powiat wrocławski";34581;91326;97992;65584;64044;22093;52994;60097;56764;234311;122166;122526;110802;83734;;
0224000;"Powiat ząbkowicki";625;0;778;180;0;29;801;4641;3332;2637;782;1002;1270;4444;;
0225000;"Powiat zgorzelecki";0;636;0;0;0;0;20;999;28;0;0;509;1618;0;;
0226000;"Powiat złotoryjski";318;231;445;0;0;909;726;0;0;5619;1518;0;985;1446;;
0261000;"Powiat m.Jelenia Góra";85;398;484;2205;321;0;4836;345;2621;7922;4314;17822;490;2153;;
0262000;"Powiat m.Legnica";16048;36442;10470;2175;0;1208;7261;3216;4200;7099;2400;1602;409;2328;;
0264000;"Powiat m.Wrocław";8971;1260;33894;64527;103665;12929;15384;41753;34068;31378;15118;14338;20303;72055;;
0265000;"Powiat m.Wałbrzych od 2013";;;;;;;;;646;24;5890;2137;1709;2235;;
0401000;"Powiat aleksandrowski";0;233;0;0;127;0;648;4299;2356;2417;2711;7276;189;5925;;
0402000;"Powiat brodnicki";11846;1637;19893;12363;894;3032;4383;1765;4334;7706;14279;3620;7923;11335;;
0403000;"Powiat bydgoski";7175;16415;15221;15192;21114;8980;6292;11428;21782;2192;6003;10641;19831;10325;;
0404000;"Powiat chełmiński";1307;98;214;4653;1685;683;4760;1085;662;2587;2253;6120;1847;3171;;
0405000;"Powiat golubsko-dobrzyński";865;0;2275;15757;798;1372;3077;4696;3909;2871;4876;5485;3247;1405;;
0406000;"Powiat grudziądzki";138;529;688;9676;4580;3392;1017;1082;56;3714;2326;2798;1796;2669;;
0407000;"Powiat inowrocławski";7695;1594;1176;4921;12823;6837;11525;5869;35125;11063;9754;7116;8524;3634;;
0408000;"Powiat lipnowski";142;0;6327;3525;4387;328;2714;0;254;2922;21536;4174;487;6041;;
0409000;"Powiat mogileński";3750;108;1417;2050;763;1131;399;2540;65;34;75;2100;1119;840;;
0410000;"Powiat nakielski";1329;1652;3792;613;2045;293;5243;4782;6785;8693;15314;3775;1279;6171;;
0411000;"Powiat radziejowski";183;699;0;477;672;759;221;5090;327;1294;1346;353;899;1946;;
0412000;"Powiat rypiński";1784;2168;1152;5916;5329;3503;4308;3083;10955;2455;7053;3024;8455;4114;;
0413000;"Powiat sępoleński";1009;304;5157;263;86;840;1267;574;19653;370;2862;1097;2625;1118;;
0414000;"Powiat świecki";2912;345;254;3673;1141;330;88;72;188;1132;689;72;972;1741;;
0415000;"Powiat toruński";2183;434;37826;12500;15833;35969;11223;2117;4159;7776;8638;0;0;1505;;
0416000;"Powiat tucholski";268;875;1244;410;368;198;32;94;171;4015;628;1152;203;451;;
0417000;"Powiat wąbrzeski";3464;2958;2378;15001;10858;3483;6709;3987;2267;987;2639;418;47413;144;;
0418000;"Powiat włocławski";883;0;0;730;735;144;1897;1387;1173;1990;2860;2086;3032;8086;;
0419000;"Powiat żniński";4463;250;22;156;15155;835;3007;1678;316;5175;4858;997;2896;773;;
0461000;"Powiat m.Bydgoszcz";6199;18439;16298;24838;31560;9842;22246;6633;19593;25923;10527;60055;136657;8339;;
0462000;"Powiat m.Grudziądz";953;1605;5503;6900;507;1307;3266;37098;2528;9332;8853;10440;885;21729;;
0463000;"Powiat m.Toruń";21601;14164;14205;20519;17338;6018;9044;13949;18216;3690;19914;9090;20832;28129;;
0464000;"Powiat m.Włocławek";7609;21285;6115;11659;8104;10664;0;3930;4116;9637;1317;1245;5586;839;;
0601000;"Powiat bialski";2097;4836;6653;2216;8864;5644;9164;7820;3885;5017;10562;2180;5102;6771;;
0602000;"Powiat biłgorajski";2368;498;11016;429;1169;3934;4279;1972;688;3202;3335;4390;1025;3139;;
0603000;"Powiat chełmski";348;433;1770;1033;2358;0;453;0;147;0;5143;246;7133;621;;
0604000;"Powiat hrubieszowski";0;3958;1952;123;0;3769;150;1956;1613;1508;893;1438;4100;3946;;
0605000;"Powiat janowski";425;1838;0;0;216;0;18;6446;352;124;3787;723;950;2406;;
0606000;"Powiat krasnostawski";838;1532;211;0;574;3311;4812;2892;1492;1883;123;3087;1960;6447;;
0607000;"Powiat kraśnicki";1120;832;134;2457;838;29;1425;3930;1692;115;4307;1395;440;2851;;
0608000;"Powiat lubartowski";0;1497;5423;1046;274;368;2144;4658;28726;7283;2115;2544;6029;2598;;
0609000;"Powiat lubelski";7682;5723;5447;5587;1995;4565;3349;5486;2769;5260;6619;6170;7364;3135;;
0610000;"Powiat łęczyński";0;0;961;320;575;860;0;532;9938;2834;251;0;1493;0;;
0611000;"Powiat łukowski";1562;425;1467;1645;3035;1682;1482;579;643;2747;742;8094;4924;2632;;
0612000;"Powiat opolski";658;1941;345;783;1886;501;4617;1908;8088;1411;4370;1960;1532;2989;;
0613000;"Powiat parczewski";63;276;576;0;2267;812;3022;2001;556;538;1276;1719;2847;2845;;
0614000;"Powiat puławski";1204;6068;1369;5880;22563;14204;0;8863;2914;891;8836;95;1729;678;;
0615000;"Powiat radzyński";55;4143;2009;137;514;3257;1761;1341;3537;406;1817;3023;5107;47;;
0616000;"Powiat rycki";6005;0;52;778;2751;12176;1666;4476;2144;1649;1960;329;7080;7721;;
0617000;"Powiat świdnicki";5233;4306;3423;351;1360;2450;13295;7388;808;2431;869;2075;9213;248;;
0618000;"Powiat tomaszowski";1063;195;7520;278;0;514;1328;12767;4754;610;506;108;493;1063;;
0619000;"Powiat włodawski";211;56;92;34;0;0;340;1322;1744;970;0;283;0;97;;
0620000;"Powiat zamojski";1387;375;925;82;758;0;1088;2573;3078;6724;3501;4020;0;625;;
0661000;"Powiat m.Biała Podlaska";3742;1305;2224;935;828;3200;384;1570;348;1247;5102;806;2652;5041;;
0662000;"Powiat m.Chełm";224;3385;1555;2380;3739;90;879;204;178;1060;2094;2086;636;2440;;
0663000;"Powiat m.Lublin";16248;9345;9292;14656;6222;10843;26524;8590;7360;6500;50989;31209;110294;45027;;
0664000;"Powiat m.Zamość";221;1802;2849;2314;895;770;0;0;1306;109;1332;251;1116;2525;;
0801000;"Powiat gorzowski";4551;3059;25362;15030;13165;23750;381;2950;3877;9252;5547;30706;10607;9656;;
0802000;"Powiat krośnieński";2560;134;214;539;642;3060;732;1078;2439;0;276;0;390;42665;;
0803000;"Powiat międzyrzecki";1101;1259;42;1235;875;403;2709;5792;11135;1919;3274;5531;1518;22;;
0804000;"Powiat nowosolski";10568;2602;6587;3975;2371;17310;14976;3795;8576;6424;20553;15570;9698;23109;;
0805000;"Powiat słubicki";290;567;896;19444;147;3067;1155;4774;353;4863;7867;6426;18900;36387;;
0806000;"Powiat strzelecko-drezdenecki";4509;672;6129;597;831;706;1933;1730;1011;1054;1556;1246;1183;1156;;
0807000;"Powiat sulęciński";2848;116;1857;150;205;958;656;1693;637;2675;916;1168;271;1342;;
0808000;"Powiat świebodziński";0;2035;2935;2482;355;2058;15038;3793;8857;3195;4460;17236;2250;68037;;
0809000;"Powiat zielonogórski";4453;7522;2276;10480;31039;9497;1900;16047;2239;14825;7220;16216;2669;5593;;
0810000;"Powiat żagański";6649;2645;18073;691;2149;2514;3705;3315;1632;1781;2519;4283;4464;4090;;
0811000;"Powiat żarski";561;2638;8382;2556;38968;8721;1582;3108;2203;5030;9240;5141;6102;1738;;
0812000;"Powiat wschowski";8007;730;503;1347;5530;1749;668;4664;3654;964;0;4834;0;0;;
0861000;"Powiat m.Gorzów Wielkopolski";2946;3549;0;1822;30338;1095;489;820;27194;1764;25690;11993;32550;6294;;
0862000;"Powiat m.Zielona Góra";4664;1554;0;21018;3961;3054;6266;1118;1835;3341;5421;21519;12247;0;;
1001000;"Powiat bełchatowski";4994;3013;1349;387;91;85;630;616;582;0;222;470;0;0;;
1002000;"Powiat kutnowski";657;4443;4355;2353;7199;7930;22177;28967;8873;1534;37608;31955;5128;7890;;
1003000;"Powiat łaski";1305;67;491;6411;0;745;327;515;641;3852;735;1116;4613;0;;
1004000;"Powiat łęczycki";97;91;821;383;969;5084;5247;3536;1277;1033;1290;8799;11179;0;;
1005000;"Powiat łowicki";4562;4239;4196;2280;1622;3601;5280;3943;4648;5191;2202;1482;1236;3271;;
1006000;"Powiat łódzki wschodni";192;294;492;150;604;1295;11416;10731;7727;1219;1230;1622;354;836;;
1007000;"Powiat opoczyński";2453;388;1463;1915;510;4824;563;3894;1368;630;48362;4961;1913;8607;;
1008000;"Powiat pabianicki";9324;13221;6678;7808;11530;7990;12266;16559;13808;4144;5088;10803;8328;5738;;
1009000;"Powiat pajęczański";2538;1566;544;1119;172;1891;8353;9572;2452;514;1788;2202;7425;6410;;
1010000;"Powiat piotrkowski";3065;42713;120830;5976;34939;8396;47222;897;3593;1615;905;345;119978;4383;;
1011000;"Powiat poddębicki";140;169;632;0;8162;666;3128;3751;631;198;0;598;19827;139;;
1012000;"Powiat radomszczański";5887;47011;14380;6080;50215;4391;6797;44313;2525;17350;3287;32446;6756;7768;;
1013000;"Powiat rawski";449;4504;20226;7276;22595;1348;8075;35920;8805;28633;6023;33226;9029;600;;
1014000;"Powiat sieradzki";1185;0;838;2723;115;10353;10423;42442;5967;3866;2519;36810;7066;3788;;
1015000;"Powiat skierniewicki";1662;0;0;181;404;2036;3594;3467;8306;5589;7407;5172;1701;2131;;
1016000;"Powiat tomaszowski";1791;4267;3527;15941;803;2614;827;35242;3694;13444;4053;1940;13031;3481;;
1017000;"Powiat wieluński";824;4488;4976;3674;1058;640;2125;6400;366;2836;1615;3270;2476;3743;;
1018000;"Powiat wieruszowski";371;6207;5002;0;6914;2575;2930;3172;664;4225;6730;4177;7343;11692;;
1019000;"Powiat zduńskowolski";1377;716;25427;224;210;2616;3970;2310;3292;2205;4759;6304;1969;2330;;
1020000;"Powiat zgierski";13322;58866;73796;90027;105169;66596;25078;37477;30217;75966;25142;129655;150172;105020;;
1021000;"Powiat brzeziński";2266;501;1224;4150;263;2193;340;1804;1112;417;4246;5920;0;3589;;
1061000;"Powiat m.Łódź";27729;23622;76516;114290;34755;31247;14951;37418;15682;18598;23313;33825;46248;160055;;
1062000;"Powiat m.Piotrków Trybunalski";35248;47469;46995;75657;23510;4985;8006;6420;2560;2357;4100;2474;1308;1070;;
1063000;"Powiat m.Skierniewice";4880;6510;1229;9053;10252;3599;1376;1503;1371;4450;1331;66;1136;868;;
1201000;"Powiat bocheński";2913;1064;9567;204;815;3627;14076;5179;1775;3904;3029;2975;4409;11958;;
1202000;"Powiat brzeski";0;1243;24178;927;2148;4029;2482;1519;1523;2985;2210;189;2885;0;;
1203000;"Powiat chrzanowski";8874;952;821;5253;1683;4472;2566;3869;783;2203;9775;4764;2335;7710;;
1204000;"Powiat dąbrowski";61;49;1538;2238;856;750;548;805;1471;4217;949;841;727;0;;
1205000;"Powiat gorlicki";0;1506;2133;1889;1788;172;2128;1941;815;3490;2218;2935;3201;4048;;
1206000;"Powiat krakowski";210;11473;36200;39561;8221;21146;114;34305;1008;47524;53176;54456;62775;28229;;
1207000;"Powiat limanowski";1636;1402;2495;8743;6527;3721;3299;427;890;6274;5069;4324;2575;5289;;
1208000;"Powiat miechowski";188;0;0;0;1339;828;1020;0;0;2996;0;74;16;0;;
1209000;"Powiat myślenicki";12222;673;12332;12233;6527;1722;6600;8327;12994;19191;9234;9339;7463;19454;;
1210000;"Powiat nowosądecki";342;9800;3652;6278;3692;19827;4546;26014;11994;684;2105;480;0;1735;;
1211000;"Powiat nowotarski";962;1534;1144;1218;2783;1182;1218;1886;4653;2333;8409;4006;4909;19701;;
1212000;"Powiat olkuski";1524;4494;15284;9861;1587;8235;872;1261;2464;4034;2376;1274;24696;7905;;
1213000;"Powiat oświęcimski";83;1749;15886;25975;6330;3028;1860;4641;2586;6374;14711;17582;5091;9104;;
1214000;"Powiat proszowicki";0;1332;2082;0;1720;92;4059;1284;1994;817;1544;201;199;1342;;
1215000;"Powiat suski";934;189;2853;0;542;2063;521;2046;1396;1928;392;0;863;3825;;
1216000;"Powiat tarnowski";9643;0;0;9280;3533;11293;7739;5772;9517;3041;7461;4312;9049;4223;;
1217000;"Powiat tatrzański";0;0;0;0;0;0;0;0;573;0;0;0;0;318;;
1218000;"Powiat wadowicki";5944;3244;7025;6066;8702;1031;6146;5604;9716;2111;4678;7408;4739;7131;;
1219000;"Powiat wielicki";1619;10918;6157;5461;11111;5140;4349;11338;9974;8381;13143;7741;46525;37107;;
1261000;"Powiat m.Kraków";16935;29263;21978;31903;13638;41317;35814;23098;17930;18248;3920;18026;32934;12367;;
1262000;"Powiat m.Nowy Sącz";839;3236;7083;387;497;1083;2406;8557;4052;1466;480;3723;7248;6548;;
1263000;"Powiat m.Tarnów";21014;2224;6860;3251;5237;9299;3452;4549;2988;910;10787;17094;2515;1381;;
1401000;"Powiat białobrzeski";831;2540;2550;323;430;796;3743;0;705;329;6436;0;3025;90;;
1402000;"Powiat ciechanowski";1362;4317;5687;14898;3451;6228;5699;1381;1973;2667;2192;3726;1224;148;;
1403000;"Powiat garwoliński";1681;11378;7170;32866;7841;7436;7577;2899;6944;11347;4725;11128;6496;28697;;
1404000;"Powiat gostyniński";4084;428;573;3205;1184;1234;2560;2077;938;847;1736;5741;1407;964;;
1405000;"Powiat grodziski";7844;19597;14489;1278;16154;2764;1100;2815;1347;4504;8997;3395;87725;26422;;
1406000;"Powiat grójecki";10147;1743;557;879;2130;14495;5315;16074;34857;37963;5103;25223;5284;9193;;
1407000;"Powiat kozienicki";383;548;1214;562;1348;3523;4437;2629;9333;1650;4778;1742;2148;4645;;
1408000;"Powiat legionowski";866;11097;4312;6143;6675;890;144;521;11086;0;2404;1050;701;0;;
1409000;"Powiat lipski";447;1390;2839;2060;596;991;1070;533;341;780;2763;4207;0;0;;
1410000;"Powiat łosicki";91;565;1787;3362;7086;961;552;853;468;465;393;3365;4822;4307;;
1411000;"Powiat makowski";969;572;95;2135;1583;215;1747;1051;7858;0;0;0;3942;1249;;
1412000;"Powiat miński";3063;1862;4447;7691;4292;3607;17435;14121;2450;3331;4640;8936;14484;60947;;
1413000;"Powiat mławski";10041;4174;20296;0;1070;5974;1999;3651;1352;2433;2697;3633;11779;4874;;
1414000;"Powiat nowodworski";1146;2531;15397;8566;18265;13013;20074;6151;2462;5462;4170;68221;31324;19082;;
1415000;"Powiat ostrołęcki";1154;2950;8282;4683;2189;629;1606;2761;1935;4364;4271;5894;1719;4060;;
1416000;"Powiat ostrowski";4646;3722;6680;4763;5289;5346;6303;330;5043;14818;19230;3046;6403;6410;;
1417000;"Powiat otwocki";6081;4607;3140;11897;10702;13072;17395;17792;14976;8792;10554;24135;3645;11203;;
1418000;"Powiat piaseczyński";35920;55682;58159;131097;48558;32028;76960;28005;45558;49697;32497;39438;19494;22718;;
1419000;"Powiat płocki";2021;3163;1942;493;2362;1273;364;10323;488;5442;4008;2965;2732;3529;;
1420000;"Powiat płoński";2585;9011;3731;5581;5511;1185;3402;7537;1335;1914;11387;2223;26834;8602;;
1421000;"Powiat pruszkowski";64000;70710;43414;30689;75597;38983;9470;26920;46852;32644;8867;104541;71754;81922;;
1422000;"Powiat przasnyski";3356;1556;0;2944;1064;683;117;713;390;1821;1120;74;191;3660;;
1423000;"Powiat przysuski";285;76;0;0;1234;1897;2199;1192;1573;53;815;62;1574;1491;;
1424000;"Powiat pułtuski";924;2458;1117;192;1372;319;3659;3887;308;2206;0;693;1985;4316;;
1425000;"Powiat radomski";1318;2834;809;0;2576;359;0;1875;378;293;872;1216;458;7282;;
1426000;"Powiat siedlecki";4030;3987;11254;0;599;3301;1422;8609;6268;2091;9129;4616;14113;3670;;
1427000;"Powiat sierpecki";1982;0;1516;2153;296;2502;1620;2418;96;477;625;424;686;32;;
1428000;"Powiat sochaczewski";50544;3178;113864;33087;6234;15093;4997;1802;7657;1142;1760;6160;4317;4695;;
1429000;"Powiat sokołowski";711;5868;684;4312;4578;0;5828;3605;2308;3781;7812;5894;10749;7543;;
1430000;"Powiat szydłowiecki";239;0;162;0;1652;0;623;1869;185;1084;62;497;269;1621;;
1432000;"Powiat warszawski zachodni";61317;98987;42642;186544;244925;79374;56952;44322;43188;44020;91418;134866;185455;136464;;
1433000;"Powiat węgrowski";2605;296;3362;725;508;883;2378;1460;3835;1170;5018;1513;3090;983;;
1434000;"Powiat wołomiński";23298;17768;6167;12589;12156;5308;12683;14001;1166;17498;26360;7394;10848;33819;;
1435000;"Powiat wyszkowski";379;249;1315;116;2901;11327;533;1233;3492;1513;2180;563;8438;2281;;
1436000;"Powiat zwoleński";65;196;0;0;392;746;1890;1843;1780;1311;5382;1826;2277;352;;
1437000;"Powiat żuromiński";253;732;14044;275;314;1436;3504;431;3514;3304;11994;1730;1868;2226;;
1438000;"Powiat żyrardowski";19014;6424;40803;49484;6616;10612;4401;3229;5426;1290;57279;6340;25589;2758;;
1461000;"Powiat m.Ostrołęka";7810;250;1602;2297;1257;5127;1241;792;7665;3825;6065;1120;339;5154;;
1462000;"Powiat m.Płock";2502;759;6891;4913;4096;2185;2821;2883;9097;2576;9383;978;11150;5009;;
1463000;"Powiat m.Radom";9926;9164;8960;13043;9609;12667;7896;44271;17088;31461;17131;36146;20929;21875;;
1464000;"Powiat m.Siedlce";7441;2358;2525;2107;4224;1524;1758;1399;645;7545;2116;6548;5330;5697;;
1465000;"Powiat m. st. Warszawa";31374;19729;103823;47907;90672;28487;53915;55760;39910;21495;22233;45456;54346;23355;;
1601000;"Powiat brzeski";0;745;5337;7586;3658;2603;1331;4956;10352;2056;2072;471;6767;2415;;
1602000;"Powiat głubczycki";23;0;11859;402;537;1403;5312;2171;4801;9020;10542;2982;737;20620;;
1603000;"Powiat kędzierzyńsko-kozielski";4339;0;5140;2475;9069;1034;3852;7310;6452;5322;4932;2404;6379;1557;;
1604000;"Powiat kluczborski";549;1352;0;379;252;78;2779;4081;222;3236;424;2347;3471;4780;;
1605000;"Powiat krapkowicki";20;0;6316;2584;6538;2269;408;6079;11280;1010;4139;6316;33456;29246;;
1606000;"Powiat namysłowski";953;683;5020;8219;302;1342;3688;0;1013;0;4930;3119;420;405;;
1607000;"Powiat nyski";5464;327;2072;1822;2642;9514;8301;6577;4986;4771;5235;6173;569;2437;;
1608000;"Powiat oleski";3274;885;609;2263;1075;1594;5876;1344;969;2041;2944;4005;3066;8327;;
1609000;"Powiat opolski";2305;7899;4949;11245;19504;5964;4547;2506;17191;6700;17168;14363;36926;14231;;
1610000;"Powiat prudnicki";403;2115;2496;374;628;4583;203;140;0;3435;5551;4997;1045;2140;;
1611000;"Powiat strzelecki";188;216;3385;0;0;0;24;19734;1632;4543;10078;1965;12036;4540;;
1661000;"Powiat m.Opole";56;0;684;1317;2600;2079;7044;4095;6522;46312;1121;12253;11965;2535;;
1801000;"Powiat bieszczadzki";719;280;627;0;838;381;0;0;0;6;615;253;0;0;;
1802000;"Powiat brzozowski";0;0;227;895;513;1397;1732;0;0;608;483;1302;147;0;;
1803000;"Powiat dębicki";9881;22083;3766;32328;1872;3638;15962;4566;9086;36566;19625;18520;33201;12318;;
1804000;"Powiat jarosławski";1337;1480;1640;2623;535;1630;2439;4773;2629;1859;1738;14605;2183;8352;;
1805000;"Powiat jasielski";575;1118;3631;184;739;1946;387;1897;109;178;1058;875;880;5147;;
1806000;"Powiat kolbuszowski";4527;911;201;6932;692;252;536;1156;44;183;735;1771;1976;1931;;
1807000;"Powiat krośnieński";2080;994;244;117;431;1062;428;142;267;1536;2906;2469;6176;272;;
1808000;"Powiat leżajski";1847;464;565;0;1168;96;3111;433;84;491;300;288;2129;392;;
1809000;"Powiat lubaczowski";83;689;20;1029;205;390;491;99;1023;1148;3507;1178;813;231;;
1810000;"Powiat łańcucki";3115;7399;1473;117;0;803;7008;7973;9702;1786;9662;8836;6173;10244;;
1811000;"Powiat mielecki";30882;1718;4957;10588;18910;562;309;202;612;200;2253;29401;5930;21509;;
1812000;"Powiat niżański";206;3402;794;1433;3199;9954;4634;3842;518;6042;1428;3050;1427;6354;;
1813000;"Powiat przemyski";1404;0;0;698;458;0;247;1447;1092;0;0;1454;1602;0;;
1814000;"Powiat przeworski";3035;0;0;270;579;114;763;423;1294;1091;1500;1196;603;0;;
1815000;"Powiat ropczycko-sędziszowski";710;1955;5268;1596;11184;596;1466;639;1261;8157;297;1375;1289;4418;;
1816000;"Powiat rzeszowski";11607;6067;5943;16434;16363;7192;10415;10693;16393;11933;36138;36149;30715;4795;;
1817000;"Powiat sanocki";621;209;2973;1710;1744;1094;220;1089;349;0;1264;3024;2747;3560;;
1818000;"Powiat stalowowolski";2508;5954;6365;7979;522;75;2919;10602;4694;2433;7166;6298;17589;15394;;
1819000;"Powiat strzyżowski";356;17;0;748;717;111;0;0;240;0;1206;3035;0;179;;
1820000;"Powiat tarnobrzeski";46;448;1551;181;10651;23;6285;66505;387;1220;29490;762;7374;1217;;
1821000;"Powiat leski";370;0;0;824;857;0;131;0;410;58;940;0;0;72;;
1861000;"Powiat m.Krosno";37;1181;2252;1167;3373;1939;1166;2665;1879;182;744;819;4673;2369;;
1862000;"Powiat m.Przemyśl";1129;0;0;1447;1131;836;0;364;360;511;2310;8419;8664;6807;;
1863000;"Powiat m.Rzeszów";5832;13047;3561;10619;7934;10027;6347;7612;6918;15922;13851;6885;6869;10446;;
1864000;"Powiat m.Tarnobrzeg";1381;951;495;2837;586;196;3097;329;295;213;1096;1301;565;3301;;
2001000;"Powiat augustowski";6537;1345;8630;233;2078;118;1362;996;1907;3103;154;156;0;2394;;
2002000;"Powiat białostocki";6332;1139;7728;3395;2875;7288;6617;6422;3429;5699;4440;6853;8669;2664;;
2003000;"Powiat bielski";570;1058;6943;2422;5384;1402;2973;3585;4605;7356;511;3594;6999;6504;;
2004000;"Powiat grajewski";197;265;1085;176;0;943;925;0;173;195;0;5140;589;3578;;
2005000;"Powiat hajnowski";12408;1713;10728;279;1251;70;702;583;861;227;5502;2453;1758;232;;
2006000;"Powiat kolneński";28;498;1057;2537;176;0;0;350;209;796;0;0;370;289;;
2007000;"Powiat łomżyński";30;40;3011;579;0;2029;162;646;2154;1436;2995;871;200;0;;
2008000;"Powiat moniecki";306;0;1595;1253;0;653;495;399;1442;2525;941;1462;0;0;;
2009000;"Powiat sejneński";180;360;396;0;0;0;0;0;118;62;0;193;0;0;;
2010000;"Powiat siemiatycki";966;305;2940;1635;353;149;11924;3045;114;4083;4182;654;638;732;;
2011000;"Powiat sokólski";1467;2807;1771;0;604;2602;1196;2426;2223;389;1296;2322;1876;3115;;
2012000;"Powiat suwalski";532;0;0;50;0;1500;0;211;236;2922;52;572;118;0;;
2013000;"Powiat wysokomazowiecki";9697;1444;478;3304;0;2857;1599;660;192;1985;3237;2666;532;446;;
2014000;"Powiat zambrowski";153;61;212;1147;6063;918;2396;18485;4425;2157;2678;3018;1798;3407;;
2061000;"Powiat m.Białystok";18387;9982;10338;14269;5270;9551;4436;19724;6868;4769;9149;13596;21985;10183;;
2062000;"Powiat m.Łomża";2354;10199;3281;2765;1640;1301;1879;1937;1922;5015;3620;7956;1783;4207;;
2063000;"Powiat m.Suwałki";1726;6353;51252;1427;14831;1406;568;3407;3641;1729;14543;4093;35736;19600;;
2201000;"Powiat bytowski";1398;1104;0;288;426;1733;864;0;1488;418;4989;774;185;38;;
2202000;"Powiat chojnicki";6626;8697;3943;1507;406;9780;5234;12628;3515;689;3115;6631;13276;790;;
2203000;"Powiat człuchowski";276;140;761;7405;551;3196;1688;4413;4577;691;11728;3461;1947;4210;;
2204000;"Powiat gdański";16019;17413;72287;52436;13712;21318;16048;34978;26053;72642;33666;56428;54919;35569;;
2205000;"Powiat kartuski";3265;18721;10625;10039;13186;8413;5940;8915;5832;5728;8237;9986;8454;10748;;
2206000;"Powiat kościerski";2493;794;1794;1317;3076;2212;1354;1838;1014;563;1509;6806;1536;794;;
2207000;"Powiat kwidzyński";8657;9643;5237;4630;6358;1782;1246;7918;6094;1185;2293;1514;1486;689;;
2208000;"Powiat lęborski";137;6835;384;1966;17180;665;250;686;83;360;5392;3165;0;1099;;
2209000;"Powiat malborski";113;117;1403;429;1103;2129;2617;1527;43;285;3179;6007;3586;3379;;
2210000;"Powiat nowodworski";756;697;775;376;275;107;530;5733;0;919;1641;0;1881;2991;;
2211000;"Powiat pucki";755;3524;263;0;1262;304;321;259;3356;2472;6038;1098;3515;1744;;
2212000;"Powiat słupski";607;3990;0;20708;4657;6137;2327;5016;6447;3038;20387;20141;12629;11508;;
2213000;"Powiat starogardzki";5890;177;2187;6882;647;1311;5795;4072;26631;4572;5843;4634;3738;9287;;
2214000;"Powiat tczewski";0;8112;3592;330;0;179;358;4844;4248;2799;9528;6937;5001;15264;;
2215000;"Powiat wejherowski";6422;7069;6192;6763;7013;10605;22475;19256;4040;1782;6961;17197;5328;11219;;
2216000;"Powiat sztumski";608;56;1397;0;1659;1539;1457;1130;2821;1920;3140;13345;511;4209;;
2261000;"Powiat m.Gdańsk";1963;8285;35359;29234;7849;13437;14206;23474;63030;43324;55314;37118;59814;157785;;
2262000;"Powiat m.Gdynia";9959;7507;13350;13144;17320;6260;452;5536;15895;37361;6907;17797;22154;2191;;
2263000;"Powiat m.Słupsk";4762;703;12886;248;5557;6897;10166;1393;142;1513;1124;3150;3554;1719;;
2264000;"Powiat m.Sopot";0;171;0;0;0;0;0;0;0;0;0;0;0;0;;
2401000;"Powiat będziński";6089;1092;0;42260;7876;17713;5853;14872;16550;10380;5312;4001;56906;33947;;
2402000;"Powiat bielski";1641;6413;3505;3385;6835;1794;11398;1872;3138;1986;12261;9371;27316;13243;;
2403000;"Powiat cieszyński";4083;1174;7773;6802;2917;516;7580;8993;5649;1985;3349;19644;14463;10130;;
2404000;"Powiat częstochowski";2944;1750;8730;470;3800;2839;6310;7961;5855;6142;844;7045;8011;5195;;
2405000;"Powiat gliwicki";2065;0;4690;5571;34238;6514;13453;24467;3282;30063;1216;7678;13988;1117;;
2406000;"Powiat kłobucki";1048;2544;1200;5167;2678;3439;1952;0;3275;2743;386;1011;3057;4815;;
2407000;"Powiat lubliniecki";3747;556;2534;5887;5443;1706;1015;735;4803;1844;2003;478;2317;8589;;
2408000;"Powiat mikołowski";6486;561;1110;6120;3294;3758;5231;4503;3760;10179;2633;5259;5220;1939;;
2409000;"Powiat myszkowski";2055;304;2457;6666;2518;2757;18646;1768;816;6695;906;2105;3944;4528;;
2410000;"Powiat pszczyński";0;2124;2902;199;15418;1047;5621;1574;14039;8354;1965;4686;3736;2957;;
2411000;"Powiat raciborski";47;381;1382;3692;10804;2241;2980;3014;5773;624;1374;1573;429;15939;;
2412000;"Powiat rybnicki";218;10268;3797;762;2346;2586;1248;243;160;274;13308;78;79;1634;;
2413000;"Powiat tarnogórski";1410;5722;3421;7555;3301;13203;4174;8325;661;3609;557;15583;4468;44801;;
2414000;"Powiat bieruńsko-lędziński";455;545;559;12066;1260;2641;7945;560;1724;22030;7034;1229;14617;10272;;
2415000;"Powiat wodzisławski";2543;2025;2738;2858;1011;1899;1410;3542;2984;1325;1736;3270;1900;1586;;
2416000;"Powiat zawierciański";2119;2847;513;1318;1737;6267;6080;14981;2938;2984;1200;4168;3067;7103;;
2417000;"Powiat żywiecki";1529;0;0;8746;0;0;281;418;0;0;116;81;0;78;;
2461000;"Powiat m.Bielsko-Biała";4184;29219;43160;11322;14951;3758;26579;3025;10208;17580;7215;12627;2095;7660;;
2462000;"Powiat m.Bytom";3000;280;516;290;495;0;917;540;900;2708;375;3621;4711;2425;;
2463000;"Powiat m.Chorzów";2351;80276;4198;17810;93174;1230;2697;7883;910;7623;185;28752;4910;2483;;
2464000;"Powiat m.Częstochowa";4484;1675;14098;25941;12263;225;13791;10727;4649;28038;11777;13392;20946;25526;;
2465000;"Powiat m.Dąbrowa Górnicza";7624;54867;24112;34407;3186;833;1528;4282;5112;862;769;15831;11063;17423;;
2466000;"Powiat m.Gliwice";10972;20143;57720;67851;22470;60496;45135;45063;12826;43786;25944;59113;18969;24275;;
2467000;"Powiat m.Jastrzębie-Zdrój";1710;51;1092;2292;4648;1668;7093;3920;2221;1663;2951;3254;5479;1052;;
2468000;"Powiat m.Jaworzno";351;764;0;2651;125;0;0;2345;0;84;11316;5442;3328;5469;;
2469000;"Powiat m.Katowice";34280;0;21824;10091;24553;4143;3394;4794;24426;9664;15179;6542;32992;4722;;
2470000;"Powiat m.Mysłowice";37;0;427;7227;59042;15608;504;33931;1015;563;1568;287;6428;621;;
2471000;"Powiat m.Piekary Śląskie";109;628;3186;248;266;1415;382;2087;908;1251;2175;0;5715;4014;;
2472000;"Powiat m.Ruda Śląska";0;6617;0;9503;1950;133;425;31593;1207;140;237;796;36614;4723;;
2473000;"Powiat m.Rybnik";1890;1431;8988;9549;10541;4800;1431;199;1816;2712;2727;1290;1381;2651;;
2474000;"Powiat m.Siemianowice Śląskie";3456;0;11278;4479;7316;660;3005;1406;167;1147;7810;97;12178;20771;;
2475000;"Powiat m.Sosnowiec";207;1082;366;12570;17633;7343;1172;3521;9737;82500;94105;80973;217964;200706;;
2476000;"Powiat m.Świętochłowice";0;0;1920;0;0;731;0;0;4278;3102;2482;4489;977;2164;;
2477000;"Powiat m.Tychy";12192;30011;43647;87093;53461;17716;27264;30268;32516;13081;10410;58330;25222;22340;;
2478000;"Powiat m.Zabrze";382;190;9890;2240;674;774;2854;90;18305;1896;5002;7736;16057;15653;;
2479000;"Powiat m.Żory";6240;2304;38;1271;672;2339;0;92;2049;1182;3394;0;0;4486;;
2601000;"Powiat buski";904;970;0;0;1822;1860;491;13311;235;1775;10620;329;3804;0;;
2602000;"Powiat jędrzejowski";3253;6723;3660;1583;3218;4349;0;5870;4130;6437;9685;5656;3055;7457;;
2603000;"Powiat kazimierski";0;0;0;0;0;1897;245;562;1623;1183;544;880;1123;414;;
2604000;"Powiat kielecki";6239;579;5859;2707;1000;3246;65;487;15985;9754;3446;15440;3022;7556;;
2605000;"Powiat konecki";2771;5042;4825;11801;1660;1775;720;1747;4549;1412;7836;6567;4974;3741;;
2606000;"Powiat opatowski";1465;3615;0;1144;112;1681;2228;5488;1543;1343;6792;645;240;382;;
2607000;"Powiat ostrowiecki";2051;2154;3208;2841;1330;1258;9950;1147;4557;1812;3805;2352;5361;3017;;
2608000;"Powiat pińczowski";6981;8306;0;349;895;4417;1608;126;2872;1470;6666;54;749;338;;
2609000;"Powiat sandomierski";0;272;1136;470;468;0;1491;549;3611;24043;9869;2630;0;0;;
2610000;"Powiat skarżyski";43;1256;575;742;344;804;320;141;3058;1980;628;458;881;343;;
2611000;"Powiat starachowicki";3894;13;68;1798;1010;943;2675;3725;1470;3100;8260;3499;2251;3195;;
2612000;"Powiat staszowski";782;0;1083;6016;18977;1153;928;340;2207;2770;2710;4441;114;990;;
2613000;"Powiat włoszczowski";1012;0;390;641;1518;1379;363;2662;2978;5352;429;614;1908;7097;;
2661000;"Powiat m.Kielce";1596;1565;4286;4685;3938;11967;17867;3854;6670;4205;10894;20343;6037;41431;;
2801000;"Powiat bartoszycki";2145;1202;661;941;895;870;30;2634;4051;0;1020;1831;892;145;;
2802000;"Powiat braniewski";3055;148;0;9105;2400;2413;7289;151;3525;245;2084;7130;0;61;;
2803000;"Powiat działdowski";2535;4675;2228;6329;7463;2657;5528;2028;3592;3384;7603;5518;6629;1699;;
2804000;"Powiat elbląski";6656;3095;68;13528;3908;9522;8628;11832;10431;2132;3138;11412;7269;3057;;
2805000;"Powiat ełcki";2672;4485;2426;3183;5110;2102;1005;281;3424;2805;6372;7455;3139;3427;;
2806000;"Powiat giżycki";4152;2053;1667;0;385;0;90;280;5532;2344;1162;618;409;423;;
2807000;"Powiat iławski";1471;16083;9676;18461;2918;1811;4948;4678;7654;7101;10096;1465;7088;44735;;
2808000;"Powiat kętrzyński";1757;507;1436;147;864;1005;775;556;2260;616;494;2229;308;2136;;
2809000;"Powiat lidzbarski";308;406;987;3776;1199;410;1476;1003;2128;1938;2335;443;1332;1805;;
2810000;"Powiat mrągowski";647;6044;3351;2858;1633;588;1154;840;1711;2873;1254;791;1546;175;;
2811000;"Powiat nidzicki";5448;2151;1874;413;218;633;1590;126;118;999;3050;1149;574;7004;;
2812000;"Powiat nowomiejski";1692;1165;11105;878;989;2429;0;1386;905;268;0;494;1725;0;;
2813000;"Powiat olecki";359;4610;4997;918;272;4431;691;865;3789;5975;2883;2352;435;0;;
2814000;"Powiat olsztyński";2202;3492;8293;3360;660;3694;15811;2514;1911;6779;2166;8933;20337;125284;;
2815000;"Powiat ostródzki";117;3554;3582;184;899;3252;3604;696;4017;1341;3218;3083;11791;3039;;
2816000;"Powiat piski";131;3493;281;1034;540;2664;1479;1267;1827;388;9912;577;398;14839;;
2817000;"Powiat szczycieński";906;2880;7851;1605;0;2085;2404;1291;1402;364;15311;12034;4423;5024;;
2818000;"Powiat gołdapski";616;3641;325;2299;212;8006;30;185;0;760;354;2906;8973;329;;
2819000;"Powiat węgorzewski";80;199;0;0;0;0;0;423;0;351;95;0;0;1424;;
2861000;"Powiat m.Elbląg";1216;4218;534;0;368;1855;13504;27868;0;0;1553;2948;6875;1239;;
2862000;"Powiat m.Olsztyn";52998;982;9331;10081;1684;3696;3517;1886;4931;9106;34824;938;7345;6682;;
3001000;"Powiat chodzieski";3341;4171;5100;1738;3994;2035;3298;3587;1879;2775;1209;5671;2299;4249;;
3002000;"Powiat czarnkowsko-trzcianecki";5680;4547;9953;6157;1195;12818;26404;7474;8497;14770;2249;3934;4541;8686;;
3003000;"Powiat gnieźnieński";17841;15585;753;7045;12424;10096;5656;6882;1400;1853;20673;16952;29666;8782;;
3004000;"Powiat gostyński";0;0;1010;1624;909;4472;17709;7712;2695;9062;11881;9473;14849;12118;;
3005000;"Powiat grodziski";0;0;9109;3105;7754;6086;4559;5697;11445;4511;932;3136;2424;9763;;
3006000;"Powiat jarociński";1356;4196;9629;7393;5179;1875;2841;5090;6788;6712;19301;2951;3879;5897;;
3007000;"Powiat kaliski";1204;1482;2928;486;10144;6462;25388;2557;3885;6189;9355;2261;744;1193;;
3008000;"Powiat kępiński";15718;19717;7524;12719;2069;14954;27271;8328;33339;18619;45237;19087;25446;33441;;
3009000;"Powiat kolski";7310;1662;40;4783;3068;138;1427;4967;2117;1341;10621;2063;17106;267;;
3010000;"Powiat koniński";6213;3139;1878;19817;10554;12317;11118;3007;189;46411;4783;8273;8705;2510;;
3011000;"Powiat kościański";0;2944;8545;1082;4268;3175;7889;720;2438;3117;6422;3806;6762;9272;;
3012000;"Powiat krotoszyński";4209;6217;4205;14140;4885;7318;3442;20816;6559;15069;9637;9227;17219;3355;;
3013000;"Powiat leszczyński";494;0;0;2553;4774;5760;4750;3702;5394;2649;1189;5092;18774;7947;;
3014000;"Powiat międzychodzki";9340;3637;124;0;644;2814;6942;1574;1359;0;7365;49044;2112;2114;;
3015000;"Powiat nowotomyski";0;4482;6421;2125;797;3055;8432;1732;4417;0;837;3764;4496;5571;;
3016000;"Powiat obornicki";6461;6909;5165;11775;18331;937;15759;4143;3811;7672;5468;8932;7886;7808;;
3017000;"Powiat ostrowski";13402;14936;30205;28034;41943;10976;18696;9931;8890;9089;6373;16639;13008;56852;;
3018000;"Powiat ostrzeszowski";3814;2143;2693;3125;2328;3646;3596;5152;3503;3893;2896;12758;4478;1014;;
3019000;"Powiat pilski";8630;11947;11626;9740;5101;3186;8694;14008;8706;4852;5574;3773;27110;9085;;
3020000;"Powiat pleszewski";2748;7633;7730;1970;2421;9101;2281;2545;21558;4065;8417;9844;7277;3678;;
3021000;"Powiat poznański";115736;93144;250362;296093;208572;70259;56406;130571;55934;339691;241405;203502;439504;249310;;
3022000;"Powiat rawicki";0;0;1347;3257;2739;1168;3769;4059;0;511;2021;9244;445;3290;;
3023000;"Powiat słupecki";994;3670;432;0;4007;446;3554;1859;5915;2245;1319;1502;5387;3387;;
3024000;"Powiat szamotulski";17821;15687;1929;2475;2928;1410;3162;2103;2560;43;556;2063;1874;1880;;
3025000;"Powiat średzki";19033;16231;437;3954;2194;6873;5211;9252;13374;8387;14938;14442;9457;15680;;
3026000;"Powiat śremski";0;1922;11846;2608;2747;9115;2130;6393;2619;389;2946;4195;4312;5726;;
3027000;"Powiat turecki";1468;1245;2667;2414;634;441;4030;1397;907;5885;960;1301;495;12;;
3028000;"Powiat wągrowiecki";6875;921;3337;4868;447;450;2449;5546;3314;6774;3830;362;12763;9526;;
3029000;"Powiat wolsztyński";1205;0;7086;5223;2158;1188;3926;7524;20596;14638;7720;8019;2585;6166;;
3030000;"Powiat wrzesiński";2946;619;1654;12414;4266;28393;5855;17810;11252;11411;8390;68395;2923;14830;;
3031000;"Powiat złotowski";10039;3002;855;5319;2305;2648;2770;4296;6646;1677;9396;25961;9656;5477;;
3061000;"Powiat m.Kalisz";10315;3182;5522;3725;9755;4351;13420;14174;2762;4366;4144;8457;5210;3332;;
3062000;"Powiat m.Konin";839;6994;0;2743;3440;1243;0;4870;2692;948;4702;3615;1235;6705;;
3063000;"Powiat m.Leszno";4293;0;1053;11676;919;0;6400;5587;1594;858;3720;12761;26506;7474;;
3064000;"Powiat m.Poznań";65493;721;7859;42340;16758;19973;6919;19475;16953;17471;28996;10281;6650;21377;;
3201000;"Powiat białogardzki";367;1220;3233;1057;7439;3092;3286;2785;164;6665;2082;18301;4761;12812;;
3202000;"Powiat choszczeński";134;2533;235;912;600;805;1939;110;0;415;1170;1703;536;267;;
3203000;"Powiat drawski";2688;377;1617;452;5600;2770;1076;857;1380;2194;1201;1473;4861;1136;;
3204000;"Powiat goleniowski";19302;6816;131;214;2931;1957;2291;3240;5835;16017;52076;30578;108079;2672;;
3205000;"Powiat gryficki";943;567;1271;92;19;203;892;0;475;1795;720;0;0;0;;
3206000;"Powiat gryfiński";1701;1065;1237;2371;2006;1366;3627;3058;533;318;1652;2408;73197;72065;;
3207000;"Powiat kamieński";1014;1838;54;15;1338;668;0;3448;1229;0;1117;267;0;2199;;
3208000;"Powiat kołobrzeski";2845;5004;1108;2487;2560;297;499;2953;3088;8236;1406;3127;5258;3078;;
3209000;"Powiat koszaliński";6050;888;489;5736;786;1599;4765;1406;634;3195;450;7177;2122;7883;;
3210000;"Powiat myśliborski";3133;0;6954;256;358;158;711;269;938;4269;8197;3329;403;1341;;
3211000;"Powiat policki";628;7328;6351;6777;2355;4979;545;2707;10340;12318;2129;8405;168333;7108;;
3212000;"Powiat pyrzycki";861;1325;1552;447;151;614;884;8095;2502;4517;5967;619;1454;1407;;
3213000;"Powiat sławieński";989;289;1803;1977;4096;1428;1433;400;118;342;5520;2141;2206;1008;;
3214000;"Powiat stargardzki";6011;397;2080;7889;20288;7278;6009;4271;1611;2964;12880;8565;7876;13527;;
3215000;"Powiat szczecinecki";19078;10298;6603;1625;4614;5110;10201;3233;2858;1228;44162;1536;2260;2189;;
3216000;"Powiat świdwiński";4537;5710;618;644;862;0;285;178;1304;1212;605;897;1041;3466;;
3217000;"Powiat wałecki";0;1715;2100;148;2914;2681;2004;5404;2369;2325;3624;768;408;4736;;
3218000;"Powiat łobeski";1207;20416;1207;634;508;1069;54;1521;1019;397;3231;270;3484;665;;
3261000;"Powiat m.Koszalin";2152;1353;1571;164;6027;5549;4918;1605;1873;2766;8598;18278;5234;11381;;
3262000;"Powiat m.Szczecin";4045;14322;16168;15246;23375;16819;9510;25844;13165;17339;4366;10142;18955;68271;;
3263000;"Powiat m.Świnoujście";0;0;0;1130;3562;9298;143;632;2437;2406;2845;4025;160;16;;
