"Kod";"Nazwa";"sektor prywatny - ogółem;2003;[-]";"sektor prywatny - ogółem;2004;[-]";"sektor prywatny - ogółem;2005;[-]";"sektor prywatny - ogółem;2006;[-]";"sektor prywatny - ogółem;2007;[-]";"sektor prywatny - ogółem;2008;[-]";"sektor prywatny - ogółem;2009;[-]";"sektor prywatny - ogółem;2010;[-]";"sektor prywatny - ogółem;2011;[-]";"sektor prywatny - ogółem;2012;[-]";"sektor prywatny - ogółem;2013;[-]";"sektor prywatny - ogółem;2014;[-]";"sektor prywatny - ogółem;2015;[-]";"sektor prywatny - ogółem;2016;[-]";"sektor prywatny - ogółem;2017;[-]";"sektor prywatny - ogółem;2018;[-]";
0201000;"Powiat bolesławiecki";486;866;615;774;731;763;876;958;808;904;921;855;802;809;782;858;
0202000;"Powiat dzierżoniowski";633;639;896;912;876;908;932;1323;1013;906;909;855;763;639;785;799;
0203000;"Powiat głogowski";532;550;634;704;702;702;757;830;614;662;607;646;615;542;560;623;
0204000;"Powiat górowski";151;182;171;243;247;286;313;272;281;279;247;218;286;235;257;283;
0205000;"Powiat jaworski";281;244;261;389;415;441;524;505;383;428;405;393;476;335;397;401;
0206000;"Powiat jeleniogórski";548;583;617;795;720;866;859;877;826;804;3445;725;790;597;761;824;
0207000;"Powiat kamiennogórski";315;231;207;288;324;335;388;525;345;404;319;307;288;275;341;343;
0208000;"Powiat kłodzki";1026;937;1068;1254;1212;1161;1368;1752;1354;1418;1290;1294;1139;966;1256;1193;
0209000;"Powiat legnicki";277;267;313;365;426;435;465;483;412;448;477;436;467;463;500;508;
0210000;"Powiat lubański";295;338;438;670;509;486;524;562;559;533;460;511;474;458;457;498;
0211000;"Powiat lubiński";630;531;645;628;665;754;809;862;780;822;699;794;749;734;690;860;
0212000;"Powiat lwówecki";251;227;250;336;340;412;411;437;401;428;429;464;442;448;523;516;
0213000;"Powiat milicki";226;213;275;297;317;325;317;392;354;394;304;364;329;281;299;342;
0214000;"Powiat oleśnicki";611;546;642;783;788;866;925;1020;981;926;864;908;839;802;783;882;
0215000;"Powiat oławski";475;419;481;512;553;612;639;710;687;628;642;630;599;577;578;638;
0216000;"Powiat polkowicki";259;253;277;271;386;348;455;421;356;363;363;361;378;341;445;386;
0217000;"Powiat strzeliński";223;225;228;303;296;395;349;393;338;319;353;334;291;253;301;312;
0218000;"Powiat średzki";242;237;258;352;383;415;395;522;451;452;462;455;458;391;434;469;
0219000;"Powiat świdnicki";924;959;1226;1330;1226;1305;1451;1703;1443;1369;1381;1307;1188;1072;1158;1292;
0220000;"Powiat trzebnicki";450;466;567;681;732;860;818;941;881;775;774;808;741;658;741;864;
0221000;"Powiat wałbrzyski";1223;1014;1355;1346;1190;1303;1542;1711;1417;1417;478;456;394;411;604;431;
0222000;"Powiat wołowski";261;252;313;309;297;358;370;447;382;358;347;376;344;310;350;364;
0223000;"Powiat wrocławski";652;609;747;912;1033;1145;1245;1456;1544;1553;1610;1701;1497;1430;1613;1953;
0224000;"Powiat ząbkowicki";333;336;420;542;438;612;544;709;574;652;821;596;591;569;600;573;
0225000;"Powiat zgorzelecki";801;524;588;648;626;699;741;903;730;751;771;800;577;525;511;564;
0226000;"Powiat złotoryjski";205;195;264;299;311;328;421;472;395;394;362;385;344;317;405;392;
0261000;"Powiat m.Jelenia Góra";734;891;988;982;920;992;1066;1189;1021;1044;1034;899;935;788;750;775;
0262000;"Powiat m.Legnica";802;791;1137;1115;1077;1116;1161;1189;1029;1132;1200;994;1006;870;879;896;
0264000;"Powiat m.Wrocław";5795;5431;5967;7074;6997;7383;8118;9038;9053;9217;9497;9281;7257;7347;7645;8503;
0265000;"Powiat m.Wałbrzych od 2013";;;;;;;;;;;899;860;819;684;706;709;
0401000;"Powiat aleksandrowski";283;320;364;352;336;348;409;470;496;396;451;398;378;448;474;555;
0402000;"Powiat brodnicki";325;308;395;462;442;512;599;600;543;572;568;533;466;520;514;603;
0403000;"Powiat bydgoski";589;540;617;746;800;890;1081;1166;1176;1104;1071;1096;975;940;954;1108;
0404000;"Powiat chełmiński";225;254;292;354;319;359;388;345;362;317;350;316;290;268;294;370;
0405000;"Powiat golubsko-dobrzyński";219;219;253;290;290;319;352;377;274;302;336;318;305;290;297;321;
0406000;"Powiat grudziądzki";158;146;183;251;237;237;305;305;288;214;279;277;324;232;236;329;
0407000;"Powiat inowrocławski";1148;1140;1384;1531;1579;1527;1510;1702;1442;1355;1460;1375;1197;1079;1044;1319;
0408000;"Powiat lipnowski";305;242;266;377;334;463;476;468;392;454;526;424;462;322;471;534;
0409000;"Powiat mogileński";218;211;224;317;331;359;385;425;342;317;321;302;318;268;256;319;
0410000;"Powiat nakielski";402;376;555;565;533;594;585;733;665;595;597;602;563;493;578;681;
0411000;"Powiat radziejowski";166;135;181;199;198;225;270;281;262;262;245;248;284;254;292;360;
0412000;"Powiat rypiński";217;227;229;277;247;262;289;314;278;277;299;273;261;253;239;332;
0413000;"Powiat sępoleński";192;194;232;331;320;327;423;284;302;315;286;247;242;238;301;311;
0414000;"Powiat świecki";449;402;472;554;579;628;764;875;731;603;662;607;589;486;634;606;
0415000;"Powiat toruński";457;504;520;718;731;744;870;1006;1000;912;1098;989;880;836;901;1104;
0416000;"Powiat tucholski";267;227;306;392;357;338;384;365;375;308;335;320;304;277;336;414;
0417000;"Powiat wąbrzeski";152;162;186;196;195;195;265;247;273;223;230;245;225;199;207;297;
0418000;"Powiat włocławski";282;269;327;378;358;400;464;547;577;551;576;590;489;475;510;582;
0419000;"Powiat żniński";415;375;490;620;559;620;570;607;585;487;586;613;502;427;492;573;
0461000;"Powiat m.Bydgoszcz";2780;2504;2887;3202;3241;3529;3712;3885;3648;3819;3698;3415;3230;2880;2753;3028;
0462000;"Powiat m.Grudziądz";648;599;757;814;822;831;923;930;827;746;794;679;693;652;601;679;
0463000;"Powiat m.Toruń";1681;1499;1619;2036;1927;2003;2255;2515;2388;2470;2560;2384;1990;1861;1843;1996;
0464000;"Powiat m.Włocławek";739;702;795;806;706;777;880;927;898;966;1012;852;730;720;699;757;
0601000;"Powiat bialski";451;346;404;470;520;505;562;571;563;606;599;618;487;512;612;739;
0602000;"Powiat biłgorajski";439;375;310;446;443;481;585;680;625;564;636;606;556;566;651;821;
0603000;"Powiat chełmski";300;202;231;337;310;304;378;433;352;355;396;510;350;334;450;545;
0604000;"Powiat hrubieszowski";285;240;247;229;263;309;274;351;255;325;361;363;308;288;337;383;
0605000;"Powiat janowski";169;133;136;170;202;230;298;374;219;284;239;317;252;226;280;330;
0606000;"Powiat krasnostawski";369;264;297;312;282;293;355;398;337;380;370;376;322;290;394;423;
0607000;"Powiat kraśnicki";452;345;353;468;411;430;501;653;515;552;518;520;482;473;544;721;
0608000;"Powiat lubartowski";374;319;404;447;399;428;462;558;515;560;527;557;514;476;572;692;
0609000;"Powiat lubelski";646;521;630;715;773;871;910;1229;1058;1054;1115;1125;1026;1009;1138;1426;
0610000;"Powiat łęczyński";243;219;291;268;280;297;342;360;342;315;314;314;327;271;320;401;
0611000;"Powiat łukowski";518;447;549;632;719;754;756;952;692;731;747;827;658;663;776;808;
0612000;"Powiat opolski";272;193;229;325;338;343;358;470;337;399;365;319;313;306;327;446;
0613000;"Powiat parczewski";175;125;155;169;175;207;249;269;184;218;220;227;214;166;160;239;
0614000;"Powiat puławski";647;539;649;715;726;701;727;932;764;748;777;665;655;604;700;841;
0615000;"Powiat radzyński";246;214;256;293;301;366;344;385;389;326;330;368;328;285;383;429;
0616000;"Powiat rycki";243;262;288;307;292;331;347;421;311;321;289;352;305;289;341;362;
0617000;"Powiat świdnicki";397;372;432;444;421;462;528;694;570;539;560;581;494;446;491;570;
0618000;"Powiat tomaszowski";385;227;269;344;335;405;467;560;447;461;418;503;406;398;518;593;
0619000;"Powiat włodawski";224;162;186;234;191;240;264;329;229;265;256;239;195;158;206;268;
0620000;"Powiat zamojski";477;294;275;398;399;452;490;595;489;559;540;581;517;518;597;734;
0661000;"Powiat m.Biała Podlaska";481;390;447;485;496;406;520;572;492;530;497;505;448;432;509;568;
0662000;"Powiat m.Chełm";539;496;476;540;526;583;578;629;531;562;564;605;437;428;501;515;
0663000;"Powiat m.Lublin";2931;2769;3044;3119;3364;3615;4029;4384;3773;4006;4158;3581;3088;2960;3260;3471;
0664000;"Powiat m.Zamość";507;428;403;500;482;548;590;617;585;585;576;511;507;447;473;477;
0801000;"Powiat gorzowski";424;431;455;569;617;585;752;751;701;695;691;640;637;616;650;800;
0802000;"Powiat krośnieński";324;311;380;395;410;453;515;635;496;525;526;481;500;472;467;515;
0803000;"Powiat międzyrzecki";424;373;403;499;466;459;545;645;461;554;495;519;427;440;474;459;
0804000;"Powiat nowosolski";514;473;569;647;705;716;769;914;718;770;793;767;781;732;746;799;
0805000;"Powiat słubicki";313;350;370;454;466;475;557;511;592;504;431;472;402;398;370;453;
0806000;"Powiat strzelecko-drezdenecki";263;284;320;387;391;452;500;663;423;422;434;428;342;367;418;492;
0807000;"Powiat sulęciński";144;184;214;228;272;248;392;360;327;298;279;282;256;250;266;320;
0808000;"Powiat świebodziński";324;396;413;505;438;452;466;628;474;487;501;427;412;344;391;388;
0809000;"Powiat zielonogórski";585;493;656;845;789;829;878;1001;989;919;941;888;640;636;656;721;
0810000;"Powiat żagański";462;643;503;553;585;633;628;706;647;722;632;592;552;524;552;642;
0811000;"Powiat żarski";691;514;665;780;776;813;843;1021;868;895;863;753;726;726;782;879;
0812000;"Powiat wschowski";265;298;259;298;320;284;335;382;310;326;335;331;303;289;362;381;
0861000;"Powiat m.Gorzów Wielkopolski";1023;1158;1341;1454;1306;1353;1705;1739;1458;1355;1384;1308;1264;1177;1241;1277;
0862000;"Powiat m.Zielona Góra";1116;1107;1218;1334;1298;1351;1515;1676;1479;2060;1567;1534;1514;1381;1415;1550;
1001000;"Powiat bełchatowski";561;486;547;613;562;655;736;919;797;845;788;802;738;704;693;776;
1002000;"Powiat kutnowski";631;524;549;664;612;630;753;803;689;624;616;674;631;573;582;579;
1003000;"Powiat łaski";261;246;259;308;299;359;352;451;353;343;379;370;345;350;374;429;
1004000;"Powiat łęczycki";258;218;251;254;272;247;272;312;266;297;284;260;251;235;255;290;
1005000;"Powiat łowicki";407;345;335;411;419;477;439;570;504;541;503;507;409;462;435;478;
1006000;"Powiat łódzki wschodni";411;359;471;538;505;544;731;823;766;672;671;649;642;598;637;698;
1007000;"Powiat opoczyński";361;271;297;360;414;481;482;541;428;422;463;432;426;338;414;434;
1008000;"Powiat pabianicki";817;755;786;878;902;940;1198;1314;1075;1156;1194;1090;1082;1110;1067;1108;
1009000;"Powiat pajęczański";252;249;250;306;278;320;325;373;360;320;301;370;335;304;291;351;
1010000;"Powiat piotrkowski";439;342;370;461;431;517;543;658;535;511;532;612;527;538;554;733;
1011000;"Powiat poddębicki";229;156;203;237;218;272;293;355;251;287;304;272;279;272;247;287;
1012000;"Powiat radomszczański";720;589;645;705;645;849;995;1086;823;920;901;795;824;797;738;907;
1013000;"Powiat rawski";274;228;226;277;308;307;308;409;288;340;320;293;287;249;303;330;
1014000;"Powiat sieradzki";717;573;634;714;716;768;894;961;874;739;858;898;789;877;884;922;
1015000;"Powiat skierniewicki";134;110;108;147;141;180;204;222;162;208;158;198;191;183;190;285;
1016000;"Powiat tomaszowski";691;579;641;781;826;915;977;1088;930;906;902;860;745;737;784;881;
1017000;"Powiat wieluński";465;382;402;501;433;506;586;700;561;531;564;521;459;577;510;562;
1018000;"Powiat wieruszowski";289;209;190;236;234;285;326;332;305;296;299;303;310;318;280;326;
1019000;"Powiat zduńskowolski";442;396;447;563;533;572;668;725;578;542;549;567;577;606;551;637;
1020000;"Powiat zgierski";1070;901;1127;1266;1223;1314;1605;1613;1474;1395;1421;1476;1383;1399;1432;1389;
1021000;"Powiat brzeziński";168;135;209;235;243;239;283;306;224;234;261;244;217;249;234;310;
1061000;"Powiat m.Łódź";6123;5624;6429;6746;6686;6902;7969;9025;7678;8369;8133;8087;7420;7236;7202;7106;
1062000;"Powiat m.Piotrków Trybunalski";558;487;540;579;631;708;799;934;662;663;723;615;603;562;595;578;
1063000;"Powiat m.Skierniewice";335;305;348;400;383;381;447;529;380;438;415;413;338;376;367;333;
1201000;"Powiat bocheński";439;394;513;563;622;658;745;908;826;759;766;798;717;704;780;857;
1202000;"Powiat brzeski";390;360;378;488;531;573;549;675;582;633;621;649;610;624;700;869;
1203000;"Powiat chrzanowski";704;652;691;780;746;790;998;1183;904;901;945;954;792;806;946;969;
1204000;"Powiat dąbrowski";173;141;196;245;221;251;321;381;312;299;297;326;294;293;369;461;
1205000;"Powiat gorlicki";538;494;622;749;724;798;827;955;902;811;799;771;792;751;704;823;
1206000;"Powiat krakowski";1297;1173;1354;1669;1647;1973;2375;2751;2490;2385;2346;2573;2229;2199;2391;2640;
1207000;"Powiat limanowski";538;551;627;763;776;1008;1155;1315;898;987;938;1175;1167;1069;1117;1345;
1208000;"Powiat miechowski";247;193;182;232;229;326;298;337;326;294;348;395;319;327;292;364;
1209000;"Powiat myślenicki";538;480;546;722;787;842;1000;1316;939;1014;1075;1068;955;949;1111;1208;
1210000;"Powiat nowosądecki";957;898;1025;1341;1299;1559;1717;1763;1688;1709;1732;1909;1826;1789;1818;2232;
1211000;"Powiat nowotarski";765;986;1102;1256;1220;1366;1535;1763;1445;1571;1597;1701;1611;1531;1771;2104;
1212000;"Powiat olkuski";666;557;594;747;697;751;965;1151;844;838;784;910;800;728;756;896;
1213000;"Powiat oświęcimski";743;890;800;877;880;911;1011;1502;1166;1139;1070;1131;967;926;987;1104;
1214000;"Powiat proszowicki";172;152;148;167;173;194;248;311;247;270;325;306;294;297;306;398;
1215000;"Powiat suski";411;364;372;421;457;523;641;665;589;611;563;629;645;624;653;752;
1216000;"Powiat tarnowski";794;623;777;925;891;1013;1136;1405;1167;1245;1242;1258;1221;1194;1290;1473;
1217000;"Powiat tatrzański";562;489;526;597;769;779;866;1008;779;804;716;772;839;804;865;956;
1218000;"Powiat wadowicki";723;674;812;997;974;1056;1282;1410;1175;1142;1222;1222;1160;1095;1146;1336;
1219000;"Powiat wielicki";618;533;579;755;780;956;1082;1232;1167;1220;1179;1211;1178;1112;1209;1280;
1261000;"Powiat m.Kraków";6486;6370;6894;8163;7861;8695;10148;11733;9966;11125;10743;10189;8569;8461;8861;9392;
1262000;"Powiat m.Nowy Sącz";687;602;678;842;757;942;1142;1092;945;970;800;910;765;742;733;828;
1263000;"Powiat m.Tarnów";820;719;800;885;919;943;1237;1235;959;1074;1005;914;997;764;811;897;
1401000;"Powiat białobrzeski";157;123;186;177;192;217;230;259;202;227;233;240;220;178;183;246;
1402000;"Powiat ciechanowski";547;462;497;612;593;592;736;797;584;693;724;748;707;626;630;680;
1403000;"Powiat garwoliński";464;407;424;505;595;690;692;828;671;688;710;657;655;599;620;780;
1404000;"Powiat gostyniński";269;206;246;329;341;380;377;408;381;351;367;350;419;307;346;369;
1405000;"Powiat grodziski";602;532;574;722;683;779;727;1158;948;930;1074;1021;923;895;884;1064;
1406000;"Powiat grójecki";436;413;425;496;545;527;648;750;654;669;680;685;588;526;639;699;
1407000;"Powiat kozienicki";258;216;225;286;253;286;330;350;313;336;315;340;270;239;317;364;
1408000;"Powiat legionowski";768;722;812;923;1026;1089;1071;1531;1339;1337;1308;1317;1268;1189;1184;1262;
1409000;"Powiat lipski";143;116;103;145;148;184;171;198;220;190;172;182;157;142;171;205;
1410000;"Powiat łosicki";115;97;115;127;171;209;252;267;213;192;226;211;186;168;174;233;
1411000;"Powiat makowski";229;212;242;284;289;300;318;381;311;271;319;328;340;294;281;330;
1412000;"Powiat miński";760;701;825;871;1029;1075;1147;1354;1212;1243;1271;1302;1138;1089;1169;1377;
1413000;"Powiat mławski";534;381;427;443;430;578;500;594;456;485;518;497;484;404;446;516;
1414000;"Powiat nowodworski";419;382;415;508;530;543;527;825;683;686;634;627;606;573;622;693;
1415000;"Powiat ostrołęcki";376;290;345;399;356;465;430;581;551;575;643;678;555;534;598;620;
1416000;"Powiat ostrowski";349;281;372;424;386;486;484;578;388;488;481;541;487;451;495;486;
1417000;"Powiat otwocki";787;732;762;995;927;1096;993;1526;1264;1220;1262;1302;1096;1033;1008;1160;
1418000;"Powiat piaseczyński";1277;1254;1421;1574;1850;1940;2144;2814;2423;2648;2706;2679;2233;2029;2323;2447;
1419000;"Powiat płocki";441;425;468;557;555;624;771;839;645;698;805;790;778;678;746;892;
1420000;"Powiat płoński";500;458;481;547;587;636;669;798;570;615;629;604;568;517;511;644;
1421000;"Powiat pruszkowski";1316;1180;1282;1590;1487;1563;1520;2262;1913;1883;2039;2005;1772;1668;1768;1995;
1422000;"Powiat przasnyski";254;189;235;277;243;271;337;437;370;319;373;328;287;298;290;348;
1423000;"Powiat przysuski";196;141;149;174;222;235;265;319;279;268;270;299;282;250;249;285;
1424000;"Powiat pułtuski";276;285;304;311;372;384;353;521;315;370;397;433;331;306;367;419;
1425000;"Powiat radomski";696;579;713;908;858;965;1081;1238;1097;1111;1140;1119;1201;1164;1149;1362;
1426000;"Powiat siedlecki";383;272;264;329;367;436;449;562;451;426;498;462;399;451;421;580;
1427000;"Powiat sierpecki";283;248;277;315;318;336;394;377;322;334;357;368;318;326;285;366;
1428000;"Powiat sochaczewski";461;379;401;445;511;539;560;697;625;589;599;584;603;538;578;644;
1429000;"Powiat sokołowski";239;229;231;289;285;276;295;423;338;313;356;301;274;259;269;305;
1430000;"Powiat szydłowiecki";195;161;227;274;285;321;310;392;299;357;441;362;386;378;359;480;
1432000;"Powiat warszawski zachodni";736;704;811;980;966;1054;1077;1566;1334;1388;1342;1356;1183;1133;1166;1346;
1433000;"Powiat węgrowski";305;290;299;368;374;421;464;587;437;425;475;457;408;359;378;461;
1434000;"Powiat wołomiński";1404;1360;1466;1759;1854;1969;2034;2977;2439;2508;2659;2519;2348;2209;2455;2754;
1435000;"Powiat wyszkowski";403;335;376;471;492;549;524;683;567;587;593;602;506;420;464;589;
1436000;"Powiat zwoleński";142;115;146;168;170;183;164;211;203;207;213;214;178;194;235;220;
1437000;"Powiat żuromiński";216;171;217;277;276;296;326;423;293;295;296;261;258;233;210;262;
1438000;"Powiat żyrardowski";417;410;413;481;479;573;563;780;577;591;623;678;601;557;555;640;
1461000;"Powiat m.Ostrołęka";413;389;472;454;443;468;469;571;515;494;567;503;479;420;390;455;
1462000;"Powiat m.Płock";1087;992;1131;1212;1130;1172;1325;1317;1037;1268;1194;1099;986;908;919;921;
1463000;"Powiat m.Radom";1768;1634;1883;2070;1994;2204;2411;2548;2302;2261;2332;2230;2052;1754;1783;1914;
1464000;"Powiat m.Siedlce";590;525;581;667;728;757;785;863;731;761;826;713;595;576;615;737;
1465000;"Powiat m. st. Warszawa";17170;17590;18466;21879;22094;22133;22858;29595;26693;29151;32565;31452;23019;22650;23445;25939;
1601000;"Powiat brzeski";517;523;542;599;628;758;834;897;698;689;818;752;665;596;637;674;
1602000;"Powiat głubczycki";223;192;198;257;251;334;283;340;265;273;273;266;250;210;235;286;
1603000;"Powiat kędzierzyńsko-kozielski";545;427;467;521;490;549;668;807;624;637;569;542;548;435;424;484;
1604000;"Powiat kluczborski";376;341;316;374;320;413;524;505;391;422;448;374;364;311;332;415;
1605000;"Powiat krapkowicki";238;232;274;297;261;342;356;385;333;308;330;324;290;242;269;279;
1606000;"Powiat namysłowski";232;187;225;246;266;294;356;360;244;347;368;323;297;257;281;369;
1607000;"Powiat nyski";761;722;812;920;926;1084;1033;1208;961;1065;1137;975;907;772;936;1032;
1608000;"Powiat oleski";267;257;309;322;366;359;439;487;430;387;409;407;343;329;360;453;
1609000;"Powiat opolski";494;553;591;641;674;784;904;1015;916;763;885;865;784;752;738;856;
1610000;"Powiat prudnicki";230;226;252;283;266;342;406;366;305;303;331;300;303;280;224;286;
1611000;"Powiat strzelecki";221;219;249;268;281;343;436;486;388;314;339;340;275;304;270;316;
1661000;"Powiat m.Opole";990;978;977;1133;1069;1177;1475;1593;1273;1258;1425;1297;1053;1032;1089;1086;
1801000;"Powiat bieszczadzki";141;117;140;173;157;167;215;252;198;201;205;193;160;156;174;209;
1802000;"Powiat brzozowski";348;251;271;368;333;375;438;500;445;401;441;399;421;390;448;484;
1803000;"Powiat dębicki";653;608;682;780;716;734;841;987;839;891;932;859;825;776;815;862;
1804000;"Powiat jarosławski";479;487;478;545;534;570;709;754;634;678;681;707;660;641;742;737;
1805000;"Powiat jasielski";542;548;574;598;569;645;733;832;725;774;785;735;709;719;837;845;
1806000;"Powiat kolbuszowski";251;161;187;241;226;289;372;421;290;319;351;360;309;326;365;415;
1807000;"Powiat krośnieński";441;422;406;524;531;604;593;737;655;639;682;691;629;578;639;751;
1808000;"Powiat leżajski";256;193;226;284;321;356;378;457;409;359;420;434;360;358;335;457;
1809000;"Powiat lubaczowski";186;167;148;245;192;241;278;333;315;296;307;318;242;305;304;431;
1810000;"Powiat łańcucki";344;306;335;448;429;410;456;615;545;538;573;562;508;481;483;567;
1811000;"Powiat mielecki";477;439;509;567;644;640;914;866;747;806;878;758;705;821;845;857;
1812000;"Powiat niżański";199;177;205;256;260;304;362;390;325;349;359;360;369;335;334;476;
1813000;"Powiat przemyski";241;197;219;260;253;298;348;385;373;365;427;389;369;371;411;479;
1814000;"Powiat przeworski";272;208;212;291;274;310;394;446;389;472;390;420;400;397;399;485;
1815000;"Powiat ropczycko-sędziszowski";296;211;285;349;315;357;474;526;428;457;479;469;474;468;484;508;
1816000;"Powiat rzeszowski";757;643;744;916;867;839;1022;1089;983;996;1104;1057;966;918;1152;1178;
1817000;"Powiat sanocki";491;387;457;509;507;496;646;734;621;555;597;605;518;452;585;583;
1818000;"Powiat stalowowolski";437;445;521;506;599;551;759;820;680;695;705;670;548;547;521;637;
1819000;"Powiat strzyżowski";301;233;225;317;254;265;317;419;330;342;414;401;375;356;347;436;
1820000;"Powiat tarnobrzeski";215;153;196;251;212;238;298;342;301;210;245;268;230;217;239;313;
1821000;"Powiat leski";154;154;177;178;157;206;246;259;270;254;305;295;208;262;281;325;
1861000;"Powiat m.Krosno";313;337;342;424;356;398;482;516;388;425;440;426;348;290;398;302;
1862000;"Powiat m.Przemyśl";467;363;405;456;427;453;566;519;435;501;515;480;405;414;404;422;
1863000;"Powiat m.Rzeszów";1244;1174;1219;1440;1479;1577;1919;2065;1917;2026;2634;2626;1610;1572;1816;1675;
1864000;"Powiat m.Tarnobrzeg";305;278;284;317;317;308;361;457;422;386;353;294;273;236;317;316;
2001000;"Powiat augustowski";292;280;345;370;374;371;421;486;363;472;386;429;372;320;385;383;
2002000;"Powiat białostocki";622;579;742;791;796;961;1148;1256;1165;1222;1150;1259;1074;1003;1093;1275;
2003000;"Powiat bielski";313;206;267;245;253;274;318;355;336;301;299;302;244;254;293;344;
2004000;"Powiat grajewski";217;174;215;231;255;237;275;332;254;298;325;315;290;262;263;307;
2005000;"Powiat hajnowski";220;188;198;209;204;237;260;274;270;227;219;253;197;171;213;216;
2006000;"Powiat kolneński";135;80;132;138;144;152;158;211;159;231;209;265;170;174;172;234;
2007000;"Powiat łomżyński";211;153;185;239;211;242;276;323;294;260;290;301;218;231;277;344;
2008000;"Powiat moniecki";141;92;115;168;152;184;233;237;214;224;213;195;194;220;221;248;
2009000;"Powiat sejneński";80;80;84;109;103;97;117;145;105;121;121;166;101;103;131;127;
2010000;"Powiat siemiatycki";168;151;159;194;158;205;215;261;192;226;194;238;230;192;217;275;
2011000;"Powiat sokólski";314;259;257;294;257;351;310;353;322;338;294;350;306;271;348;345;
2012000;"Powiat suwalski";109;93;101;126;114;147;181;224;165;182;185;225;171;151;193;211;
2013000;"Powiat wysokomazowiecki";241;186;242;300;275;259;287;379;335;290;287;344;295;249;244;321;
2014000;"Powiat zambrowski";422;298;513;666;237;262;291;311;283;320;270;263;253;237;245;315;
2061000;"Powiat m.Białystok";1994;1987;2370;2486;2474;2843;3193;3558;3226;3378;3114;3104;2667;2496;2561;2995;
2062000;"Powiat m.Łomża";415;357;485;518;497;509;616;654;497;574;582;513;454;420;421;489;
2063000;"Powiat m.Suwałki";500;470;563;541;493;565;600;705;622;627;594;589;479;493;508;609;
2201000;"Powiat bytowski";361;365;563;606;553;531;551;701;583;550;599;680;599;617;706;675;
2202000;"Powiat chojnicki";546;463;595;754;771;843;802;922;844;803;798;804;772;605;743;816;
2203000;"Powiat człuchowski";262;248;318;418;401;405;379;461;402;393;412;425;352;339;412;425;
2204000;"Powiat gdański";641;609;727;978;884;1007;1033;1283;1241;1234;1245;1288;1246;1227;1359;1447;
2205000;"Powiat kartuski";574;533;783;938;1084;1083;1064;1251;1161;1234;1263;1448;1240;1278;1387;1580;
2206000;"Powiat kościerski";346;318;461;571;613;699;649;656;611;560;640;677;696;582;647;737;
2207000;"Powiat kwidzyński";441;348;476;474;450;569;596;700;542;564;580;535;512;425;555;604;
2208000;"Powiat lęborski";504;429;544;669;625;672;678;800;737;737;761;737;692;721;726;755;
2209000;"Powiat malborski";423;388;447;480;461;509;583;705;599;565;596;655;551;518;566;521;
2210000;"Powiat nowodworski";316;316;419;421;408;471;499;539;518;488;518;501;476;496;591;596;
2211000;"Powiat pucki";853;686;814;866;2608;2776;2213;1481;1645;1710;1712;1589;1325;1201;1223;1254;
2212000;"Powiat słupski";553;470;548;639;575;658;718;893;782;759;888;804;690;754;861;940;
2213000;"Powiat starogardzki";735;544;750;957;853;990;935;1001;866;974;965;973;989;906;917;1042;
2214000;"Powiat tczewski";713;620;764;850;843;965;1025;1021;856;908;941;1027;991;829;888;1024;
2215000;"Powiat wejherowski";1225;1238;1511;1866;2025;2099;2106;2519;2340;2498;2403;2456;2476;2345;2523;2648;
2216000;"Powiat sztumski";235;222;277;319;287;331;257;392;297;256;331;276;282;235;284;374;
2261000;"Powiat m.Gdańsk";3850;3703;4348;5000;4980;5258;5679;6249;5665;5799;6067;6164;5758;5362;5807;6039;
2262000;"Powiat m.Gdynia";2297;2098;2517;2824;2792;2931;3405;3865;3357;3528;3466;3345;3126;2871;2974;3138;
2263000;"Powiat m.Słupsk";777;629;820;820;814;880;1062;1137;953;874;953;813;758;710;729;781;
2264000;"Powiat m.Sopot";429;437;489;503;498;566;628;678;594;563;571;558;478;419;529;504;
2401000;"Powiat będziński";908;867;906;1029;1051;1186;1326;1788;1187;1389;1311;1262;1089;985;1034;1147;
2402000;"Powiat bielski";901;777;891;1103;1080;1178;1431;1688;1295;1355;1392;1420;1163;1144;1252;1345;
2403000;"Powiat cieszyński";1002;988;1226;1512;1364;1380;1620;1834;1525;1632;1433;1540;1386;1218;1141;1381;
2404000;"Powiat częstochowski";753;737;808;914;848;995;1102;1334;942;1029;1043;1050;908;996;907;1102;
2405000;"Powiat gliwicki";439;402;432;557;565;571;690;924;709;709;662;724;627;546;550;678;
2406000;"Powiat kłobucki";500;465;488;522;492;548;670;727;742;685;638;693;663;616;617;787;
2407000;"Powiat lubliniecki";301;337;349;426;383;485;508;670;490;567;537;575;497;455;528;552;
2408000;"Powiat mikołowski";418;419;485;595;599;581;803;911;758;726;692;683;608;651;676;770;
2409000;"Powiat myszkowski";543;431;482;492;483;547;619;740;577;652;616;623;500;476;483;564;
2410000;"Powiat pszczyński";499;467;477;585;571;624;851;1064;808;783;817;804;705;677;687;718;
2411000;"Powiat raciborski";418;411;432;481;512;507;696;772;609;636;587;613;477;434;451;538;
2412000;"Powiat rybnicki";289;259;248;340;337;398;477;539;439;425;430;454;412;409;420;436;
2413000;"Powiat tarnogórski";683;618;634;851;861;895;1202;1412;1076;1030;1121;1124;1009;887;953;1014;
2414000;"Powiat bieruńsko-lędziński";229;218;256;272;260;318;370;464;402;343;402;463;361;349;340;395;
2415000;"Powiat wodzisławski";655;678;735;816;739;796;955;1191;1007;954;889;990;871;787;779;810;
2416000;"Powiat zawierciański";672;614;715;729;721;755;903;1068;877;955;827;860;763;723;668;781;
2417000;"Powiat żywiecki";796;675;725;864;887;981;1175;1369;1099;1176;1155;1215;1099;1036;1083;1299;
2461000;"Powiat m.Bielsko-Biała";1664;1467;1610;1725;1642;1911;2358;2333;1966;2144;2015;1903;1641;1510;1523;1578;
2462000;"Powiat m.Bytom";952;834;911;950;1034;1093;1205;1339;1143;1064;1174;1131;1001;923;834;1014;
2463000;"Powiat m.Chorzów";658;628;717;735;693;792;1019;1062;890;1003;862;918;796;724;709;809;
2464000;"Powiat m.Częstochowa";2153;1939;2170;2289;2135;2587;2750;2901;2423;2443;2404;2330;1968;1803;1821;1796;
2465000;"Powiat m.Dąbrowa Górnicza";926;803;929;1056;988;1011;1299;1530;1036;1213;1170;1109;926;808;866;890;
2466000;"Powiat m.Gliwice";1305;1208;1255;1394;1499;1486;1887;2102;1742;1797;1642;1625;1413;1382;1377;1468;
2467000;"Powiat m.Jastrzębie-Zdrój";508;422;433;527;490;552;651;677;566;545;506;556;488;457;447;509;
2468000;"Powiat m.Jaworzno";542;475;523;637;557;581;659;831;683;748;681;682;636;558;596;638;
2469000;"Powiat m.Katowice";2416;2249;2389;2512;2412;2669;3317;3921;3220;3650;3541;3342;2683;2404;2459;2605;
2470000;"Powiat m.Mysłowice";381;365;453;498;454;419;576;791;598;573;574;586;491;454;453;558;
2471000;"Powiat m.Piekary Śląskie";290;258;303;354;273;311;376;530;400;420;425;402;286;298;302;352;
2472000;"Powiat m.Ruda Śląska";622;628;619;693;768;773;934;1149;928;917;815;808;799;688;747;788;
2473000;"Powiat m.Rybnik";749;717;750;814;804;885;1119;1314;1014;968;1012;1021;931;856;879;928;
2474000;"Powiat m.Siemianowice Śląskie";495;449;495;545;473;458;654;726;506;501;496;502;452;391;401;471;
2475000;"Powiat m.Sosnowiec";1612;1449;1480;1647;1557;1624;1851;2395;1802;1826;1919;1630;1618;1374;1435;1514;
2476000;"Powiat m.Świętochłowice";256;253;288;273;261;304;356;447;361;334;305;307;272;257;289;281;
2477000;"Powiat m.Tychy";942;827;877;989;937;939;1200;1288;1124;1113;1228;1078;940;830;877;980;
2478000;"Powiat m.Zabrze";891;913;929;1069;1022;1087;1191;1440;1192;1223;1126;1149;1052;1035;1127;1081;
2479000;"Powiat m.Żory";391;343;356;365;393;374;570;554;471;432;464;456;411;419;403;474;
2601000;"Powiat buski";289;264;323;306;332;326;434;424;380;335;349;392;361;420;476;511;
2602000;"Powiat jędrzejowski";449;339;389;458;400;487;493;527;521;473;564;460;435;450;533;651;
2603000;"Powiat kazimierski";104;101;85;106;134;141;161;190;157;181;152;117;124;108;151;180;
2604000;"Powiat kielecki";897;822;848;1150;1102;1287;1443;1641;1438;1763;1628;1720;1509;1706;1863;2040;
2605000;"Powiat konecki";385;365;426;532;476;559;630;650;540;613;545;568;546;560;574;670;
2606000;"Powiat opatowski";204;154;156;209;212;222;253;349;205;268;248;235;233;231;296;437;
2607000;"Powiat ostrowiecki";673;590;670;805;684;816;911;1108;814;815;835;748;669;679;663;874;
2608000;"Powiat pińczowski";182;124;123;184;178;160;225;201;213;190;212;196;196;197;217;235;
2609000;"Powiat sandomierski";329;253;271;335;287;339;380;450;385;432;360;351;375;373;423;463;
2610000;"Powiat skarżyski";495;455;500;540;520;583;693;846;631;720;994;728;709;616;691;655;
2611000;"Powiat starachowicki";460;444;498;552;573;629;697;896;635;649;764;674;571;578;609;652;
2612000;"Powiat staszowski";325;215;258;340;315;383;407;494;411;366;350;373;318;374;386;437;
2613000;"Powiat włoszczowski";316;210;265;250;224;220;256;322;296;321;314;365;331;285;272;321;
2661000;"Powiat m.Kielce";1748;1501;1752;1862;1808;1870;2017;2392;2174;2145;2193;1925;1917;1734;1733;1840;
2801000;"Powiat bartoszycki";250;228;354;288;402;323;506;496;339;412;417;397;285;318;313;373;
2802000;"Powiat braniewski";245;224;287;272;236;293;281;300;280;236;279;284;226;268;240;270;
2803000;"Powiat działdowski";339;325;373;389;475;468;452;532;369;403;450;448;373;351;375;438;
2804000;"Powiat elbląski";307;300;368;374;322;371;434;405;423;374;406;392;382;395;381;461;
2805000;"Powiat ełcki";411;482;547;569;586;672;639;777;599;668;640;646;544;554;601;676;
2806000;"Powiat giżycki";360;299;473;446;463;435;456;506;524;440;463;488;430;384;405;495;
2807000;"Powiat iławski";555;516;537;586;709;739;887;928;543;773;752;675;611;583;548;694;
2808000;"Powiat kętrzyński";363;331;309;376;331;428;475;489;448;385;366;381;324;326;334;337;
2809000;"Powiat lidzbarski";210;191;226;253;253;266;317;360;262;271;278;302;259;237;278;315;
2810000;"Powiat mrągowski";305;322;411;455;454;485;541;565;418;462;477;444;379;398;451;521;
2811000;"Powiat nidzicki";140;163;173;211;214;243;221;298;212;224;211;221;181;203;194;219;
2812000;"Powiat nowomiejski";236;232;302;310;325;316;375;408;243;333;357;351;299;250;293;349;
2813000;"Powiat olecki";161;146;179;342;213;271;282;334;246;323;267;268;226;194;236;296;
2814000;"Powiat olsztyński";578;569;618;819;777;887;1006;1171;1030;1048;1034;1017;924;858;972;1127;
2815000;"Powiat ostródzki";660;616;686;784;783;881;915;957;738;777;787;773;681;637;661;734;
2816000;"Powiat piski";329;350;475;458;371;420;419;500;428;458;416;432;362;328;345;439;
2817000;"Powiat szczycieński";324;372;392;445;429;477;502;499;521;491;483;538;441;448;446;536;
2818000;"Powiat gołdapski";159;116;156;173;184;207;208;232;170;185;188;196;135;127;154;216;
2819000;"Powiat węgorzewski";125;125;162;170;157;161;156;209;157;131;158;179;112;115;119;155;
2861000;"Powiat m.Elbląg";1155;1158;1212;1263;1018;1224;1474;1370;1186;1107;1164;1082;1046;947;999;1128;
2862000;"Powiat m.Olsztyn";1433;1327;1474;1672;1565;1649;2086;2197;1871;1859;2142;1826;1582;1475;1581;1680;
3001000;"Powiat chodzieski";288;234;376;413;421;416;423;554;406;456;437;442;380;375;421;402;
3002000;"Powiat czarnkowsko-trzcianecki";436;366;486;611;551;599;647;806;613;773;689;675;603;577;594;712;
3003000;"Powiat gnieźnieński";900;893;965;1224;1265;1319;1304;1480;1357;1217;1361;1394;1221;1031;1025;1217;
3004000;"Powiat gostyński";361;327;468;501;514;619;699;839;604;683;656;568;647;583;604;720;
3005000;"Powiat grodziski";277;217;297;373;387;348;411;484;392;411;416;459;350;401;377;465;
3006000;"Powiat jarociński";411;362;478;462;540;585;618;737;578;681;594;628;506;511;501;613;
3007000;"Powiat kaliski";398;384;425;441;451;499;522;616;540;544;530;600;551;541;523;697;
3008000;"Powiat kępiński";283;301;297;362;425;443;483;555;437;454;427;439;431;402;438;555;
3009000;"Powiat kolski";425;393;478;519;473;508;506;639;604;660;554;540;552;534;533;548;
3010000;"Powiat koniński";480;388;526;725;772;878;876;985;905;930;1015;1073;962;1046;1261;1420;
3011000;"Powiat kościański";553;543;556;698;652;613;620;712;702;586;683;645;590;561;583;677;
3012000;"Powiat krotoszyński";384;331;432;571;626;545;649;628;534;548;573;535;533;455;485;545;
3013000;"Powiat leszczyński";253;244;270;391;406;496;449;527;409;434;490;460;492;444;470;545;
3014000;"Powiat międzychodzki";237;220;222;319;283;348;363;360;369;308;304;327;308;260;224;301;
3015000;"Powiat nowotomyski";424;374;451;533;574;624;665;745;600;652;697;645;661;570;544;662;
3016000;"Powiat obornicki";315;309;391;455;461;479;441;536;483;475;496;501;429;409;467;593;
3017000;"Powiat ostrowski";964;1021;1220;1288;1249;1293;1458;1532;1388;1352;1383;1329;1195;1103;1199;1571;
3018000;"Powiat ostrzeszowski";324;296;334;417;406;479;532;572;452;521;481;490;456;444;501;550;
3019000;"Powiat pilski";872;879;1025;1123;1030;1216;1143;1386;1223;1030;1184;1186;1015;975;1036;1235;
3020000;"Powiat pleszewski";273;274;445;447;568;469;425;629;401;582;486;552;433;405;396;478;
3021000;"Powiat poznański";2058;1968;2366;3246;3252;3468;3911;4518;4152;4308;4537;4542;4078;3775;4065;4674;
3022000;"Powiat rawicki";320;246;310;383;377;395;468;559;471;447;481;430;444;445;479;499;
3023000;"Powiat słupecki";287;284;326;409;392;403;480;538;435;534;502;542;492;494;511;576;
3024000;"Powiat szamotulski";441;445;540;618;612;623;719;915;727;785;740;712;631;607;636;791;
3025000;"Powiat średzki";302;279;360;465;465;444;471;522;517;524;569;500;470;452;488;514;
3026000;"Powiat śremski";332;318;323;473;487;579;521;599;504;550;550;554;493;470;472;517;
3027000;"Powiat turecki";409;328;415;505;518;527;592;671;576;587;584;609;543;571;664;852;
3028000;"Powiat wągrowiecki";348;385;454;564;511;642;655;667;573;593;680;599;631;520;572;564;
3029000;"Powiat wolsztyński";349;339;328;410;412;448;561;514;465;447;453;488;442;372;411;482;
3030000;"Powiat wrzesiński";425;358;391;560;566;587;562;847;636;713;654;675;631;587;539;647;
3031000;"Powiat złotowski";309;303;358;509;414;470;493;562;470;523;578;484;441;409;445;514;
3061000;"Powiat m.Kalisz";955;896;1022;1032;932;994;1061;1296;994;1148;1017;952;791;766;830;882;
3062000;"Powiat m.Konin";643;583;661;699;703;821;820;930;761;843;728;727;567;615;743;731;
3063000;"Powiat m.Leszno";532;556;626;652;640;767;756;861;655;765;763;726;636;566;597;585;
3064000;"Powiat m.Poznań";5428;5161;6091;6693;6667;7251;7902;8514;8750;8978;9042;8938;6413;5946;6154;6726;
3201000;"Powiat białogardzki";310;325;369;391;365;435;442;548;471;446;521;409;411;418;420;443;
3202000;"Powiat choszczeński";268;316;398;494;483;467;455;528;398;427;402;442;409;375;349;409;
3203000;"Powiat drawski";337;355;421;441;413;429;432;521;407;425;410;412;412;361;440;450;
3204000;"Powiat goleniowski";582;557;645;1020;825;908;905;881;792;820;789;806;729;751;757;799;
3205000;"Powiat gryficki";626;532;615;656;702;792;779;926;694;765;710;712;738;702;658;690;
3206000;"Powiat gryfiński";572;534;704;854;748;893;842;891;883;750;828;823;828;704;768;829;
3207000;"Powiat kamieński";515;451;531;584;672;607;606;621;608;533;646;568;600;589;568;594;
3208000;"Powiat kołobrzeski";800;661;772;847;849;966;954;1013;1055;1061;978;973;887;900;955;1039;
3209000;"Powiat koszaliński";517;432;479;572;578;634;641;697;729;662;708;751;655;645;666;783;
3210000;"Powiat myśliborski";434;391;523;654;660;646;709;741;604;593;586;640;553;485;558;622;
3211000;"Powiat policki";500;541;654;862;818;869;926;1083;1019;991;911;1024;943;877;889;989;
3212000;"Powiat pyrzycki";239;297;396;486;408;435;413;410;370;292;336;345;336;317;334;419;
3213000;"Powiat sławieński";393;362;497;508;579;582;559;638;573;520;578;584;493;491;529;614;
3214000;"Powiat stargardzki";911;950;1121;1274;1191;1380;1376;1329;1247;1273;1186;1173;1166;1091;1129;1156;
3215000;"Powiat szczecinecki";483;396;497;538;574;574;632;744;549;610;566;627;600;495;526;553;
3216000;"Powiat świdwiński";237;227;283;293;290;328;375;410;301;365;396;332;312;277;352;359;
3217000;"Powiat wałecki";331;299;417;418;371;422;462;482;416;392;422;431;404;330;351;362;
3218000;"Powiat łobeski";217;212;294;347;324;386;351;408;298;329;308;307;288;233;247;281;
3261000;"Powiat m.Koszalin";1070;1049;1069;1127;1136;1181;1349;1248;1233;1336;1294;1304;1148;1010;1046;1169;
3262000;"Powiat m.Szczecin";4020;4125;4527;5040;5095;5244;5882;5934;5493;5427;5693;5639;4849;4719;4634;4765;
3263000;"Powiat m.Świnoujście";382;358;408;465;407;483;520;510;568;487;488;525;445;410;461;459;
