"Kod";"Nazwa";"rok;wpisane;spółki handlowe;2005;[-]";"rok;wpisane;spółki handlowe;2006;[-]";"rok;wpisane;spółki handlowe;2007;[-]";"rok;wpisane;spółki handlowe;2008;[-]";"rok;wpisane;spółki handlowe;2009;[-]";"rok;wpisane;spółki handlowe;2010;[-]";"rok;wpisane;spółki handlowe;2011;[-]";"rok;wpisane;spółki handlowe;2012;[-]";"rok;wpisane;spółki handlowe;2013;[-]";"rok;wpisane;spółki handlowe;2014;[-]";"rok;wpisane;spółki handlowe;2015;[-]";"rok;wpisane;spółki handlowe;2016;[-]";"rok;wpisane;spółki handlowe;2017;[-]";"rok;wpisane;spółki handlowe;2018;[-]";"rok;wpisane;spółki handlowe;2019;[-]";
0201000;"Powiat bolesławiecki";313;333;347;358;370;373;385;402;431;458;469;503;533;468;;
0202000;"Powiat dzierżoniowski";417;432;449;454;467;481;497;513;541;570;577;609;647;539;;
0203000;"Powiat głogowski";404;415;428;416;430;443;450;471;496;520;512;525;542;412;;
0204000;"Powiat górowski";87;95;97;100;103;102;108;118;120;122;123;128;132;106;;
0205000;"Powiat jaworski";163;172;182;185;194;202;205;222;238;250;252;275;303;250;;
0206000;"Powiat jeleniogórski";383;391;411;432;455;471;494;503;529;539;540;567;588;434;;
0207000;"Powiat kamiennogórski";180;188;197;199;203;209;212;217;223;228;225;233;238;168;;
0208000;"Powiat kłodzki";521;535;548;559;587;615;637;671;703;733;747;788;818;683;;
0209000;"Powiat legnicki";138;147;157;165;171;175;184;212;233;246;258;272;284;271;;
0210000;"Powiat lubański";212;215;221;235;246;255;269;280;295;315;321;329;330;251;;
0211000;"Powiat lubiński";390;401;415;431;447;481;498;510;532;556;569;578;596;501;;
0212000;"Powiat lwówecki";122;129;135;139;143;150;160;162;169;182;185;188;191;152;;
0213000;"Powiat milicki";72;72;76;81;88;93;94;104;116;136;131;126;127;117;;
0214000;"Powiat oleśnicki";274;295;318;348;377;398;433;462;486;526;539;604;664;643;;
0215000;"Powiat oławski";278;291;321;335;365;385;410;428;451;471;479;532;588;564;;
0216000;"Powiat polkowicki";164;173;184;180;193;194;196;205;213;226;231;238;253;207;;
0217000;"Powiat strzeliński";140;146;163;171;175;179;186;197;212;227;238;254;278;249;;
0218000;"Powiat średzki";177;192;206;215;233;254;277;312;341;356;374;396;424;425;;
0219000;"Powiat świdnicki";914;943;988;995;1020;1052;1081;1132;1217;1261;1294;1377;1475;1257;;
0220000;"Powiat trzebnicki";264;276;286;297;319;347;377;395;446;470;491;533;577;549;;
0221000;"Powiat wałbrzyski";965;975;982;973;989;1027;1049;1079;241;254;255;273;285;224;;
0222000;"Powiat wołowski";121;126;135;142;147;152;158;166;176;192;192;205;223;193;;
0223000;"Powiat wrocławski";577;651;758;835;942;1071;1170;1341;1503;1674;1763;1956;2142;2193;;
0224000;"Powiat ząbkowicki";222;229;240;242;253;273;283;290;319;326;339;345;357;306;;
0225000;"Powiat zgorzelecki";332;348;361;362;371;391;397;408;440;458;495;552;591;513;;
0226000;"Powiat złotoryjski";168;174;180;178;189;191;194;189;195;202;216;260;255;187;;
0261000;"Powiat m.Jelenia Góra";907;940;965;989;1011;1033;1062;1105;1156;1197;1225;1301;1356;963;;
0262000;"Powiat m.Legnica";629;650;678;695;737;798;877;956;1032;1104;1144;1222;1313;1174;;
0264000;"Powiat m.Wrocław";9013;9666;10464;10946;11564;12594;13651;15043;16797;18572;19191;21331;22905;21641;;
0265000;"Powiat m.Wałbrzych od 2013";;;;;;;;;874;912;921;958;979;686;;
0401000;"Powiat aleksandrowski";136;140;148;149;153;166;183;193;203;205;208;228;247;212;;
0402000;"Powiat brodnicki";146;157;166;166;180;197;197;211;239;246;262;290;308;288;;
0403000;"Powiat bydgoski";408;440;487;506;544;587;629;688;769;828;846;936;1012;994;;
0404000;"Powiat chełmiński";117;122;122;129;132;143;153;158;163;172;176;181;183;142;;
0405000;"Powiat golubsko-dobrzyński";83;88;93;98;98;104;109;113;114;123;129;147;156;151;;
0406000;"Powiat grudziądzki";65;70;76;84;112;130;133;144;152;156;163;173;173;163;;
0407000;"Powiat inowrocławski";476;491;503;510;515;547;620;646;687;709;725;781;813;697;;
0408000;"Powiat lipnowski";99;103;109;114;116;121;123;126;138;152;161;176;190;155;;
0409000;"Powiat mogileński";69;74;80;79;83;91;98;104;112;123;125;140;149;150;;
0410000;"Powiat nakielski";215;223;228;241;247;250;252;256;272;282;286;307;332;291;;
0411000;"Powiat radziejowski";55;57;60;63;63;66;69;70;70;73;75;77;76;69;;
0412000;"Powiat rypiński";76;80;86;87;91;99;103;121;128;136;143;151;152;140;;
0413000;"Powiat sępoleński";81;86;86;83;85;88;88;90;100;104;110;110;113;105;;
0414000;"Powiat świecki";205;223;229;251;261;275;289;313;336;354;371;379;391;358;;
0415000;"Powiat toruński";253;276;295;307;333;349;397;429;475;521;535;589;628;604;;
0416000;"Powiat tucholski";100;101;107;110;111;114;112;121;129;128;131;136;146;109;;
0417000;"Powiat wąbrzeski";52;53;53;59;57;67;78;81;85;92;95;104;115;115;;
0418000;"Powiat włocławski";162;167;181;186;197;208;225;242;254;262;265;278;284;230;;
0419000;"Powiat żniński";123;132;136;147;153;159;171;179;198;224;226;245;266;254;;
0461000;"Powiat m.Bydgoszcz";3213;3323;3441;3535;3641;3786;3909;4120;4339;4614;4759;5113;5456;4446;;
0462000;"Powiat m.Grudziądz";392;403;424;419;422;430;442;468;505;529;552;615;644;568;;
0463000;"Powiat m.Toruń";1786;1884;2016;2042;2168;2333;2462;2643;2860;3052;3135;3402;3606;3148;;
0464000;"Powiat m.Włocławek";757;774;798;798;817;840;860;904;943;975;978;1030;1059;705;;
0601000;"Powiat bialski";209;214;222;228;234;257;280;297;333;350;363;398;428;372;;
0602000;"Powiat biłgorajski";125;131;139;139;149;170;179;196;210;224;228;243;252;217;;
0603000;"Powiat chełmski";82;89;94;95;99;104;107;113;122;125;135;155;163;135;;
0604000;"Powiat hrubieszowski";66;66;67;67;73;77;78;81;89;94;98;109;111;95;;
0605000;"Powiat janowski";73;78;79;83;90;94;92;98;105;105;107;110;114;94;;
0606000;"Powiat krasnostawski";73;70;72;76;84;85;94;96;101;104;101;119;120;100;;
0607000;"Powiat kraśnicki";135;141;147;143;147;154;170;184;201;205;211;233;244;216;;
0608000;"Powiat lubartowski";110;118;130;130;135;146;152;159;173;188;190;205;234;228;;
0609000;"Powiat lubelski";277;294;316;333;345;373;407;429;476;517;531;588;637;614;;
0610000;"Powiat łęczyński";97;101;106;113;120;126;136;143;152;154;155;158;164;133;;
0611000;"Powiat łukowski";119;120;126;129;143;164;183;191;196;210;218;247;283;276;;
0612000;"Powiat opolski";105;102;108;102;99;100;107;120;129;137;142;144;146;126;;
0613000;"Powiat parczewski";58;57;62;62;67;70;73;76;82;85;89;96;99;76;;
0614000;"Powiat puławski";303;312;330;338;347;373;381;404;426;450;456;503;527;477;;
0615000;"Powiat radzyński";60;61;60;58;66;74;80;86;91;97;96;100;112;101;;
0616000;"Powiat rycki";64;66;69;71;81;85;92;100;109;123;128;140;154;145;;
0617000;"Powiat świdnicki";167;190;198;206;220;238;253;271;281;293;309;333;354;318;;
0618000;"Powiat tomaszowski";143;148;159;156;168;175;184;195;212;217;221;227;237;208;;
0619000;"Powiat włodawski";67;69;75;74;75;76;85;84;91;96;97;97;97;76;;
0620000;"Powiat zamojski";102;105;114;117;118;123;135;151;165;172;176;183;194;169;;
0661000;"Powiat m.Biała Podlaska";372;390;406;431;453;483;530;570;621;669;708;767;822;708;;
0662000;"Powiat m.Chełm";331;338;350;355;368;386;390;409;435;463;480;534;565;464;;
0663000;"Powiat m.Lublin";3372;3477;3611;3742;3927;4175;4347;4701;5150;5543;5742;6308;6694;5754;;
0664000;"Powiat m.Zamość";403;417;437;444;454;470;485;515;530;541;541;562;595;429;;
0801000;"Powiat gorzowski";349;358;374;393;412;428;452;472;500;528;545;573;584;460;;
0802000;"Powiat krośnieński";202;207;215;209;215;221;234;249;260;270;273;284;298;223;;
0803000;"Powiat międzyrzecki";260;268;278;292;304;319;325;341;364;396;403;424;436;331;;
0804000;"Powiat nowosolski";294;306;312;320;331;333;346;378;405;433;426;493;482;387;;
0805000;"Powiat słubicki";410;429;440;457;470;472;503;525;549;580;581;602;595;447;;
0806000;"Powiat strzelecko-drezdenecki";137;168;189;196;197;211;218;227;237;205;216;222;227;180;;
0807000;"Powiat sulęciński";129;136;140;148;158;161;174;176;196;202;204;228;223;173;;
0808000;"Powiat świebodziński";259;276;288;306;319;336;365;376;395;413;418;445;451;352;;
0809000;"Powiat zielonogórski";364;376;401;420;435;473;511;534;576;607;428;467;482;419;;
0810000;"Powiat żagański";235;242;257;269;274;280;300;321;340;358;368;405;416;318;;
0811000;"Powiat żarski";510;529;546;550;561;579;592;608;640;645;660;677;662;425;;
0812000;"Powiat wschowski";118;119;123;128;139;139;150;167;178;187;188;192;186;152;;
0861000;"Powiat m.Gorzów Wielkopolski";1151;1205;1259;1307;1387;1462;1515;1635;1762;1847;1893;2031;2096;1625;;
0862000;"Powiat m.Zielona Góra";1509;1576;1637;1710;1791;1876;2003;2170;2399;2656;2946;3154;3288;2618;;
1001000;"Powiat bełchatowski";273;284;291;309;316;331;343;360;386;408;436;460;490;463;;
1002000;"Powiat kutnowski";287;299;314;330;340;355;361;394;417;445;484;513;534;443;;
1003000;"Powiat łaski";116;117;120;131;143;150;152;162;177;188;191;192;201;175;;
1004000;"Powiat łęczycki";81;84;91;99;103;102;102;108;114;121;127;131;139;114;;
1005000;"Powiat łowicki";171;173;178;180;183;188;193;196;217;232;235;253;256;220;;
1006000;"Powiat łódzki wschodni";242;257;278;306;336;381;400;434;470;513;555;613;659;646;;
1007000;"Powiat opoczyński";99;103;111;122;126;131;144;145;152;164;182;189;193;179;;
1008000;"Powiat pabianicki";476;513;553;590;621;653;685;734;824;888;972;1045;1128;1075;;
1009000;"Powiat pajęczański";71;70;73;78;84;88;99;101;106;117;121;129;147;144;;
1010000;"Powiat piotrkowski";81;87;94;110;116;124;135;145;167;184;209;217;229;239;;
1011000;"Powiat poddębicki";51;53;54;51;57;64;65;73;83;87;92;103;117;116;;
1012000;"Powiat radomszczański";196;206;212;235;242;265;287;311;346;369;408;452;510;504;;
1013000;"Powiat rawski";97;97;108;111;119;132;145;145;155;162;168;180;184;176;;
1014000;"Powiat sieradzki";403;400;411;414;419;427;432;442;458;488;500;546;552;445;;
1015000;"Powiat skierniewicki";46;46;49;50;53;53;56;63;72;84;89;96;106;91;;
1016000;"Powiat tomaszowski";273;283;295;304;322;338;358;387;413;452;483;526;561;561;;
1017000;"Powiat wieluński";236;242;247;252;252;263;265;276;283;308;327;355;363;326;;
1018000;"Powiat wieruszowski";77;86;91;96;103;107;112;116;124;134;138;151;160;154;;
1019000;"Powiat zduńskowolski";228;233;235;241;257;265;277;289;310;334;347;368;378;341;;
1020000;"Powiat zgierski";532;565;588;621;647;683;714;766;829;900;972;1059;1142;1042;;
1021000;"Powiat brzeziński";89;93;91;87;88;93;107;111;127;131;147;164;177;158;;
1061000;"Powiat m.Łódź";6381;6702;7045;7263;7602;8077;8557;9203;9951;10658;11545;12434;13272;11662;;
1062000;"Powiat m.Piotrków Trybunalski";302;313;328;351;364;407;421;446;476;494;519;558;598;552;;
1063000;"Powiat m.Skierniewice";273;278;281;286;286;291;304;319;339;351;362;381;406;301;;
1201000;"Powiat bocheński";196;206;212;228;243;256;277;312;349;371;387;417;432;404;;
1202000;"Powiat brzeski";127;136;141;148;160;165;174;189;220;243;260;285;317;301;;
1203000;"Powiat chrzanowski";456;470;488;506;523;555;580;610;655;702;723;762;799;703;;
1204000;"Powiat dąbrowski";50;59;59;62;65;65;66;72;75;84;86;97;109;109;;
1205000;"Powiat gorlicki";193;200;204;201;204;214;218;248;269;294;308;317;343;330;;
1206000;"Powiat krakowski";698;757;849;910;985;1124;1245;1380;1569;1721;1753;1937;2142;2194;;
1207000;"Powiat limanowski";125;130;137;149;156;166;171;187;206;221;222;246;268;268;;
1208000;"Powiat miechowski";50;52;54;58;61;71;75;82;92;108;112;116;122;110;;
1209000;"Powiat myślenicki";249;269;286;299;312;329;364;402;443;483;506;573;633;641;;
1210000;"Powiat nowosądecki";289;307;332;349;376;399;434;459;511;549;567;602;632;603;;
1211000;"Powiat nowotarski";284;300;325;339;350;366;386;419;450;495;505;562;610;583;;
1212000;"Powiat olkuski";312;321;337;341;353;379;399;413;436;468;479;507;537;465;;
1213000;"Powiat oświęcimski";400;421;430;437;481;584;628;671;724;788;803;862;895;814;;
1214000;"Powiat proszowicki";74;81;85;92;92;99;103;115;129;140;142;152;162;148;;
1215000;"Powiat suski";117;124;134;140;152;155;171;182;197;206;211;227;242;232;;
1216000;"Powiat tarnowski";190;201;223;243;251;265;274;288;321;356;382;429;461;467;;
1217000;"Powiat tatrzański";214;234;251;267;290;309;338;367;392;424;427;446;457;405;;
1218000;"Powiat wadowicki";400;431;444;460;474;491;522;563;643;665;698;753;811;805;;
1219000;"Powiat wielicki";342;361;392;422;463;503;557;609;695;773;800;951;1066;1064;;
1261000;"Powiat m.Kraków";9897;10742;11652;12313;13216;14323;15513;17269;19057;20709;21586;24353;26160;24435;;
1262000;"Powiat m.Nowy Sącz";481;488;515;542;587;623;656;696;771;847;876;914;967;850;;
1263000;"Powiat m.Tarnów";625;645;679;687;705;745;785;843;894;974;1035;1144;1214;1124;;
1401000;"Powiat białobrzeski";58;58;63;69;90;112;116;141;138;159;170;190;197;186;;
1402000;"Powiat ciechanowski";248;257;267;269;289;292;296;308;329;343;347;341;342;228;;
1403000;"Powiat garwoliński";124;126;133;145;155;170;182;195;217;227;234;253;264;226;;
1404000;"Powiat gostyniński";92;96;97;100;103;117;122;124;145;151;153;159;168;149;;
1405000;"Powiat grodziski";491;534;572;599;641;702;748;806;927;1050;1077;1171;1260;1187;;
1406000;"Powiat grójecki";261;271;286;300;332;368;403;423;469;515;529;571;609;560;;
1407000;"Powiat kozienicki";97;103;103;114;118;114;117;117;129;133;130;140;147;120;;
1408000;"Powiat legionowski";574;627;665;709;759;819;874;935;1038;1085;1093;1158;1225;1025;;
1409000;"Powiat lipski";30;33;34;35;38;37;41;45;49;49;51;51;49;43;;
1410000;"Powiat łosicki";36;40;45;47;55;61;64;69;77;79;79;80;82;71;;
1411000;"Powiat makowski";67;75;76;78;79;82;96;92;103;104;109;115;119;97;;
1412000;"Powiat miński";436;469;497;525;552;580;606;644;688;731;747;823;886;770;;
1413000;"Powiat mławski";142;151;166;172;180;198;206;228;242;258;264;291;318;285;;
1414000;"Powiat nowodworski";240;253;288;305;330;376;405;444;471;502;513;575;651;597;;
1415000;"Powiat ostrołęcki";64;69;70;72;74;78;83;87;98;104;112;128;144;140;;
1416000;"Powiat ostrowski";144;149;150;153;154;171;171;183;192;203;205;218;231;194;;
1417000;"Powiat otwocki";691;735;783;790;826;906;957;1024;1113;1168;1186;1239;1321;1120;;
1418000;"Powiat piaseczyński";1927;2136;2503;2882;3244;3644;4047;4474;4980;5446;5690;6333;6722;6522;;
1419000;"Powiat płocki";120;130;141;151;158;176;190;213;248;279;293;308;328;289;;
1420000;"Powiat płoński";181;185;201;207;218;237;252;263;289;316;316;327;351;301;;
1421000;"Powiat pruszkowski";1906;2104;2254;2388;2518;2676;2773;2939;3091;3283;3362;3521;3718;3281;;
1422000;"Powiat przasnyski";55;59;67;73;76;78;90;96;100;103;104;110;116;108;;
1423000;"Powiat przysuski";53;55;54;52;53;55;54;60;62;67;69;75;74;55;;
1424000;"Powiat pułtuski";93;92;95;102;111;115;118;124;136;151;155;172;181;148;;
1425000;"Powiat radomski";220;228;238;253;271;278;296;312;333;349;363;406;438;382;;
1426000;"Powiat siedlecki";65;81;87;92;106;116;125;137;162;170;174;194;215;213;;
1427000;"Powiat sierpecki";66;71;73;72;76;84;86;99;118;128;136;149;151;129;;
1428000;"Powiat sochaczewski";259;271;290;297;307;325;347;378;399;421;419;448;484;423;;
1429000;"Powiat sokołowski";78;79;87;87;96;112;123;129;146;153;157;163;179;164;;
1430000;"Powiat szydłowiecki";49;51;51;54;57;64;69;76;87;96;94;96;100;84;;
1432000;"Powiat warszawski zachodni";1198;1310;1408;1490;1572;1719;1829;1979;2082;2203;2301;2469;2643;2485;;
1433000;"Powiat węgrowski";92;95;99;104;107;114;118;122;137;146;153;162;175;148;;
1434000;"Powiat wołomiński";880;938;1012;1068;1154;1270;1354;1483;1624;1812;1885;2026;2188;2175;;
1435000;"Powiat wyszkowski";176;184;192;196;202;212;229;246;264;279;282;311;323;279;;
1436000;"Powiat zwoleński";33;34;37;38;39;46;45;45;50;53;55;54;54;43;;
1437000;"Powiat żuromiński";47;51;50;52;53;53;58;70;82;81;83;96;104;92;;
1438000;"Powiat żyrardowski";222;222;236;250;264;277;291;306;320;342;356;396;437;393;;
1461000;"Powiat m.Ostrołęka";288;288;292;301;305;313;321;340;351;370;383;403;432;309;;
1462000;"Powiat m.Płock";833;862;904;922;951;988;1025;1082;1145;1198;1188;1252;1325;1065;;
1463000;"Powiat m.Radom";1385;1428;1460;1508;1546;1580;1631;1716;1804;1907;1989;2107;2189;1640;;
1464000;"Powiat m.Siedlce";445;455;483;492;505;517;537;558;605;645;656;706;759;623;;
1465000;"Powiat m. st. Warszawa";48370;52176;56510;59346;63212;68396;73732;81049;91220;99800;102214;110743;117602;104912;;
1601000;"Powiat brzeski";291;300;304;315;331;357;366;385;439;480;477;488;480;420;;
1602000;"Powiat głubczycki";76;80;85;87;97;98;100;106;119;134;132;131;126;104;;
1603000;"Powiat kędzierzyńsko-kozielski";408;419;446;454;479;495;525;565;586;620;629;660;661;566;;
1604000;"Powiat kluczborski";171;180;179;181;188;204;218;231;246;255;257;279;283;219;;
1605000;"Powiat krapkowicki";237;235;253;268;279;286;300;324;339;352;369;386;399;338;;
1606000;"Powiat namysłowski";118;131;137;140;148;149;161;175;199;209;209;216;220;199;;
1607000;"Powiat nyski";428;447;461;469;478;498;513;542;566;588;600;625;634;545;;
1608000;"Powiat oleski";148;158;165;169;173;180;183;194;202;217;220;237;255;246;;
1609000;"Powiat opolski";410;425;448;459;486;515;540;567;607;639;668;699;613;535;;
1610000;"Powiat prudnicki";116;121;126;122;131;144;154;158;166;169;169;173;174;131;;
1611000;"Powiat strzelecki";187;198;213;208;220;231;248;257;275;289;297;315;318;263;;
1661000;"Powiat m.Opole";1727;1792;1863;1906;1995;2071;2141;2230;2450;2574;2634;2810;2902;2374;;
1801000;"Powiat bieszczadzki";42;44;45;47;47;45;57;59;62;67;66;75;75;67;;
1802000;"Powiat brzozowski";58;60;61;59;60;67;84;87;102;104;105;136;148;143;;
1803000;"Powiat dębicki";347;359;389;401;423;451;465;499;517;556;557;593;616;586;;
1804000;"Powiat jarosławski";234;245;259;264;281;301;313;346;374;409;433;483;531;524;;
1805000;"Powiat jasielski";209;224;233;240;250;265;284;300;326;337;331;352;375;347;;
1806000;"Powiat kolbuszowski";75;80;82;90;90;96;103;112;121;137;144;169;189;182;;
1807000;"Powiat krośnieński";128;133;142;145;155;163;175;188;209;225;236;264;285;269;;
1808000;"Powiat leżajski";90;95;106;105;109;113;118;122;137;164;170;179;190;183;;
1809000;"Powiat lubaczowski";61;60;65;69;71;75;82;85;89;91;91;103;119;111;;
1810000;"Powiat łańcucki";151;161;160;164;180;197;205;221;244;275;287;331;364;368;;
1811000;"Powiat mielecki";365;382;429;459;474;500;530;580;638;682;699;737;776;728;;
1812000;"Powiat niżański";63;62;64;66;75;82;88;94;104;112;111;115;120;99;;
1813000;"Powiat przemyski";62;66;70;77;81;89;97;112;122;133;146;196;220;208;;
1814000;"Powiat przeworski";94;95;96;101;108;119;134;143;160;164;171;200;224;213;;
1815000;"Powiat ropczycko-sędziszowski";83;87;95;98;104;113;123;132;143;157;163;183;201;186;;
1816000;"Powiat rzeszowski";315;345;377;395;411;427;486;532;614;675;713;831;915;906;;
1817000;"Powiat sanocki";205;218;237;244;255;268;281;296;318;334;355;390;434;412;;
1818000;"Powiat stalowowolski";322;334;348;371;388;401;424;446;460;481;484;512;526;439;;
1819000;"Powiat strzyżowski";52;55;60;66;77;78;82;86;99;106;107;127;144;152;;
1820000;"Powiat tarnobrzeski";67;75;80;78;90;95;107;113;119;132;133;140;151;147;;
1821000;"Powiat leski";67;66;62;55;58;59;63;62;62;63;64;79;78;55;;
1861000;"Powiat m.Krosno";296;316;330;337;360;384;392;419;445;479;491;506;533;473;;
1862000;"Powiat m.Przemyśl";369;380;389;395;408;430;452;492;543;608;678;866;949;911;;
1863000;"Powiat m.Rzeszów";1598;1657;1775;1857;1997;2176;2382;2659;3009;3416;3711;4335;4771;4630;;
1864000;"Powiat m.Tarnobrzeg";221;228;241;253;257;264;274;277;301;310;312;329;347;244;;
2001000;"Powiat augustowski";118;121;128;125;127;134;135;150;154;165;163;165;170;159;;
2002000;"Powiat białostocki";315;343;368;394;424;450;470;519;572;621;626;694;772;740;;
2003000;"Powiat bielski";126;130;132;126;128;132;140;150;161;165;172;189;199;182;;
2004000;"Powiat grajewski";50;50;54;57;61;69;72;78;84;91;93;88;91;80;;
2005000;"Powiat hajnowski";68;70;70;75;76;79;83;82;92;96;95;103;111;96;;
2006000;"Powiat kolneński";26;27;29;31;34;35;37;43;46;50;48;50;53;50;;
2007000;"Powiat łomżyński";44;48;53;46;47;49;58;61;69;71;74;79;84;82;;
2008000;"Powiat moniecki";40;43;46;45;45;51;52;57;62;67;67;68;68;49;;
2009000;"Powiat sejneński";33;32;32;31;31;30;32;35;37;38;39;40;47;37;;
2010000;"Powiat siemiatycki";46;48;49;53;56;59;63;70;73;76;77;84;90;81;;
2011000;"Powiat sokólski";101;105;103;102;102;109;119;123;133;141;152;158;169;144;;
2012000;"Powiat suwalski";39;39;39;40;39;42;48;55;58;63;65;66;71;61;;
2013000;"Powiat wysokomazowiecki";65;67;71;75;85;88;89;91;97;106;107;121;127;121;;
2014000;"Powiat zambrowski";56;59;67;67;76;77;82;91;98;109;113;127;136;136;;
2061000;"Powiat m.Białystok";1885;1961;2068;2126;2212;2323;2479;2700;2972;3166;3303;3661;3948;3619;;
2062000;"Powiat m.Łomża";253;266;279;275;283;291;298;307;322;341;348;383;408;340;;
2063000;"Powiat m.Suwałki";344;352;347;341;358;381;390;408;446;464;481;537;584;466;;
2201000;"Powiat bytowski";184;191;196;210;219;219;234;251;268;287;286;307;314;269;;
2202000;"Powiat chojnicki";211;224;235;251;279;295;325;345;351;370;381;417;478;441;;
2203000;"Powiat człuchowski";150;156;163;168;164;170;179;191;199;210;217;219;229;192;;
2204000;"Powiat gdański";619;666;714;759;804;863;941;1018;1107;1193;1276;1392;1455;1318;;
2205000;"Powiat kartuski";446;478;502;545;574;627;675;744;833;899;963;1121;1210;1148;;
2206000;"Powiat kościerski";152;159;165;167;175;191;191;196;220;230;250;279;296;238;;
2207000;"Powiat kwidzyński";269;274;285;293;311;331;339;354;395;421;428;435;444;436;;
2208000;"Powiat lęborski";252;267;276;284;284;298;309;315;334;334;339;348;368;283;;
2209000;"Powiat malborski";201;212;221;235;235;243;257;279;290;308;299;312;314;248;;
2210000;"Powiat nowodworski";106;110;110;111;115;126;133;140;149;153;155;164;169;130;;
2211000;"Powiat pucki";292;308;343;362;380;406;422;439;469;506;545;588;617;551;;
2212000;"Powiat słupski";341;364;372;386;398;417;431;484;511;521;534;531;546;461;;
2213000;"Powiat starogardzki";351;375;387;401;401;421;425;474;511;535;563;593;605;498;;
2214000;"Powiat tczewski";471;479;487;497;520;554;576;614;658;670;682;712;741;600;;
2215000;"Powiat wejherowski";800;843;891;929;973;1026;1075;1151;1271;1357;1387;1485;1591;1359;;
2216000;"Powiat sztumski";145;147;150;149;154;153;163;172;191;195;195;192;194;146;;
2261000;"Powiat m.Gdańsk";6881;7147;7476;7708;8054;8471;8827;9399;10059;10747;11137;11666;11971;9156;;
2262000;"Powiat m.Gdynia";3662;3838;3981;4146;4377;4606;4840;5186;5669;5950;6142;6576;7044;5805;;
2263000;"Powiat m.Słupsk";696;739;768;785;822;855;878;899;917;957;970;1002;1026;733;;
2264000;"Powiat m.Sopot";1181;1224;1276;1302;1366;1432;1510;1596;1707;1782;1822;1951;2082;1610;;
2401000;"Powiat będziński";630;667;696;724;777;813;842;917;1017;1106;1172;1257;1325;1154;;
2402000;"Powiat bielski";521;543;585;610;631;661;708;784;849;935;972;1069;1127;1047;;
2403000;"Powiat cieszyński";876;912;970;1005;1042;1136;1198;1269;1368;1451;1477;1585;1602;1355;;
2404000;"Powiat częstochowski";265;269;282;292;307;331;356;380;429;446;456;529;574;532;;
2405000;"Powiat gliwicki";297;307;320;341;376;404;433;485;544;590;672;839;958;932;;
2406000;"Powiat kłobucki";172;181;194;201;217;228;234;244;260;282;288;315;340;326;;
2407000;"Powiat lubliniecki";168;183;193;205;218;242;268;288;324;372;376;401;438;415;;
2408000;"Powiat mikołowski";448;487;518;556;580;652;700;750;814;882;930;984;1041;993;;
2409000;"Powiat myszkowski";194;194;214;233;243;257;277;295;322;348;369;404;435;393;;
2410000;"Powiat pszczyński";417;441;457;480;507;555;593;661;735;794;826;887;959;925;;
2411000;"Powiat raciborski";446;467;488;500;523;556;570;599;649;680;683;706;735;616;;
2412000;"Powiat rybnicki";110;118;123;138;151;159;163;182;192;208;218;233;234;220;;
2413000;"Powiat tarnogórski";677;696;743;780;840;911;963;1050;1141;1224;1284;1349;1390;1236;;
2414000;"Powiat bieruńsko-lędziński";143;145;150;157;170;192;208;225;257;292;301;317;347;361;;
2415000;"Powiat wodzisławski";372;385;404;420;449;475;492;548;605;664;689;737;778;717;;
2416000;"Powiat zawierciański";304;317;327;331;332;348;370;393;432;458;460;491;523;468;;
2417000;"Powiat żywiecki";341;354;377;392;417;441;470;504;550;612;635;692;717;653;;
2461000;"Powiat m.Bielsko-Biała";1922;2022;2110;2180;2314;2445;2587;2802;3060;3258;3401;3725;3851;3402;;
2462000;"Powiat m.Bytom";704;732;793;830;884;940;999;1058;1151;1238;1290;1387;1447;1254;;
2463000;"Powiat m.Chorzów";712;732;781;807;836;905;940;1065;1133;1213;1283;1397;1496;1367;;
2464000;"Powiat m.Częstochowa";1779;1849;1926;1996;2092;2184;2316;2489;2662;2844;2951;3264;3463;3001;;
2465000;"Powiat m.Dąbrowa Górnicza";732;744;776;809;860;906;982;1052;1159;1261;1303;1402;1499;1325;;
2466000;"Powiat m.Gliwice";1869;1939;2077;2146;2292;2415;2532;2654;2829;3024;3117;3224;3276;2775;;
2467000;"Powiat m.Jastrzębie-Zdrój";232;243;254;267;278;288;303;310;329;355;370;394;411;339;;
2468000;"Powiat m.Jaworzno";266;279;307;324;336;402;453;501;559;613;652;735;800;761;;
2469000;"Powiat m.Katowice";5192;5434;5720;5996;6257;6702;7146;7810;8611;9336;9744;10654;11229;10013;;
2470000;"Powiat m.Mysłowice";451;481;500;506;522;541;560;608;656;705;730;786;822;709;;
2471000;"Powiat m.Piekary Śląskie";179;185;195;212;222;241;252;285;334;397;411;448;463;416;;
2472000;"Powiat m.Ruda Śląska";428;442;473;477;513;556;593;636;687;730;760;798;842;782;;
2473000;"Powiat m.Rybnik";718;748;790;822;887;966;1035;1100;1201;1273;1281;1346;1353;1198;;
2474000;"Powiat m.Siemianowice Śląskie";343;367;376;389;405;427;446;470;509;534;554;576;562;488;;
2475000;"Powiat m.Sosnowiec";1017;1064;1118;1166;1207;1333;1395;1503;1605;1703;1780;2000;2095;1805;;
2476000;"Powiat m.Świętochłowice";177;180;186;192;199;205;225;237;259;286;298;318;348;318;;
2477000;"Powiat m.Tychy";819;877;948;986;1044;1111;1192;1272;1398;1483;1547;1638;1731;1569;;
2478000;"Powiat m.Zabrze";838;878;907;914;941;969;1030;1115;1178;1242;1298;1346;1326;1076;;
2479000;"Powiat m.Żory";248;254;273;287;310;328;353;381;409;451;466;499;512;470;;
2601000;"Powiat buski";111;119;127;130;132;141;144;146;160;164;170;178;184;148;;
2602000;"Powiat jędrzejowski";114;117;121;127;137;152;157;166;183;191;192;200;257;260;;
2603000;"Powiat kazimierski";31;32;35;37;40;46;48;52;57;63;64;68;72;71;;
2604000;"Powiat kielecki";233;246;270;280;297;319;354;384;468;530;541;602;656;663;;
2605000;"Powiat konecki";155;168;172;176;178;177;185;196;209;223;232;249;254;230;;
2606000;"Powiat opatowski";60;62;65;64;64;69;68;72;78;82;81;90;91;76;;
2607000;"Powiat ostrowiecki";300;310;329;335;338;351;349;362;388;414;420;456;486;418;;
2608000;"Powiat pińczowski";55;58;60;59;63;68;70;74;93;98;100;106;114;94;;
2609000;"Powiat sandomierski";192;197;206;211;220;227;233;244;257;276;279;298;318;266;;
2610000;"Powiat skarżyski";177;187;191;193;201;207;218;222;231;247;243;270;294;246;;
2611000;"Powiat starachowicki";276;291;297;292;292;303;299;305;315;321;325;337;359;296;;
2612000;"Powiat staszowski";110;115;117;117;123;126;126;130;139;152;159;165;175;152;;
2613000;"Powiat włoszczowski";61;64;66;65;63;65;73;89;95;101;100;104;110;100;;
2661000;"Powiat m.Kielce";1944;2007;2110;2200;2260;2368;2468;2628;2833;3011;3108;3359;3543;2941;;
2801000;"Powiat bartoszycki";128;134;140;142;147;156;161;173;172;178;182;189;196;166;;
2802000;"Powiat braniewski";97;103;106;109;108;113;125;134;146;159;164;176;192;163;;
2803000;"Powiat działdowski";95;99;109;114;123;122;131;147;159;156;165;178;184;152;;
2804000;"Powiat elbląski";167;174;177;174;186;191;210;220;238;245;234;246;268;231;;
2805000;"Powiat ełcki";214;214;222;220;228;233;244;254;270;288;293;315;364;316;;
2806000;"Powiat giżycki";180;189;191;198;200;200;211;227;240;244;246;252;266;214;;
2807000;"Powiat iławski";215;227;242;241;259;274;286;294;318;317;320;337;348;320;;
2808000;"Powiat kętrzyński";85;87;92;89;91;93;109;120;138;142;149;158;158;138;;
2809000;"Powiat lidzbarski";87;87;88;89;95;108;116;133;139;146;145;157;161;143;;
2810000;"Powiat mrągowski";185;196;205;201;207;212;224;237;254;261;267;303;333;300;;
2811000;"Powiat nidzicki";78;79;81;84;87;92;98;107;113;118;117;122;133;124;;
2812000;"Powiat nowomiejski";61;63;67;68;73;84;90;104;112;116;123;144;154;157;;
2813000;"Powiat olecki";100;103;107;106;111;120;126;130;130;129;133;148;149;103;;
2814000;"Powiat olsztyński";362;375;388;406;428;448;491;530;602;614;613;670;726;671;;
2815000;"Powiat ostródzki";273;285;303;314;332;363;390;405;441;464;466;496;525;437;;
2816000;"Powiat piski";84;84;84;85;86;91;93;96;98;100;103;109;116;84;;
2817000;"Powiat szczycieński";160;161;166;170;177;185;188;196;198;208;211;237;240;204;;
2818000;"Powiat gołdapski";75;76;79;76;74;76;83;88;94;96;96;97;104;76;;
2819000;"Powiat węgorzewski";66;67;65;64;63;68;70;72;81;89;88;94;91;82;;
2861000;"Powiat m.Elbląg";589;610;620;635;673;696;747;787;821;840;858;919;992;795;;
2862000;"Powiat m.Olsztyn";1569;1623;1696;1728;1796;1908;2008;2149;2334;2489;2540;2834;3020;2603;;
3001000;"Powiat chodzieski";161;163;172;178;180;190;201;221;233;252;256;270;289;255;;
3002000;"Powiat czarnkowsko-trzcianecki";238;249;256;263;272;283;323;346;386;408;409;425;431;337;;
3003000;"Powiat gnieźnieński";437;463;485;520;530;560;594;662;710;752;778;839;911;819;;
3004000;"Powiat gostyński";192;207;222;235;247;261;274;293;297;320;341;384;412;397;;
3005000;"Powiat grodziski";147;160;170;177;186;202;212;233;263;283;292;334;359;343;;
3006000;"Powiat jarociński";164;171;180;189;201;209;228;254;262;295;298;333;353;338;;
3007000;"Powiat kaliski";164;176;195;203;231;257;274;305;326;340;348;387;419;408;;
3008000;"Powiat kępiński";162;166;174;180;185;199;208;228;238;265;289;326;347;317;;
3009000;"Powiat kolski";150;159;164;163;167;180;192;202;212;217;214;232;236;203;;
3010000;"Powiat koniński";125;131;139;150;165;193;224;262;300;326;334;351;378;379;;
3011000;"Powiat kościański";278;282;291;313;333;348;378;401;432;461;468;506;542;491;;
3012000;"Powiat krotoszyński";151;160;172;187;220;238;256;279;309;332;354;401;448;433;;
3013000;"Powiat leszczyński";162;173;184;190;206;225;243;272;288;310;313;349;387;357;;
3014000;"Powiat międzychodzki";102;107;119;129;140;148;153;160;171;183;193;205;214;193;;
3015000;"Powiat nowotomyski";239;260;289;308;323;344;364;400;444;490;517;548;568;526;;
3016000;"Powiat obornicki";216;225;248;258;263;281;302;320;356;393;406;458;489;478;;
3017000;"Powiat ostrowski";574;594;628;643;680;721;770;852;929;971;1007;1087;1165;1049;;
3018000;"Powiat ostrzeszowski";135;136;142;151;162;174;181;196;209;244;247;278;298;285;;
3019000;"Powiat pilski";570;587;596;609;620;648;676;707;744;784;802;861;895;728;;
3020000;"Powiat pleszewski";127;129;135;144;166;198;196;209;231;254;259;277;279;246;;
3021000;"Powiat poznański";2224;2431;2685;2925;3187;3527;3832;4229;4781;5337;5633;6167;6670;6555;;
3022000;"Powiat rawicki";154;168;182;187;199;223;234;261;286;299;316;349;370;370;;
3023000;"Powiat słupecki";110;116;134;146;163;178;192;203;214;231;229;245;260;238;;
3024000;"Powiat szamotulski";321;349;382;399;426;440;475;511;559;592;613;642;690;654;;
3025000;"Powiat średzki";158;178;189;196;220;234;252;275;307;328;360;408;435;430;;
3026000;"Powiat śremski";178;194;209;227;258;265;283;307;335;356;375;397;412;371;;
3027000;"Powiat turecki";145;157;159;164;172;177;189;206;216;232;243;268;288;244;;
3028000;"Powiat wągrowiecki";142;153;159;168;173;179;195;219;238;253;261;297;321;311;;
3029000;"Powiat wolsztyński";203;211;220;229;244;255;283;302;329;337;357;412;433;386;;
3030000;"Powiat wrzesiński";241;259;277;293;313;349;377;423;454;477;483;520;535;500;;
3031000;"Powiat złotowski";207;216;218;226;222;230;232;239;253;252;259;286;311;261;;
3061000;"Powiat m.Kalisz";683;714;737;766;784;826;895;986;1070;1154;1171;1223;1295;1091;;
3062000;"Powiat m.Konin";510;531;554;588;628;646;671;735;789;824;829;855;877;712;;
3063000;"Powiat m.Leszno";536;557;588;591;619;645;674;711;788;854;879;956;1047;885;;
3064000;"Powiat m.Poznań";9693;10196;10904;11412;12159;13262;14504;16101;18162;20388;21019;23025;24523;21944;;
3201000;"Powiat białogardzki";150;155;176;176;177;193;202;213;224;236;240;257;256;221;;
3202000;"Powiat choszczeński";153;157;169;176;189;197;216;223;235;235;238;260;276;225;;
3203000;"Powiat drawski";153;152;154;161;165;172;174;183;194;201;213;213;210;153;;
3204000;"Powiat goleniowski";358;382;412;433;457;478;497;521;554;581;589;633;674;569;;
3205000;"Powiat gryficki";188;200;208;217;232;248;256;261;275;281;281;302;318;270;;
3206000;"Powiat gryfiński";391;405;415;416;431;442;459;490;515;539;540;564;592;466;;
3207000;"Powiat kamieński";205;220;226;224;234;242;238;248;262;268;261;281;298;244;;
3208000;"Powiat kołobrzeski";440;454;485;486;505;527;566;666;696;718;729;766;787;667;;
3209000;"Powiat koszaliński";205;215;226;240;244;255;259;272;288;309;327;339;362;315;;
3210000;"Powiat myśliborski";272;285;296;306;316;320;337;345;370;399;423;450;470;378;;
3211000;"Powiat policki";421;435;468;501;546;575;601;649;699;738;775;817;865;773;;
3212000;"Powiat pyrzycki";156;173;179;181;183;195;200;207;222;282;285;279;283;228;;
3213000;"Powiat sławieński";187;195;197;198;208;221;237;256;268;280;282;300;307;251;;
3214000;"Powiat stargardzki";460;480;512;538;571;597;629;669;715;750;765;809;844;677;;
3215000;"Powiat szczecinecki";281;291;302;312;321;326;332;347;361;380;379;375;366;275;;
3216000;"Powiat świdwiński";131;146;156;158;167;174;184;202;209;230;233;236;234;196;;
3217000;"Powiat wałecki";192;190;198;196;202;203;213;223;248;254;262;274;278;196;;
3218000;"Powiat łobeski";116;115;121;126;134;138;143;153;167;172;174;184;190;155;;
3261000;"Powiat m.Koszalin";972;1006;1032;1047;1094;1156;1198;1252;1322;1397;1420;1500;1532;1204;;
3262000;"Powiat m.Szczecin";5109;5377;5673;5968;6273;6639;6945;7424;8038;8528;8671;9294;9918;8412;;
3263000;"Powiat m.Świnoujście";272;279;283;296;298;307;316;327;337;358;363;378;389;300;;
