"Kod";"Nazwa";"ogółem;2002;[zł]";"ogółem;2003;[zł]";"ogółem;2004;[zł]";"ogółem;2005;[zł]";"ogółem;2006;[zł]";"ogółem;2007;[zł]";"ogółem;2008;[zł]";"ogółem;2009;[zł]";"ogółem;2010;[zł]";"ogółem;2011;[zł]";"ogółem;2012;[zł]";"ogółem;2013;[zł]";"ogółem;2014;[zł]";"ogółem;2015;[zł]";"ogółem;2016;[zł]";"ogółem;2017;[zł]";"ogółem;2018;[zł]";
0201000;"Powiat bolesławiecki";1873,59;1951,43;2027,29;2086,26;2153,06;2324,46;2476,41;2629,01;2789,80;2936,92;3057,28;3231,49;3422,90;3548,69;3666,19;3901,94;;
0202000;"Powiat dzierżoniowski";1703,68;1785,00;1837,06;1900,52;2028,86;2246,79;2489,40;2645,13;2832,05;3024,11;3113,13;3156,11;3299,96;3406,18;3562,63;3825,15;;
0203000;"Powiat głogowski";1868,60;1970,64;2045,52;2133,48;2276,38;2452,70;2647,38;2859,95;2914,21;3028,65;3122,99;3320,48;3460,12;3615,99;3723,59;3918,42;;
0204000;"Powiat górowski";1730,53;1743,33;1769,96;1857,89;1944,30;2101,60;2376,54;2464,05;2598,06;2755,49;2908,49;3066,83;3142,52;3242,71;3386,93;3484,31;;
0205000;"Powiat jaworski";1705,19;1766,69;1851,79;1888,36;2009,38;2193,68;2368,60;2506,86;2654,67;2837,23;2983,89;3040,71;3142,45;3323,37;3546,24;3756,46;;
0206000;"Powiat jeleniogórski";1691,34;1754,74;1823,39;1878,46;2012,25;2158,71;2369,63;2562,15;2699,92;2867,09;3031,43;3128,87;3232,50;3413,66;3548,55;3760,49;;
0207000;"Powiat kamiennogórski";1728,28;1789,33;1824,14;1863,91;1995,80;2173,04;2374,82;2546,98;2701,25;2864,01;2983,93;3045,35;3161,57;3269,22;3460,07;3661,88;;
0208000;"Powiat kłodzki";1786,22;1839,79;1905,66;1998,81;2102,68;2308,06;2511,35;2663,41;2803,23;2962,33;3063,43;3200,48;3333,36;3410,23;3526,67;3741,83;;
0209000;"Powiat legnicki";1698,83;1783,42;1807,29;1859,22;1990,38;2181,72;2393,66;2614,48;2737,49;2918,37;3065,20;3179,49;3354,83;3403,32;3579,41;3774,63;;
0210000;"Powiat lubański";1704,60;1736,02;1807,46;1840,27;1941,71;2111,18;2314,66;2464,38;2600,59;2809,95;2937,03;3034,94;3195,72;3313,97;3431,31;3622,21;;
0211000;"Powiat lubiński";3384,93;3611,52;3898,92;4407,02;4669,76;5261,68;5432,42;5615,55;6012,95;6281,17;6541,95;6641,40;6807,05;6955,85;7170,21;7515,99;;
0212000;"Powiat lwówecki";1748,34;1814,34;1910,31;1970,42;2065,14;2214,40;2487,06;2613,72;2714,29;2915,48;3010,71;3104,47;3132,07;3323,95;3420,20;3570,16;;
0213000;"Powiat milicki";1696,74;1733,47;1781,32;1879,99;1958,43;2190,25;2396,97;2467,59;2620,28;2784,02;2864,74;2935,92;3082,62;3221,15;3349,75;3617,72;;
0214000;"Powiat oleśnicki";1740,34;1759,35;1811,32;1900,52;2007,27;2205,88;2448,70;2528,21;2672,93;2856,02;3060,40;3254,89;3308,51;3456,50;3631,94;3857,75;;
0215000;"Powiat oławski";1972,34;2049,68;2073,00;2147,26;2282,90;2570,69;2737,90;2863,00;3030,98;3182,71;3302,68;3398,13;3538,01;3738,78;3881,26;4150,54;;
0216000;"Powiat polkowicki";2095,42;2116,76;2337,66;2395,29;2573,76;2780,45;3040,94;3177,69;3326,76;3574,09;3731,51;4050,14;4292,91;4430,87;4478,18;4794,62;;
0217000;"Powiat strzeliński";1948,89;1993,21;2045,89;2135,19;2195,48;2385,80;2676,17;2860,62;2958,48;3102,58;3293,97;3393,16;3485,97;3595,32;3725,39;4082,13;;
0218000;"Powiat średzki";1934,31;2010,33;2112,73;2166,62;2220,80;2452,93;2720,35;2875,09;2993,49;3358,61;3454,21;3602,22;3879,13;3826,72;4029,00;4389,17;;
0219000;"Powiat świdnicki";1898,74;1992,17;2086,88;2163,89;2284,51;2507,13;2752,82;2939,85;3008,78;3178,31;3279,67;3394,63;3547,60;3736,97;3887,57;4141,32;;
0220000;"Powiat trzebnicki";1843,55;1916,09;2003,25;2051,13;2198,96;2412,72;2668,13;2751,33;3004,13;3117,08;3202,70;3166,96;3226,50;3323,99;3437,11;3664,48;;
0221000;"Powiat wałbrzyski";1639,23;2067,74;2200,07;2290,54;2427,25;2683,57;2952,00;3144,13;3281,07;3470,48;3564,91;3138,11;3213,78;3293,54;3528,00;3638,59;;
0222000;"Powiat wołowski";1894,47;1899,98;1962,85;2032,95;2089,54;2410,69;2728,85;2892,09;3036,22;3313,99;3394,22;3554,83;3791,34;4001,80;4202,10;4651,04;;
0223000;"Powiat wrocławski";2104,18;2221,17;2232,00;2285,63;2526,97;2697,55;2852,35;3003,49;3195,30;3416,69;3531,74;3638,25;3814,74;3706,59;3964,54;4324,13;;
0224000;"Powiat ząbkowicki";1880,11;1904,57;1979,31;2084,21;2140,38;2307,68;2487,51;2579,21;2709,91;2923,66;3097,44;3201,11;3284,04;3388,52;3434,23;3583,79;;
0225000;"Powiat zgorzelecki";2663,37;2695,69;2931,96;2900,76;3033,50;3232,80;3506,50;3765,10;3133,95;3264,77;3406,01;3435,69;3551,19;3630,73;3680,53;3866,56;;
0226000;"Powiat złotoryjski";1822,97;1893,55;2022,18;2104,68;2240,46;2454,96;2733,11;3054,76;3159,35;3309,08;3424,12;3574,21;3681,55;3826,13;3922,04;4113,06;;
0261000;"Powiat m.Jelenia Góra";2106,23;2175,01;2233,19;2286,11;2398,28;2548,93;2795,85;2913,03;2969,75;3192,15;3291,09;3367,22;3577,03;3835,12;3979,80;4237,50;;
0262000;"Powiat m.Legnica";1916,23;1958,43;1975,71;2020,14;2110,66;2282,17;2543,39;2709,33;2763,74;2899,24;3034,05;3188,81;3406,69;3582,11;3728,92;3998,28;;
0264000;"Powiat m.Wrocław";2298,65;2367,30;2511,41;2649,62;2797,71;3048,98;3415,39;3556,10;3675,85;3827,68;3923,93;4129,56;4337,99;4569,88;4800,54;5070,35;;
0265000;"Powiat m.Wałbrzych od 2013";;;;;;;;;;;;3735,14;3943,28;4036,65;4180,67;4481,44;;
0401000;"Powiat aleksandrowski";1666,30;1718,03;1768,67;1813,70;1931,33;2048,15;2264,20;2362,55;2529,72;2624,54;2752,37;2913,18;2992,70;3099,06;3170,04;3399,70;;
0402000;"Powiat brodnicki";1732,43;1773,08;1838,10;1939,95;2041,19;2198,64;2367,29;2454,56;2593,62;2714,96;2878,25;2989,17;3146,55;3165,06;3348,46;3552,02;;
0403000;"Powiat bydgoski";1741,56;1784,25;1841,90;1930,38;1966,50;2236,28;2538,37;2611,54;2710,17;2876,85;3028,70;3233,47;3410,14;3548,05;3656,85;3933,52;;
0404000;"Powiat chełmiński";1876,56;1950,95;2045,35;1779,56;1919,16;2108,73;2269,91;2452,10;2685,20;2772,46;2901,58;3095,76;3250,60;3299,94;3435,24;3639,96;;
0405000;"Powiat golubsko-dobrzyński";1704,25;1728,81;1810,65;1892,63;1978,27;2164,60;2394,01;2492,92;2655,44;2864,08;3047,13;3179,59;3374,60;3492,49;3675,99;3926,17;;
0406000;"Powiat grudziądzki";1668,70;1699,67;1804,01;1951,27;1984,16;2126,35;2362,16;2483,55;2634,23;2840,81;3014,90;3136,50;3305,50;3403,47;3564,13;3748,43;;
0407000;"Powiat inowrocławski";1878,98;1913,68;1988,00;2039,85;2127,09;2251,00;2538,74;2688,19;2784,22;2889,59;2996,73;3096,02;3196,03;3257,22;3427,27;3626,17;;
0408000;"Powiat lipnowski";1622,21;1710,96;1708,61;1921,54;1968,87;2074,42;2337,65;2436,37;2541,26;2668,15;2820,97;2886,36;2898,10;2859,77;3056,40;3218,45;;
0409000;"Powiat mogileński";1676,93;1727,76;1800,77;1863,38;1977,45;2167,70;2387,27;2550,92;2610,47;2785,00;2860,46;2949,32;3155,63;3317,85;3398,81;3678,82;;
0410000;"Powiat nakielski";1751,93;1784,94;1852,69;1932,12;1997,90;2145,00;2375,03;2539,05;2702,71;2868,29;2988,21;3080,04;3122,28;3182,69;3321,17;3468,65;;
0411000;"Powiat radziejowski";1682,98;1774,56;1820,47;1902,61;1994,04;2146,56;2346,78;2421,58;2580,17;2687,99;2737,21;2858,06;2931,39;3095,39;3190,28;3378,02;;
0412000;"Powiat rypiński";1655,63;1753,19;1830,74;1865,83;2016,12;2144,46;2376,28;2482,02;2645,83;2743,36;2894,87;2983,31;3089,22;3134,03;3272,60;3464,17;;
0413000;"Powiat sępoleński";1574,75;1606,38;1736,88;1811,71;1901,51;2047,91;2296,09;2537,61;2696,45;2820,74;2928,20;3077,03;3148,04;3232,37;3324,28;3529,86;;
0414000;"Powiat świecki";2103,67;2191,37;2210,25;2208,99;2290,19;2465,01;2711,04;2813,48;2901,68;3031,32;3171,00;3343,53;3482,66;3516,40;3630,37;3882,92;;
0415000;"Powiat toruński";1733,44;1750,13;1848,94;1864,47;1935,61;2100,86;2334,20;2399,99;2520,88;2641,14;2738,84;2911,23;3036,13;3107,90;3298,27;3483,08;;
0416000;"Powiat tucholski";1675,59;1693,92;1773,60;1855,47;1916,60;2051,01;2267,68;2446,84;2588,59;2694,54;2831,86;2882,14;2983,14;3067,37;3154,01;3353,75;;
0417000;"Powiat wąbrzeski";1851,50;1809,06;1921,86;1980,24;2073,34;2193,29;2385,45;2582,75;2660,78;2859,74;3010,76;3132,56;3204,19;3336,63;3478,59;3741,15;;
0418000;"Powiat włocławski";1655,51;1616,40;1628,04;1717,01;1898,26;2010,89;2231,78;2379,63;2500,93;2644,28;2742,36;2883,38;3058,58;3137,40;3269,66;3503,37;;
0419000;"Powiat żniński";1665,11;1703,08;1751,39;1779,84;1906,51;2062,85;2252,18;2413,71;2507,49;2645,24;2741,57;2877,89;2927,35;3042,27;3140,27;3363,90;;
0461000;"Powiat m.Bydgoszcz";2126,46;2162,47;2259,10;2343,98;2482,78;2690,84;2973,85;3074,32;3184,45;3363,68;3468,51;3589,06;3677,79;3850,09;3950,95;4185,10;;
0462000;"Powiat m.Grudziądz";1811,37;1842,79;1896,20;1889,84;2014,26;2210,11;2453,87;2553,10;2641,57;2754,99;2885,61;3021,42;3196,00;3212,29;3323,90;3513,56;;
0463000;"Powiat m.Toruń";2070,67;2151,47;2267,80;2384,02;2560,95;2753,44;3038,58;3175,43;3220,95;3414,28;3545,32;3719,69;3876,00;3991,61;4170,83;4384,59;;
0464000;"Powiat m.Włocławek";2029,35;2090,24;2226,23;2279,95;2383,02;2531,51;2745,60;2931,23;3018,94;3132,44;3240,04;3419,98;3530,87;3631,31;3770,16;3941,33;;
0601000;"Powiat bialski";1613,51;1666,91;1760,50;1822,43;1900,54;2042,47;2276,07;2439,05;2611,73;2732,50;2862,82;2949,52;3045,06;3127,01;3184,04;3409,49;;
0602000;"Powiat biłgorajski";1772,75;1823,67;1916,89;1959,22;2108,96;2274,16;2480,05;2602,42;2663,43;2829,98;3009,52;3088,20;3200,89;3343,68;3530,69;3699,34;;
0603000;"Powiat chełmski";1771,12;1862,96;1910,40;2017,81;2004,43;2182,50;2373,49;2519,99;2632,14;2850,62;2940,49;3021,08;3150,13;3251,54;3333,95;3410,65;;
0604000;"Powiat hrubieszowski";1780,06;1795,42;1889,41;1930,63;2038,50;2195,60;2397,30;2595,21;2748,08;2967,86;3109,48;3116,46;3194,54;3275,78;3425,56;3572,95;;
0605000;"Powiat janowski";1673,03;1741,61;1832,11;1911,90;1965,57;2091,05;2286,58;2357,98;2615,62;2826,82;2972,10;3100,51;3321,20;3436,38;3485,33;3657,09;;
0606000;"Powiat krasnostawski";1746,44;1786,44;1875,20;1943,03;2069,11;2298,87;2541,52;2607,10;2805,57;2983,35;3060,62;3128,85;3236,28;3315,19;3412,40;3619,20;;
0607000;"Powiat kraśnicki";1719,08;1805,99;1912,75;1930,26;2014,44;2159,55;2365,43;2388,93;2569,07;2721,15;2871,55;2953,64;3125,11;3197,23;3327,58;3459,00;;
0608000;"Powiat lubartowski";1682,56;1756,07;1826,27;1907,49;2008,64;2169,07;2463,30;2566,02;2746,86;2858,35;2888,47;2993,79;3089,12;3144,70;3237,98;3419,63;;
0609000;"Powiat lubelski";1715,90;1760,62;1880,39;1947,03;2027,08;2239,56;2441,73;2538,59;2657,52;2798,89;2946,90;3029,43;3141,58;3239,53;3308,85;3527,13;;
0610000;"Powiat łęczyński";3043,88;3108,53;3240,27;3454,18;3448,71;3655,76;4133,75;4417,20;4428,15;4758,24;4942,31;5138,84;5375,67;5112,84;5294,68;5512,40;;
0611000;"Powiat łukowski";1611,35;1671,82;1738,95;1809,66;1949,60;2126,95;2371,79;2451,27;2585,92;2707,26;2764,56;2883,30;2955,72;3065,51;3238,34;3403,31;;
0612000;"Powiat opolski";1775,14;1839,54;1918,51;1939,72;2018,90;2193,68;2444,77;2579,52;2721,60;2839,48;2991,25;3020,99;3129,37;3257,97;3344,45;3490,05;;
0613000;"Powiat parczewski";1670,96;1740,20;1848,49;1946,46;1995,22;2195,87;2413,25;2520,65;2678,25;2883,33;2994,80;3037,61;3169,06;3217,95;3352,33;3565,96;;
0614000;"Powiat puławski";2087,67;2110,97;2238,68;2399,71;2503,08;2689,62;3043,07;3178,30;3235,16;3542,20;3662,83;3785,23;3855,51;4022,67;4160,35;4440,23;;
0615000;"Powiat radzyński";1811,30;1888,95;1983,41;2029,21;2118,22;2231,93;2461,63;2596,92;2723,52;2853,46;2966,60;3169,19;3206,39;3243,52;3387,21;3598,62;;
0616000;"Powiat rycki";1715,91;1788,47;1867,18;1940,70;2022,99;2184,01;2409,35;2533,13;2746,58;2837,68;2912,71;3050,99;3101,76;3207,52;3339,39;3544,04;;
0617000;"Powiat świdnicki";1781,19;1866,58;1957,88;2022,02;2137,72;2344,74;2691,15;2791,36;2885,70;3124,46;3491,18;3620,47;3847,83;4050,02;4109,67;4312,35;;
0618000;"Powiat tomaszowski";1681,71;1721,63;1790,56;1854,38;1942,25;2099,05;2318,00;2433,30;2610,51;2739,50;2860,83;2931,59;3034,51;3144,81;3256,18;3405,09;;
0619000;"Powiat włodawski";1772,17;1838,50;1869,90;1887,37;1960,40;2142,24;2428,65;2572,52;2744,77;2898,66;3032,38;3073,43;3174,79;3267,12;3389,98;3519,39;;
0620000;"Powiat zamojski";1554,29;1590,52;1669,18;1754,81;1833,76;1969,60;2219,60;2350,53;2548,07;2726,29;2778,35;2870,16;3005,11;3021,19;3243,03;3242,06;;
0661000;"Powiat m.Biała Podlaska";1818,70;1834,22;1994,06;2111,78;2230,17;2371,55;2649,61;2853,38;3112,71;3305,79;3370,69;3461,96;3539,80;3643,59;3782,03;3763,62;;
0662000;"Powiat m.Chełm";1897,69;1951,04;1971,97;1987,04;2077,69;2263,06;2521,72;2683,17;2829,46;2942,39;3099,95;3184,22;3259,18;3371,93;3537,53;3689,33;;
0663000;"Powiat m.Lublin";2145,22;2207,83;2323,15;2419,23;2545,84;2762,84;3076,91;3178,15;3489,07;3606,97;3710,80;3820,91;3955,65;4060,17;4169,46;4431,61;;
0664000;"Powiat m.Zamość";1970,57;1994,35;2107,99;2146,17;2359,35;2643,00;2934,69;3073,42;2991,81;3163,05;3267,28;3410,42;3511,40;3684,12;3794,50;3954,10;;
0801000;"Powiat gorzowski";2099,55;2097,63;2221,83;2217,31;2342,37;2650,26;2803,77;2919,63;3069,29;3276,48;3408,69;3524,85;3597,06;3818,44;3882,12;4090,10;;
0802000;"Powiat krośnieński";1871,90;1868,10;1933,32;2021,99;2171,50;2389,68;2608,40;2725,00;2799,25;3026,18;3160,41;3232,97;3351,05;3503,74;3835,52;3996,47;;
0803000;"Powiat międzyrzecki";1790,12;1842,27;1924,68;2027,83;2072,84;2285,92;2521,23;2644,90;2820,99;2988,21;3116,31;3216,20;3345,15;3466,06;3583,99;3768,95;;
0804000;"Powiat nowosolski";1700,79;1754,94;1813,73;1888,38;1942,99;2127,09;2380,12;2669,30;2804,18;2976,30;3089,18;3253,97;3372,90;3507,98;3661,03;3914,15;;
0805000;"Powiat słubicki";2030,82;2087,91;2118,64;2067,48;2143,40;2264,63;2536,29;2733,88;2880,01;3068,31;3133,88;3282,94;3454,74;3534,54;3683,72;3718,52;;
0806000;"Powiat strzelecko-drezdenecki";1813,98;1882,31;2004,15;2077,67;2211,20;2354,42;2593,67;2665,56;2892,36;3030,54;3132,48;3261,10;3410,80;3552,74;3689,38;3819,16;;
0807000;"Powiat sulęciński";1649,04;1650,09;1731,52;1765,74;1837,51;1954,43;2130,99;2317,43;2414,19;2620,65;2716,04;2740,65;2925,57;3019,27;3161,56;3468,90;;
0808000;"Powiat świebodziński";1619,22;1736,40;1825,62;1957,86;2016,88;2226,14;2458,84;2520,07;2640,20;2858,26;2931,56;3104,58;3308,49;3455,57;3712,08;3968,58;;
0809000;"Powiat zielonogórski";1858,91;1947,03;2052,52;2171,40;2238,08;2475,25;2696,63;2765,05;2895,29;3073,28;3373,25;3320,76;3408,24;3699,79;3810,06;4067,93;;
0810000;"Powiat żagański";1737,05;1751,22;1813,73;1872,44;1928,76;2132,21;2316,79;2426,68;2560,00;2719,65;2889,16;3001,13;3125,35;3249,08;3428,40;3587,59;;
0811000;"Powiat żarski";1912,92;1984,90;2072,01;2186,90;2315,16;2526,79;2760,46;2928,90;3084,63;3276,98;3445,53;3501,25;3596,66;3712,82;3925,75;4067,66;;
0812000;"Powiat wschowski";1641,26;1668,68;1719,98;1806,28;1905,13;2138,36;2420,74;2534,57;2625,94;2822,65;2983,88;3006,82;3130,04;3233,14;3359,68;3553,21;;
0861000;"Powiat m.Gorzów Wielkopolski";2008,87;2047,51;2135,61;2212,65;2319,81;2492,60;2763,15;2921,21;3014,26;3091,83;3197,03;3313,03;3432,87;3532,91;3670,29;3934,20;;
0862000;"Powiat m.Zielona Góra";2181,97;2286,63;2369,60;2468,95;2586,19;2767,01;2908,94;3060,42;3138,35;3247,30;3351,95;3363,53;3578,27;3731,67;3919,96;4173,04;;
1001000;"Powiat bełchatowski";2970,31;3019,04;3291,46;3133,78;3222,41;3415,66;3745,53;3958,40;4628,24;4940,22;5244,60;5512,35;5578,37;5791,89;5778,97;5926,37;;
1002000;"Powiat kutnowski";1874,25;1924,06;2036,36;2103,56;2127,10;2356,15;2553,09;2748,82;2871,15;3027,99;3179,27;3265,05;3396,11;3553,67;3685,59;3946,40;;
1003000;"Powiat łaski";1639,84;1703,00;1726,31;1780,05;1818,77;1974,65;2216,28;2340,75;2481,94;2572,43;2656,34;2749,14;2843,66;2954,03;3041,80;3227,11;;
1004000;"Powiat łęczycki";1766,80;1919,81;1965,28;2052,22;2186,67;2347,22;2688,12;2828,64;2893,63;3071,35;3216,88;3425,90;3532,14;3582,28;3725,91;3885,89;;
1005000;"Powiat łowicki";1797,06;1849,03;1939,86;1998,33;2068,80;2216,80;2386,89;2582,14;2718,68;2845,87;2947,82;3121,34;3201,38;3247,31;3337,54;3534,91;;
1006000;"Powiat łódzki wschodni";1647,74;1762,31;1791,79;1836,05;1939,69;2126,36;2303,11;2447,97;2554,12;2677,69;2689,61;2796,04;2951,68;3118,38;3256,75;3463,82;;
1007000;"Powiat opoczyński";1951,86;1934,61;2020,22;2095,33;2154,67;2304,53;2494,48;2438,50;2650,06;2856,43;2930,75;3004,95;3087,19;3174,36;3263,60;3427,90;;
1008000;"Powiat pabianicki";1763,97;1857,39;1913,13;1980,37;2045,07;2158,65;2430,88;2519,87;2622,52;2812,11;2920,50;3094,69;3189,30;3402,55;3539,63;3778,57;;
1009000;"Powiat pajęczański";1797,49;1876,58;1932,39;2006,22;2226,46;2369,57;2620,17;2817,42;2950,74;3061,69;3107,48;3227,39;3339,61;3429,55;3530,89;3672,03;;
1010000;"Powiat piotrkowski";1583,62;1633,99;1656,89;1680,07;1771,10;1915,05;2228,74;2346,40;2463,77;2651,98;2804,34;2886,28;2957,04;3058,72;3196,29;3436,14;;
1011000;"Powiat poddębicki";1619,07;1730,05;1791,63;1870,70;1999,19;2257,29;2717,44;2908,49;3087,08;3294,65;3498,97;3690,42;3743,12;3900,35;4094,44;4387,98;;
1012000;"Powiat radomszczański";1661,01;1648,68;1678,78;1734,71;1804,39;1948,95;2182,42;2362,69;2470,64;2631,03;2727,27;2838,40;2994,84;3088,13;3220,16;3406,71;;
1013000;"Powiat rawski";1622,62;1703,80;1795,62;1836,87;1999,61;2197,43;2451,01;2664,06;2797,21;2908,69;3000,63;3058,13;3168,26;3304,09;3366,71;3561,95;;
1014000;"Powiat sieradzki";1784,81;1839,17;1885,54;1932,30;2025,48;2230,79;2492,09;2633,64;2766,04;2895,40;3004,55;3082,99;3205,91;3297,51;3453,10;3648,13;;
1015000;"Powiat skierniewicki";1845,09;1944,84;2020,66;2007,40;2141,30;2249,45;2487,44;2513,53;2651,10;2725,69;2850,60;2964,68;3167,86;3301,35;3467,73;3612,61;;
1016000;"Powiat tomaszowski";1693,06;1769,00;1837,38;1915,00;2006,06;2131,36;2386,32;2526,55;2745,64;2823,87;2955,16;3009,61;3094,40;3258,86;3295,07;3554,59;;
1017000;"Powiat wieluński";1595,23;1646,06;1730,84;1777,06;1847,60;2027,69;2276,32;2361,93;2458,98;2576,71;2778,75;2987,22;3148,95;3252,66;3383,38;3640,03;;
1018000;"Powiat wieruszowski";1604,22;1698,86;1730,61;1753,18;1976,28;2112,16;2307,55;2361,88;2460,96;2538,28;2620,86;2722,07;2797,73;2976,04;3094,11;3267,25;;
1019000;"Powiat zduńskowolski";1759,22;1760,49;1823,30;1902,37;1990,10;2185,13;2411,23;2536,23;2683,69;2788,39;2832,65;2986,98;3051,23;3146,61;3271,45;3533,99;;
1020000;"Powiat zgierski";1733,35;1827,59;1927,38;1977,92;2135,01;2333,99;2661,35;2743,16;2870,60;3100,15;3222,12;3301,43;3389,26;3573,69;3737,14;4017,73;;
1021000;"Powiat brzeziński";1521,95;1597,31;1659,85;1666,97;1705,66;1832,80;1992,51;2163,93;2379,47;2440,72;2559,61;2607,32;2647,73;2748,42;2901,50;3071,31;;
1061000;"Powiat m.Łódź";2102,42;2164,79;2293,67;2401,67;2500,84;2698,09;3002,12;3159,24;3243,15;3427,06;3568,84;3710,91;3837,47;4047,78;4230,12;4462,50;;
1062000;"Powiat m.Piotrków Trybunalski";1632,58;1657,79;1694,80;1779,12;1904,33;2038,83;2236,07;2357,31;2460,57;2577,18;2741,58;2769,22;2952,79;3107,13;3229,18;3446,86;;
1063000;"Powiat m.Skierniewice";1937,81;1986,44;1965,72;2039,59;2111,22;2328,45;2419,72;2584,82;2799,96;2916,61;2895,44;3082,48;3151,06;3218,53;3437,05;3598,89;;
1201000;"Powiat bocheński";1880,68;1933,21;1987,96;2016,51;2173,19;2421,74;2630,43;2832,06;2935,34;3128,68;3208,34;3230,64;3359,59;3464,39;3606,23;3783,80;;
1202000;"Powiat brzeski";1730,90;1731,69;1751,31;1772,00;1911,49;2128,84;2347,56;2461,69;2630,04;2707,98;2821,76;2928,51;3048,33;3171,11;3237,03;3446,38;;
1203000;"Powiat chrzanowski";2069,07;2144,55;2384,20;2396,30;2405,30;2617,17;2851,66;3094,20;2972,52;3122,27;3181,66;3323,83;3455,97;3554,03;3710,34;3878,27;;
1204000;"Powiat dąbrowski";1674,56;1753,77;1855,99;1924,69;2026,81;2245,98;2464,33;2573,42;2704,29;2829,59;2970,50;3054,85;3178,77;3245,29;3386,45;3652,45;;
1205000;"Powiat gorlicki";1770,23;1850,82;1929,02;1987,92;2124,38;2301,68;2492,53;2571,71;2632,27;2726,96;2847,79;2920,54;2952,40;3060,43;3178,84;3430,00;;
1206000;"Powiat krakowski";2031,24;2100,14;2168,07;2276,79;2397,00;2653,06;2867,13;3013,31;3195,30;3377,70;3571,36;3759,07;3856,94;4204,13;4509,18;4858,15;;
1207000;"Powiat limanowski";1684,85;1768,68;1806,21;1896,84;1980,07;2196,12;2374,83;2539,87;2604,64;2764,04;2865,98;2994,25;3115,85;3167,23;3259,44;3438,40;;
1208000;"Powiat miechowski";1748,93;1809,90;1878,94;1968,69;2069,18;2247,95;2449,56;2629,31;2781,90;2833,95;2924,58;2983,24;3094,46;3189,73;3249,28;3436,12;;
1209000;"Powiat myślenicki";2139,59;2098,57;2147,87;2147,03;2061,55;2276,79;2501,46;2605,31;2752,84;2783,41;2799,36;2917,16;3003,06;3094,21;3477,49;3745,92;;
1210000;"Powiat nowosądecki";1733,30;1819,72;1873,52;1973,12;2056,56;2208,91;2377,06;2511,79;2610,04;2753,73;2810,22;2871,55;2989,86;3142,18;3240,29;3396,14;;
1211000;"Powiat nowotarski";1721,11;1757,52;1799,17;1884,28;1934,99;2083,00;2335,60;2494,10;2562,74;2683,81;2784,19;2882,17;3039,93;3121,96;3190,67;3400,75;;
1212000;"Powiat olkuski";2043,78;2155,70;2293,32;2402,38;2595,01;2807,99;2973,36;3071,36;3235,07;3347,82;3458,08;3546,79;3664,13;3731,21;3866,38;4139,68;;
1213000;"Powiat oświęcimski";1949,40;2012,33;2094,14;2147,74;2319,58;2521,57;2754,20;2850,30;2964,89;3130,75;3229,65;3386,14;3541,48;3677,68;3808,61;4048,20;;
1214000;"Powiat proszowicki";1743,05;1818,66;1839,86;2010,69;2057,19;2261,29;2532,91;2716,13;2780,44;2895,82;2916,22;3021,40;3180,67;3313,87;3406,45;3675,73;;
1215000;"Powiat suski";1762,06;1875,44;1911,30;1978,23;2087,57;2303,09;2539,85;2638,68;2721,06;2898,65;3034,96;3076,24;3174,31;3323,95;3406,33;3675,07;;
1216000;"Powiat tarnowski";1573,07;1685,32;1747,35;1801,40;1923,71;2113,48;2293,93;2471,42;2592,92;2708,52;2760,17;2827,56;2948,00;3049,76;3155,92;3308,87;;
1217000;"Powiat tatrzański";1765,52;1882,78;1976,93;2012,72;2149,16;2345,74;2543,73;2740,25;2801,91;3025,93;3165,78;3276,19;3401,20;3520,09;3687,87;3916,60;;
1218000;"Powiat wadowicki";1702,23;1782,37;1847,26;1876,01;1958,66;2169,52;2367,24;2494,01;2573,21;2702,67;2772,44;2926,30;3004,74;3115,83;3281,91;3495,69;;
1219000;"Powiat wielicki";2070,61;2117,20;2106,81;2158,94;2277,27;2411,92;2667,89;2824,28;2987,94;3205,82;3334,14;3479,18;3661,08;3812,11;3942,56;4164,18;;
1261000;"Powiat m.Kraków";2300,64;2324,15;2463,26;2579,09;2753,21;2995,18;3259,63;3423,56;3543,43;3722,48;3877,57;3997,80;4152,52;4431,17;4635,26;4966,20;;
1262000;"Powiat m.Nowy Sącz";1937,46;2018,85;2036,90;2112,57;2141,73;2373,22;2603,28;2726,15;2825,56;2925,11;2985,71;3098,19;3193,43;3302,29;3416,14;3578,27;;
1263000;"Powiat m.Tarnów";1842,41;1949,74;2024,06;2071,29;2201,24;2429,25;2690,79;2872,21;3015,78;3226,32;3349,31;3448,15;3513,75;3668,76;3791,71;3947,37;;
1401000;"Powiat białobrzeski";1808,58;1903,05;1990,54;2065,80;2154,92;2428,98;2565,06;2818,81;3001,33;3179,16;3355,88;3384,33;3612,78;3501,61;3461,85;3796,54;;
1402000;"Powiat ciechanowski";2003,01;2011,22;2064,98;2206,68;2325,24;2519,76;2832,91;2994,66;3130,28;3266,07;3385,81;3460,07;3564,73;3702,17;3840,19;4093,02;;
1403000;"Powiat garwoliński";1853,93;1911,12;2067,32;2110,43;2187,36;2321,22;2642,98;2838,35;3052,01;3163,48;3277,05;3406,49;3606,76;3671,07;3776,65;3893,41;;
1404000;"Powiat gostyniński";1675,57;1759,23;1778,95;1848,71;1936,88;2178,12;2606,63;2630,32;2710,26;2861,89;2925,45;3073,49;3164,95;3270,47;3394,93;3652,70;;
1405000;"Powiat grodziski";2533,65;2556,14;2684,00;2673,09;2851,16;3089,50;3420,75;3371,74;3495,98;3685,77;3854,84;3997,34;4135,31;4211,62;4352,30;4682,77;;
1406000;"Powiat grójecki";2280,93;2349,23;2346,91;2349,83;2477,90;2691,25;3044,41;3149,80;3152,85;3490,82;3589,76;3646,41;3845,30;3913,66;4133,21;4340,66;;
1407000;"Powiat kozienicki";2609,25;2602,19;2728,18;2722,64;2767,72;2984,35;3365,76;3580,52;3818,70;4067,12;4239,66;4445,71;4635,34;4698,55;4930,22;5164,02;;
1408000;"Powiat legionowski";2227,50;2337,88;2365,40;2499,14;2569,84;2792,74;3084,62;3240,22;3269,07;3535,55;3600,74;3689,53;3748,86;3889,27;3975,24;4166,59;;
1409000;"Powiat lipski";1701,07;1720,03;1765,33;1925,82;2027,40;2272,26;2456,24;2611,10;2742,24;3059,71;3098,37;3228,39;3372,09;3476,69;3567,68;3720,86;;
1410000;"Powiat łosicki";1792,75;1836,42;1964,15;2008,38;2094,12;2223,68;2486,81;2646,05;2797,16;2942,59;3025,24;3058,17;3280,27;3373,06;3369,26;3638,32;;
1411000;"Powiat makowski";1795,02;1828,99;1866,24;1855,61;1988,16;2136,62;2312,54;2563,58;2718,94;3208,26;3010,45;3064,46;3169,38;3217,27;3359,63;3593,25;;
1412000;"Powiat miński";1945,63;1999,59;2050,35;2116,68;2191,73;2397,04;2681,91;2780,46;2895,49;3100,22;3136,52;3238,87;3400,41;3533,17;3600,49;3858,75;;
1413000;"Powiat mławski";1641,24;1688,44;1770,40;1929,75;1871,19;2033,79;2313,26;2450,21;2410,05;2663,08;2670,07;2824,25;2929,91;3158,83;3262,68;3472,99;;
1414000;"Powiat nowodworski";2240,62;2443,13;2562,04;2749,80;2906,79;3257,38;3294,60;3608,15;3812,50;4043,25;4145,35;4283,89;4560,17;4714,08;4790,57;5042,02;;
1415000;"Powiat ostrołęcki";1916,60;2009,43;2091,84;2127,33;2316,68;2593,71;2798,44;2823,73;2934,19;3114,20;3213,82;3248,62;3414,19;3556,24;3584,42;3800,68;;
1416000;"Powiat ostrowski";1771,03;1870,92;1995,49;2009,11;2129,62;2280,67;2504,57;2721,24;2830,95;3088,60;3174,79;3340,13;3395,05;3398,20;3562,19;3870,99;;
1417000;"Powiat otwocki";2012,74;2089,94;2099,50;2207,13;2341,80;2607,05;2944,27;3124,30;3279,18;3412,78;3490,03;3629,76;3718,35;3853,17;3952,57;4159,58;;
1418000;"Powiat piaseczyński";2503,34;2676,03;2583,65;2749,00;2811,32;3032,71;3263,55;3457,81;3531,79;3673,60;3810,36;3892,64;4118,49;4030,78;4149,91;4102,07;;
1419000;"Powiat płocki";1780,09;1893,98;1960,34;2046,38;2185,48;2368,58;2583,43;2725,27;2847,74;3035,58;3223,08;3212,67;3351,79;3449,24;3509,53;3506,28;;
1420000;"Powiat płoński";1952,97;1947,06;2048,35;2130,09;2207,56;2355,98;2684,48;2897,99;2998,43;3148,95;3261,65;3370,85;3499,91;3555,74;3696,36;3866,14;;
1421000;"Powiat pruszkowski";2661,56;2822,79;2921,34;3062,96;3288,65;3490,12;3774,56;3883,50;4272,59;4479,38;4402,16;4726,11;4773,19;5064,05;5153,53;5405,38;;
1422000;"Powiat przasnyski";1847,04;1902,77;1990,59;2051,37;2164,33;2311,81;2632,16;2756,12;2914,19;3077,41;3203,61;3246,87;3357,77;3485,56;3574,27;3752,91;;
1423000;"Powiat przysuski";1756,41;1862,02;1927,29;1962,75;2014,46;2197,10;2450,46;2590,71;2815,47;2971,37;3062,87;3142,24;3330,24;3330,53;3423,77;3610,91;;
1424000;"Powiat pułtuski";1758,13;1821,24;1869,35;1995,95;2053,62;2201,92;2438,23;2679,49;2761,46;2956,09;3094,05;3113,27;3163,84;3165,95;3399,46;3609,92;;
1425000;"Powiat radomski";1635,89;1717,44;1716,71;1764,95;1836,62;2008,80;2344,76;2422,38;2573,70;2719,60;2857,68;2961,92;3062,57;3130,03;3276,95;3477,49;;
1426000;"Powiat siedlecki";1779,92;1825,13;1881,97;1909,65;1945,73;2140,61;2359,38;2481,86;2620,39;2818,47;3014,41;3059,64;3202,45;3253,13;3353,98;3522,32;;
1427000;"Powiat sierpecki";1992,31;1929,50;1928,86;2022,79;2002,15;2208,77;2388,30;2703,99;2812,38;2863,24;3043,46;3161,67;3184,66;3253,31;3393,19;3716,02;;
1428000;"Powiat sochaczewski";2404,97;2551,20;2517,50;2616,10;2554,17;2844,87;2948,57;3252,24;3268,24;3418,04;3740,62;3770,19;3943,02;4016,39;4171,83;4429,03;;
1429000;"Powiat sokołowski";1851,31;1888,11;1969,96;2030,77;2173,36;2389,28;2551,94;2620,86;2807,84;2865,03;2974,75;3034,42;3150,12;3568,59;3427,41;3684,06;;
1430000;"Powiat szydłowiecki";1763,78;1793,63;1804,77;1861,94;1950,84;2078,34;2263,65;2498,38;2628,52;2782,28;2949,78;2950,92;3081,57;3103,03;3329,68;3438,25;;
1432000;"Powiat warszawski zachodni";2474,61;2578,68;2680,76;2735,74;2867,88;3179,85;3518,31;3549,25;3678,15;3850,65;4050,54;4118,21;4335,48;4525,62;4800,81;5054,09;;
1433000;"Powiat węgrowski";1784,71;1861,61;1930,25;1978,28;2045,22;2181,80;2449,36;2634,86;2694,10;2874,11;2970,76;3075,59;3256,72;3273,22;3396,09;3570,38;;
1434000;"Powiat wołomiński";2056,69;2129,78;2174,33;2257,16;2325,52;2565,88;2862,74;2990,20;3135,47;3319,41;3447,14;3504,20;3583,98;3634,53;3851,80;4077,96;;
1435000;"Powiat wyszkowski";1753,81;1803,30;1877,08;2009,14;2097,27;2251,45;2452,25;2640,99;2782,91;2875,51;3119,46;3138,01;3481,56;3370,96;3512,07;3761,07;;
1436000;"Powiat zwoleński";1806,89;1849,52;1883,64;2007,27;2161,10;2233,61;2403,53;2758,72;2710,90;2915,84;3114,68;3204,57;3350,45;3365,55;3480,17;3733,31;;
1437000;"Powiat żuromiński";1632,54;1686,69;1765,07;1805,90;1882,02;2027,67;2263,09;2517,04;2660,82;2792,74;2923,14;3000,90;3073,81;3181,04;3232,13;3446,49;;
1438000;"Powiat żyrardowski";2097,62;2238,62;2322,69;2427,82;2545,42;2726,18;2967,38;3180,77;3300,90;3487,50;3541,83;3624,61;3924,18;4003,47;4025,65;4254,63;;
1461000;"Powiat m.Ostrołęka";2237,11;2270,10;2400,95;2485,73;2607,81;2868,54;3074,15;3288,00;3390,85;3638,36;3776,11;3912,91;4005,26;4108,75;4349,17;4481,69;;
1462000;"Powiat m.Płock";2742,56;2817,68;2906,90;3014,76;3181,39;3541,16;3816,45;3980,94;4133,50;4428,47;4618,20;4799,33;4926,26;5078,16;5238,34;5474,96;;
1463000;"Powiat m.Radom";2069,00;2145,07;2210,07;2269,30;2348,10;2556,68;2818,40;2998,88;3136,45;3258,68;3411,51;3523,34;3598,94;3743,89;3851,41;4123,36;;
1464000;"Powiat m.Siedlce";2111,64;2208,38;2271,58;2310,82;2442,82;2618,05;2864,61;3056,15;3190,80;3364,77;3470,66;3533,39;3647,76;3752,28;3965,66;4130,35;;
1465000;"Powiat m. st. Warszawa";3238,19;3368,71;3465,19;3613,44;3789,94;4099,73;4504,85;4603,26;4694,47;4936,36;5077,53;5226,05;5385,80;5591,46;5739,61;6059,04;;
1601000;"Powiat brzeski";1812,89;1842,78;2001,14;2020,56;2109,13;2444,73;2618,35;2687,60;2795,69;2962,78;3067,56;3198,10;3400,47;3546,88;3642,69;3858,63;;
1602000;"Powiat głubczycki";1786,49;1842,45;1915,69;1991,34;2148,49;2363,83;2592,27;2750,66;2878,02;3031,11;3111,54;3185,50;3299,08;3354,70;3495,36;3658,51;;
1603000;"Powiat kędzierzyńsko-kozielski";2140,54;2197,49;2326,20;2387,96;2636,85;2923,97;3290,81;3363,79;3518,97;3753,82;3793,84;4010,56;4241,22;4444,99;4627,08;4811,98;;
1604000;"Powiat kluczborski";1822,92;1860,65;1969,43;2022,05;2167,54;2373,00;2634,96;2730,08;2848,38;2994,99;3200,22;3236,92;3381,34;3529,72;3641,66;3939,54;;
1605000;"Powiat krapkowicki";2483,63;2587,59;2721,26;2790,61;2931,64;3186,01;3544,89;3602,56;3798,54;3597,89;3720,00;3881,81;4125,02;4183,01;4270,15;4462,89;;
1606000;"Powiat namysłowski";1912,57;1956,53;2062,95;2190,63;2180,72;2380,02;2548,88;2671,86;2833,22;2974,33;3152,42;3278,50;3446,82;3609,87;3724,71;3905,34;;
1607000;"Powiat nyski";1720,63;1783,79;1847,99;1938,81;2050,28;2257,82;2459,65;2612,02;2733,31;2846,85;3012,34;3117,30;3227,41;3337,24;3440,51;3631,95;;
1608000;"Powiat oleski";1846,33;1908,09;1979,46;2035,72;2159,31;2263,00;2511,31;2622,70;2731,82;2868,91;3013,57;3086,82;3178,31;3321,49;3407,23;3636,42;;
1609000;"Powiat opolski";2032,28;2079,75;2126,06;2191,24;2210,40;2430,34;2637,16;2681,01;2872,04;2785,98;2948,63;3022,58;3210,87;3376,90;3549,59;3653,33;;
1610000;"Powiat prudnicki";1712,22;1744,88;1856,02;1909,73;2032,48;2224,60;2448,47;2594,65;2730,02;2958,74;3052,97;3216,69;3265,40;3329,80;3464,23;3609,33;;
1611000;"Powiat strzelecki";1840,68;1943,82;2029,00;2104,69;2221,78;2401,25;2656,52;2839,95;2929,69;3079,75;3221,15;3292,79;3434,30;3575,74;3699,13;3965,93;;
1661000;"Powiat m.Opole";2276,22;2326,35;2411,36;2471,69;2595,37;2876,99;3193,94;3352,46;3541,80;3714,16;3771,22;3872,66;4009,85;4225,15;4378,37;4615,56;;
1801000;"Powiat bieszczadzki";1736,13;1772,54;1847,82;1935,38;2029,72;2305,75;2540,23;2622,01;2731,51;2945,50;3109,58;3237,17;3378,84;3448,24;3588,01;3726,11;;
1802000;"Powiat brzozowski";1651,43;1708,36;1807,55;1884,41;1971,16;2146,82;2398,77;2503,33;2639,74;2802,56;2910,02;2964,62;3077,51;3162,84;3285,48;3476,04;;
1803000;"Powiat dębicki";1849,58;1941,53;2046,57;2104,23;2157,58;2318,93;2538,72;2620,42;2716,29;2867,63;3019,26;3165,79;3290,06;3401,58;3525,09;3746,14;;
1804000;"Powiat jarosławski";1774,22;1855,62;1895,20;2019,56;2156,50;2336,92;2532,07;2707,32;2819,04;2971,94;3141,89;3328,63;3438,32;3546,57;3711,73;3728,42;;
1805000;"Powiat jasielski";1796,53;1881,71;1953,19;2015,94;2102,07;2302,79;2526,69;2668,98;2785,99;2962,03;2999,90;3038,82;3138,20;3262,91;3365,86;3569,68;;
1806000;"Powiat kolbuszowski";1742,39;1772,30;1829,12;1900,33;1987,62;2161,39;2340,99;2453,69;2522,72;2623,83;2745,76;2929,58;3038,55;3112,52;3309,67;3423,86;;
1807000;"Powiat krośnieński";1802,43;1794,75;1838,91;1853,29;1940,57;2119,06;2297,06;2363,87;2501,90;2677,64;2800,23;2887,05;2958,89;3021,31;3121,37;3251,14;;
1808000;"Powiat leżajski";1931,82;2045,77;2025,61;2060,05;2177,11;2360,16;2583,32;2739,81;2901,37;3034,18;3104,99;3146,29;3225,11;3302,16;3400,62;3606,75;;
1809000;"Powiat lubaczowski";1709,40;1783,36;1897,86;1865,88;1969,42;2139,09;2301,49;2372,11;2539,38;2753,01;2889,91;2951,96;3058,68;3168,23;3248,35;3383,62;;
1810000;"Powiat łańcucki";1688,74;1789,23;1792,52;1852,10;1908,26;2104,04;2270,63;2360,50;2514,28;2705,71;2818,62;2890,03;3008,61;3115,76;3236,11;3414,92;;
1811000;"Powiat mielecki";1850,06;1944,29;2078,11;2089,18;2230,13;2414,94;2603,51;2742,50;2902,92;3066,66;3187,11;3329,68;3485,31;3532,30;3699,88;4000,48;;
1812000;"Powiat niżański";1613,55;1677,53;1764,88;1789,27;1926,57;2124,52;2311,63;2426,38;2532,52;2664,35;2798,39;2890,57;2978,46;3017,94;3097,08;3248,21;;
1813000;"Powiat przemyski";1659,36;1750,00;1815,79;1915,04;2003,47;2164,44;2450,61;2523,89;2670,63;2846,23;2977,42;3036,69;3135,55;3195,46;3297,50;3447,08;;
1814000;"Powiat przeworski";1812,22;1860,14;1956,22;1998,32;2008,13;2247,82;2491,63;2496,09;2636,31;2787,16;2859,57;2931,78;2977,07;3130,09;3195,80;3336,59;;
1815000;"Powiat ropczycko-sędziszowski";1811,48;1856,52;1915,39;2002,16;2069,70;2212,29;2422,51;2551,53;2757,27;2895,86;3036,58;3138,68;3236,75;3365,62;3472,89;3675,99;;
1816000;"Powiat rzeszowski";1688,71;1758,13;1818,78;1908,72;1956,73;2127,20;2340,74;2507,46;2678,29;2834,47;2937,37;3070,98;3200,41;3333,91;3520,65;3693,03;;
1817000;"Powiat sanocki";1809,52;1914,67;1961,82;1982,89;2085,62;2232,15;2417,47;2550,71;2677,55;2819,31;2918,66;3078,45;3153,53;3251,52;3389,95;3626,55;;
1818000;"Powiat stalowowolski";1947,06;2009,03;2051,05;2101,73;2264,72;2546,18;2811,39;2844,09;2961,71;3104,36;3260,12;3360,58;3513,55;3651,26;3809,71;4049,03;;
1819000;"Powiat strzyżowski";1641,26;1715,32;1777,59;1800,26;1883,32;2050,88;2254,75;2470,21;2578,65;2617,44;2707,08;2786,37;2891,28;2990,08;3088,30;3209,49;;
1820000;"Powiat tarnobrzeski";1929,52;2071,41;2195,94;2212,00;2346,81;2531,58;2647,13;2745,66;2900,30;3004,39;3176,95;3326,40;3496,49;3531,20;3636,86;3879,26;;
1821000;"Powiat leski";1868,64;1993,50;2044,95;2125,58;2245,66;2463,03;2622,66;2779,21;2872,05;2992,87;3119,93;3283,39;3361,02;3504,61;3712,64;3945,70;;
1861000;"Powiat m.Krosno";1826,48;1869,83;1886,53;1904,52;1968,73;2136,54;2300,35;2494,56;2552,74;2656,48;2783,69;2980,59;3099,79;3266,12;3438,78;3608,07;;
1862000;"Powiat m.Przemyśl";1882,89;1953,04;2008,61;2060,24;2132,73;2315,22;2587,68;2778,98;2913,67;3141,56;3234,16;3325,50;3407,88;3501,18;3628,24;3633,05;;
1863000;"Powiat m.Rzeszów";2102,03;2199,08;2292,86;2416,75;2522,57;2734,81;3107,71;3258,06;3428,12;3532,66;3702,54;3859,86;4087,48;4231,81;4319,48;4510,48;;
1864000;"Powiat m.Tarnobrzeg";1860,38;1883,44;1923,02;1987,12;2065,43;2225,23;2413,12;2562,71;2684,26;2930,04;3058,41;3200,51;3195,25;3284,02;3395,51;3610,23;;
2001000;"Powiat augustowski";2349,22;2384,89;2531,24;2693,94;2828,33;2971,97;3213,15;2989,71;3175,28;3421,22;3444,77;3577,16;3667,63;3761,95;3816,77;4024,64;;
2002000;"Powiat białostocki";1708,40;1793,97;1833,86;1923,23;2021,77;2263,87;2464,15;2570,03;2713,82;2860,23;3009,46;3098,95;3227,35;3338,72;3443,05;3614,69;;
2003000;"Powiat bielski";1785,87;1929,59;2005,19;2106,20;2276,78;2497,02;2769,76;2860,69;3202,72;3501,66;3777,64;3988,22;3938,92;3924,61;4272,54;4659,62;;
2004000;"Powiat grajewski";2079,11;2097,71;2206,24;2330,75;2594,84;2735,49;2930,68;2946,69;3175,63;3476,19;3639,09;3781,24;3958,15;3984,35;4017,84;4329,42;;
2005000;"Powiat hajnowski";1689,69;1729,53;1810,80;1875,20;2018,18;2386,72;2696,11;2644,90;2863,80;3130,49;3221,78;3317,56;3538,52;3715,52;3783,18;4149,69;;
2006000;"Powiat kolneński";1742,78;1800,83;1903,10;1989,20;2107,87;2272,53;2476,45;2611,20;2785,85;3025,50;3123,59;3208,86;3314,55;3393,65;3536,15;3683,54;;
2007000;"Powiat łomżyński";1881,91;1948,03;1989,40;2136,54;2247,81;2424,03;2728,53;2861,24;3112,25;3174,65;3354,22;3409,11;3525,59;3708,32;3837,54;4066,19;;
2008000;"Powiat moniecki";1784,58;1867,45;1956,54;2023,28;2119,69;2273,63;2533,05;2730,51;2842,09;3056,78;3167,47;3272,87;3358,70;3364,02;3483,37;3651,65;;
2009000;"Powiat sejneński";1778,57;1822,33;1889,23;2007,29;2071,63;2279,12;2507,14;2634,04;2919,77;3182,20;3329,20;3380,72;3425,25;3564,40;3686,01;3825,14;;
2010000;"Powiat siemiatycki";1778,46;1844,16;1912,02;1984,16;2029,63;2189,26;2402,98;2536,47;2670,09;2765,25;2948,59;3016,98;3157,37;3220,48;3345,77;3581,00;;
2011000;"Powiat sokólski";1769,61;1820,51;1898,66;2015,59;2039,07;2270,82;2533,93;2698,52;2812,52;3013,21;3225,89;3204,46;3339,03;3408,27;3499,04;3662,06;;
2012000;"Powiat suwalski";1771,43;1863,45;1974,64;1992,83;2075,11;2190,91;2395,74;2534,52;2613,35;2695,75;2943,05;2975,50;3114,10;3120,95;3173,63;3556,25;;
2013000;"Powiat wysokomazowiecki";1806,90;1893,71;1949,15;2015,32;2183,21;2389,50;2523,77;2690,76;2848,13;2988,31;3165,68;3373,05;3421,03;3552,72;3735,63;4225,48;;
2014000;"Powiat zambrowski";1742,30;1782,51;1840,20;1904,32;2033,01;2314,51;2455,89;2530,50;2759,38;2965,28;3019,12;3194,29;3380,00;3473,68;3660,67;3933,11;;
2061000;"Powiat m.Białystok";2087,45;2201,82;2281,63;2365,00;2478,96;2715,96;2994,05;3144,60;3241,41;3360,36;3493,98;3627,02;3706,73;3844,68;3967,71;4164,59;;
2062000;"Powiat m.Łomża";1895,81;1899,75;1944,97;2037,41;2164,31;2317,15;2608,55;2689,24;2782,23;2911,43;2972,85;3120,07;3207,62;3338,23;3444,02;3665,03;;
2063000;"Powiat m.Suwałki";1908,06;1929,57;1977,27;2016,47;2067,27;2297,74;2584,35;2710,68;2811,62;2950,60;3029,62;3125,48;3260,75;3435,66;3493,66;3716,08;;
2201000;"Powiat bytowski";1699,35;1804,97;1879,21;2003,67;2098,96;2277,73;2537,65;2659,26;2766,41;2947,50;3086,80;3133,22;3310,31;3447,30;3602,02;3817,07;;
2202000;"Powiat chojnicki";1689,15;1734,98;1790,87;1881,88;1964,99;2124,02;2350,96;2458,88;2557,33;2689,90;2804,08;2941,87;3043,10;3133,05;3275,78;3479,72;;
2203000;"Powiat człuchowski";1749,69;1820,32;1938,97;2021,10;2057,52;2274,37;2552,55;2624,95;2785,13;2902,91;3055,87;3170,99;3267,55;3384,44;3480,17;3697,11;;
2204000;"Powiat gdański";1916,30;1966,31;2113,87;2143,99;2401,19;2612,77;2835,59;2969,61;3090,49;3182,04;3295,86;3408,99;3646,31;3806,02;3950,76;4191,00;;
2205000;"Powiat kartuski";1752,12;1860,29;1929,29;1972,88;2093,78;2295,23;2520,96;2749,16;2765,79;2887,04;2973,37;3110,80;3217,20;3275,79;3477,69;3717,51;;
2206000;"Powiat kościerski";1810,53;1842,89;1898,50;1941,55;1973,62;2158,48;2384,91;2514,05;2628,62;2721,25;2832,98;2919,89;3004,92;3117,95;3285,04;3433,93;;
2207000;"Powiat kwidzyński";2223,92;2458,31;2344,97;2413,15;2512,04;2611,08;2820,67;2983,83;3030,53;3243,13;3421,10;3524,89;3675,82;3771,88;3890,63;4097,28;;
2208000;"Powiat lęborski";1779,60;1868,40;1982,02;2079,09;2167,27;2390,56;2658,12;2786,53;2847,29;2947,96;3146,36;3292,33;3459,86;3554,76;3705,38;3918,71;;
2209000;"Powiat malborski";1895,74;1947,67;2007,41;2044,03;2150,54;2318,06;2657,47;2751,39;2825,70;2963,76;3127,32;3387,60;3375,47;3408,03;3496,46;3694,08;;
2210000;"Powiat nowodworski";1782,70;1845,08;1949,89;1995,38;2072,03;2238,76;2489,29;2712,39;2751,87;2972,49;3114,10;3209,61;3350,00;3422,12;3563,66;3846,11;;
2211000;"Powiat pucki";1889,24;1905,49;1956,29;2052,23;2165,88;2403,82;2628,47;2735,02;2872,86;3002,77;3144,54;3361,03;3505,43;3584,09;3779,75;3942,25;;
2212000;"Powiat słupski";1662,73;1756,63;1850,41;1954,55;2026,43;2208,96;2410,06;2593,99;2783,14;2911,32;3016,33;3128,75;3409,29;3497,25;3642,86;3870,93;;
2213000;"Powiat starogardzki";2013,14;2153,38;2209,43;2313,11;2442,48;2595,63;2727,06;2856,49;2934,77;3058,97;3245,52;3388,99;3443,68;3560,38;3643,85;4026,19;;
2214000;"Powiat tczewski";1983,91;2055,31;2204,43;2317,41;2435,18;2593,90;2772,58;2965,20;3061,62;3286,26;3412,17;3626,76;3766,37;3821,28;3960,08;4242,41;;
2215000;"Powiat wejherowski";1859,51;1963,40;2004,85;2051,05;2200,05;2492,52;2726,86;2829,33;2900,50;3029,92;3091,32;3194,41;3302,51;3441,57;3554,31;3763,49;;
2216000;"Powiat sztumski";1676,72;1760,62;1914,78;1993,51;2054,99;2222,23;2430,42;2598,73;2600,15;2749,43;3017,10;3261,74;3461,78;3455,74;3512,00;3709,56;;
2261000;"Powiat m.Gdańsk";2491,47;2611,00;2767,68;3017,45;3177,70;3473,08;3847,90;4053,17;4108,37;4327,35;4411,71;4562,66;4814,14;4992,14;5118,59;5312,48;;
2262000;"Powiat m.Gdynia";2423,41;2418,93;2658,04;2741,05;2914,02;3198,33;3493,85;3583,90;3662,62;3938,74;4067,07;4298,33;4457,62;4566,82;4798,54;5045,45;;
2263000;"Powiat m.Słupsk";1977,03;2026,79;2100,44;2111,10;2231,21;2399,33;2667,51;2897,25;2990,58;3083,98;3234,17;3330,92;3384,58;3478,22;3620,36;3840,62;;
2264000;"Powiat m.Sopot";2496,10;2593,94;2727,49;2824,33;3068,44;3286,43;3721,15;3901,72;3941,65;3985,66;4375,89;4500,07;4646,29;4836,93;5104,38;5313,49;;
2401000;"Powiat będziński";1970,80;2076,70;2111,27;2102,80;2239,04;2370,56;2579,39;2733,77;2883,64;3019,92;3063,96;3228,89;3281,19;3451,24;3586,29;3822,99;;
2402000;"Powiat bielski";1882,08;1920,52;1986,51;2020,92;2121,26;2361,77;2559,42;2676,82;2887,19;3054,10;3264,41;3342,60;3453,12;3613,20;3739,69;3999,45;;
2403000;"Powiat cieszyński";1863,71;1945,41;1948,73;2027,97;2140,17;2386,58;2580,80;2709,33;2841,19;2987,68;3096,49;3177,66;3293,73;3455,64;3565,79;3773,12;;
2404000;"Powiat częstochowski";1645,75;1685,77;1758,43;1816,10;1908,38;2085,68;2396,11;2551,29;2658,51;2796,73;2865,95;2939,83;3097,47;3209,23;3372,48;3640,22;;
2405000;"Powiat gliwicki";1854,22;1911,25;1985,96;2090,86;2215,02;2369,81;2662,55;2736,10;2779,09;2876,99;3063,80;3151,80;3249,88;3420,49;3564,05;3812,53;;
2406000;"Powiat kłobucki";1559,79;1579,20;1607,98;1656,06;1731,93;1882,12;2083,52;2257,05;2411,78;2559,06;2661,08;2793,04;2871,64;2978,56;3070,12;3275,42;;
2407000;"Powiat lubliniecki";1804,28;1873,40;1905,92;2010,40;2097,97;2320,22;2616,07;2686,35;2845,11;2973,77;3119,98;3175,83;3304,27;3411,51;3558,10;3729,86;;
2408000;"Powiat mikołowski";2158,84;2258,65;2344,44;2373,42;2447,17;2656,88;2656,42;2724,55;2896,18;3111,51;3198,68;3333,56;3431,97;3657,03;3753,81;3899,02;;
2409000;"Powiat myszkowski";1587,13;1638,48;1719,02;1770,30;1906,33;2110,45;2339,09;2526,71;2642,76;2839,79;2958,11;3076,94;3171,04;3331,77;3454,79;3730,50;;
2410000;"Powiat pszczyński";1848,17;1887,53;1963,69;2028,84;2183,36;2389,21;2657,86;2719,86;2817,82;2892,32;3056,79;3148,91;3254,73;3372,27;3465,69;3588,61;;
2411000;"Powiat raciborski";1819,99;1975,88;2105,27;2155,92;2264,95;2498,57;2829,47;2917,17;3016,16;3192,56;3344,49;3422,60;3579,20;3735,23;3864,61;4143,91;;
2412000;"Powiat rybnicki";1976,41;2017,91;2110,54;2149,86;2198,94;2359,47;2533,82;2779,46;2864,91;3109,11;3217,20;3345,95;3508,61;3624,92;3685,58;4130,78;;
2413000;"Powiat tarnogórski";1816,78;1911,00;2014,11;2101,68;2223,69;2431,76;2600,33;2766,01;2860,67;3056,53;3124,35;3194,01;3307,26;3569,46;3745,06;3969,09;;
2414000;"Powiat bieruńsko-lędziński";1909,20;1969,95;2063,82;2120,79;2196,05;2427,10;2687,30;2865,18;3067,58;3266,00;3375,35;3463,60;3621,81;3657,77;3791,25;3987,44;;
2415000;"Powiat wodzisławski";1688,32;1741,56;1811,68;1899,20;1974,66;2127,50;2346,50;2495,21;2603,44;2724,60;2904,69;3000,56;3139,42;3211,61;3261,93;3448,06;;
2416000;"Powiat zawierciański";1859,17;1929,28;2064,96;2109,64;2282,45;2494,65;2732,55;2888,32;2999,84;3210,05;3247,65;3301,47;3507,52;3681,04;3840,22;4023,65;;
2417000;"Powiat żywiecki";2264,56;2299,71;2417,97;2447,59;2564,98;2797,39;2955,88;3205,94;3393,47;3557,09;3712,48;3845,17;4067,79;4059,16;4100,84;4515,28;;
2461000;"Powiat m.Bielsko-Biała";2123,64;2219,92;2292,50;2360,26;2512,00;2781,24;3109,88;3263,60;3379,20;3498,80;3576,40;3781,12;3930,33;4071,65;4245,15;4446,37;;
2462000;"Powiat m.Bytom";2278,72;2056,68;2050,36;2149,55;2288,45;2480,20;2830,20;2918,55;3079,10;3266,64;3319,18;3464,46;3542,70;4050,32;4024,91;4054,04;;
2463000;"Powiat m.Chorzów";1897,22;2004,63;2062,53;2124,55;2232,30;2493,66;2837,42;2902,80;3042,37;3237,48;3384,99;3540,84;3638,84;3754,13;3904,00;4087,57;;
2464000;"Powiat m.Częstochowa";1965,93;2038,40;2121,73;2214,67;2355,01;2517,31;2745,37;2901,31;3011,70;3197,12;3308,53;3445,39;3526,81;3644,53;3743,93;3954,16;;
2465000;"Powiat m.Dąbrowa Górnicza";2348,19;2384,65;2519,76;2641,41;2826,02;3088,83;3386,12;3649,12;3792,57;4060,01;4255,34;4324,15;4445,38;4613,23;4802,04;5096,32;;
2466000;"Powiat m.Gliwice";2611,36;2436,82;2579,36;2739,11;2879,53;3146,53;3495,73;3654,92;3787,48;4020,23;4137,93;4329,27;4482,68;4726,43;4832,33;5117,17;;
2467000;"Powiat m.Jastrzębie-Zdrój";3063,62;3197,70;3408,53;3769,78;3965,34;4318,46;4822,06;4851,26;5213,89;6324,79;5974,57;6384,43;6536,76;6182,71;6131,62;6609,12;;
2468000;"Powiat m.Jaworzno";2372,25;2450,31;2539,98;2753,98;3035,84;3230,36;3608,26;3920,16;4046,73;4369,87;4226,59;4704,74;4714,66;5333,82;5314,60;5370,16;;
2469000;"Powiat m.Katowice";2707,36;3033,42;3272,16;3395,63;3523,92;3727,38;4150,44;4494,03;4563,66;5013,92;4966,80;5270,37;5199,41;5262,02;5274,86;5290,36;;
2470000;"Powiat m.Mysłowice";1797,41;1861,33;1951,77;2091,24;2229,48;2423,41;2684,48;2795,14;2960,71;3305,37;3461,96;3618,74;3704,34;3787,80;3872,43;4074,53;;
2471000;"Powiat m.Piekary Śląskie";2488,83;1842,64;1958,47;2022,67;2148,01;2395,67;2633,21;2728,81;2845,62;2969,61;3192,45;3329,31;3594,01;3958,91;4235,29;4619,75;;
2472000;"Powiat m.Ruda Śląska";2755,98;2374,86;2060,76;2140,52;2326,18;2510,79;2777,33;2889,28;2961,20;3179,15;3309,17;3395,43;3438,13;3577,97;3719,66;3906,09;;
2473000;"Powiat m.Rybnik";2814,53;2479,42;2244,12;2338,10;2447,61;2648,18;2967,36;3111,71;3226,18;3353,40;3459,52;3507,69;3607,45;3762,40;3884,81;4122,16;;
2474000;"Powiat m.Siemianowice Śląskie";1946,03;2030,95;2041,54;2143,24;2393,50;2584,80;2875,42;2960,73;3070,59;3234,32;3338,13;3471,73;3625,95;3700,78;3844,70;4116,13;;
2475000;"Powiat m.Sosnowiec";2007,92;2086,10;2133,39;2196,13;2333,91;2524,96;2880,92;2988,73;3112,78;3236,16;3372,99;3480,50;3624,37;3706,45;3770,76;4139,10;;
2476000;"Powiat m.Świętochłowice";1922,12;1925,65;2036,42;2107,74;2213,47;2381,12;2509,03;2628,03;2672,57;2755,39;2926,12;3022,76;3145,07;3260,66;3353,91;3595,13;;
2477000;"Powiat m.Tychy";2893,06;2288,19;2264,05;2313,10;2500,39;2766,57;3073,55;3127,98;3292,32;3443,06;3558,72;3691,88;3819,32;4011,32;4141,97;4437,20;;
2478000;"Powiat m.Zabrze";2080,43;2266,48;2343,34;2449,82;2568,83;2804,13;3095,19;3232,35;3371,44;3572,02;3672,55;3673,41;3835,40;3955,12;4029,87;4202,39;;
2479000;"Powiat m.Żory";1719,84;1790,04;1900,97;1912,65;1964,02;2132,51;2410,64;2573,77;2946,80;3079,04;3224,73;3391,95;3534,18;3613,55;3747,77;3890,07;;
2601000;"Powiat buski";1760,13;1842,15;1926,82;1980,24;2050,75;2272,20;2496,87;2624,09;2700,95;2825,85;2902,83;3062,17;3158,01;3301,87;3400,24;3587,24;;
2602000;"Powiat jędrzejowski";1963,38;2053,04;2101,44;2186,12;2269,46;2516,14;2776,59;2917,98;3040,91;3361,44;3611,17;3629,28;3811,90;3900,83;3994,49;4177,28;;
2603000;"Powiat kazimierski";1678,81;1647,02;1839,13;1885,75;1938,63;2059,36;2278,58;2466,75;2638,63;2740,14;2876,72;3001,17;3055,63;3142,99;3240,31;3311,99;;
2604000;"Powiat kielecki";1905,11;1969,39;1989,97;1990,13;2066,64;2270,27;2462,98;2551,32;2709,04;2836,55;2914,39;3045,00;3095,16;3246,51;3289,77;3477,48;;
2605000;"Powiat konecki";1719,75;1758,59;1830,53;1917,46;2008,59;2206,84;2463,26;2619,11;2743,51;2916,44;3031,59;3157,76;3260,47;3355,31;3492,59;3585,89;;
2606000;"Powiat opatowski";2150,44;2092,70;2285,61;2251,75;2320,14;2449,52;2717,53;2542,34;2749,31;2869,20;3014,36;3085,06;3154,31;3255,65;3278,64;3456,29;;
2607000;"Powiat ostrowiecki";1771,96;1769,95;1923,31;1936,08;2056,26;2240,51;2558,17;2712,75;2827,82;2974,89;3084,28;3154,96;3225,91;3342,45;3423,02;3596,74;;
2608000;"Powiat pińczowski";2446,79;2452,95;2558,31;2434,98;2536,79;2650,13;2628,18;2818,62;2895,48;3002,74;3100,89;3130,97;3246,61;3349,30;3460,81;3673,89;;
2609000;"Powiat sandomierski";1942,91;2017,92;2133,35;2336,31;2442,06;2678,36;2977,50;3078,47;3221,56;3324,91;3397,35;3415,98;3526,06;3665,14;3753,75;3978,62;;
2610000;"Powiat skarżyski";1851,74;1921,53;2038,35;2101,52;2279,47;2556,94;2821,43;3035,02;2783,02;3001,61;3119,33;3280,83;3395,64;3448,29;3629,75;3859,44;;
2611000;"Powiat starachowicki";1683,31;1713,37;1817,73;1938,01;1967,82;2130,58;2402,85;2539,20;2671,49;2826,27;2963,95;3083,87;3199,99;3387,74;3444,11;4117,89;;
2612000;"Powiat staszowski";2132,22;2060,74;2151,14;2241,81;2317,23;2546,78;2952,63;3030,68;3138,70;3328,52;3490,75;3470,07;3589,54;3760,61;3939,91;4042,49;;
2613000;"Powiat włoszczowski";1923,14;2012,95;2064,04;2096,56;2207,84;2465,81;2641,17;2676,26;2913,74;3050,54;3259,56;3307,07;3382,92;3510,22;3591,87;3760,86;;
2661000;"Powiat m.Kielce";2154,27;2233,43;2320,83;2372,75;2461,78;2655,81;2953,74;3082,94;3200,80;3381,09;3467,85;3597,04;3669,64;3845,52;3920,24;4197,40;;
2801000;"Powiat bartoszycki";1772,12;1803,55;1835,77;1910,04;1981,20;2138,45;2357,78;2624,62;2725,29;2866,40;3044,14;3145,53;3269,83;3314,71;3449,70;3637,30;;
2802000;"Powiat braniewski";1750,16;1840,77;1901,11;1939,50;2099,03;2243,42;2433,31;2548,62;2699,43;2892,95;3038,26;3110,02;3208,18;3241,42;3352,72;3559,55;;
2803000;"Powiat działdowski";1655,36;1737,11;1794,44;1838,29;1973,47;2188,50;2443,94;2546,68;2661,38;2634,39;2871,83;2946,62;3045,94;3180,05;3302,85;3449,37;;
2804000;"Powiat elbląski";1688,20;1768,57;1784,90;1847,48;1950,03;2085,09;2361,36;2473,75;2554,99;2781,25;2917,00;3030,43;3113,02;3199,49;3323,73;3446,29;;
2805000;"Powiat ełcki";1819,73;1835,02;1934,11;1987,37;2067,67;2205,27;2416,99;2583,85;2721,79;2835,70;2960,87;3086,41;3164,08;3184,73;3286,44;3477,88;;
2806000;"Powiat giżycki";1710,37;1780,63;1862,61;1941,41;2021,24;2205,10;2421,67;2485,34;2649,21;2793,21;2938,61;3071,80;3273,35;3369,69;3446,45;3663,45;;
2807000;"Powiat iławski";1619,78;1708,06;1715,10;1786,59;1903,96;2077,76;2231,15;2338,60;2492,56;2639,03;2741,51;2955,21;3026,10;3172,70;3307,79;3455,52;;
2808000;"Powiat kętrzyński";1752,77;1824,80;1867,00;1821,43;1894,81;2030,68;2263,18;2423,01;2502,02;2719,97;2816,29;2920,07;3034,16;3165,43;3256,93;3467,16;;
2809000;"Powiat lidzbarski";1567,80;1595,49;1724,95;1759,84;1856,80;2008,19;2270,42;2467,93;2632,79;2804,79;2923,59;2969,52;3105,88;3248,95;3350,85;3445,72;;
2810000;"Powiat mrągowski";1740,63;1709,89;1814,70;1888,20;2022,52;2244,49;2510,13;2611,13;2823,87;2708,77;2839,59;2940,69;3037,05;3077,81;3193,85;3353,74;;
2811000;"Powiat nidzicki";1561,11;1634,21;1721,25;1843,41;1865,70;2078,26;2239,47;2427,52;2513,61;2683,94;2803,04;2876,70;2976,78;3079,14;3205,87;3334,80;;
2812000;"Powiat nowomiejski";1600,25;1685,20;1712,03;1708,76;1824,65;1962,49;2208,04;2308,70;2427,79;2599,04;2738,13;2819,36;2938,87;2878,10;3013,66;3221,93;;
2813000;"Powiat olecki";1777,10;1832,13;1923,11;1983,40;2070,33;2275,16;2458,59;2549,90;2599,13;2812,94;2924,79;3088,10;3251,89;3357,05;3430,34;3647,08;;
2814000;"Powiat olsztyński";1759,76;1801,78;1876,83;1971,04;2041,68;2310,29;2645,11;2761,13;2910,37;3105,47;3178,11;3259,80;3370,10;3559,63;3635,09;3781,68;;
2815000;"Powiat ostródzki";1759,46;1802,50;1865,94;1905,22;1982,54;2151,13;2380,30;2503,69;2633,74;2759,64;2950,32;3003,92;3122,59;3175,96;3392,59;3680,36;;
2816000;"Powiat piski";1914,06;2034,15;2113,58;2143,07;2220,25;2394,68;2594,04;2595,80;2726,06;2923,37;3039,30;3137,65;3271,93;3445,13;3561,61;3791,39;;
2817000;"Powiat szczycieński";1793,92;1857,81;1941,86;2001,89;2100,15;2240,32;2457,98;2628,35;2781,74;3045,34;3153,84;3242,04;3412,21;3482,48;3538,21;3699,06;;
2818000;"Powiat gołdapski";1634,51;1665,23;1725,92;1739,34;1793,58;1871,03;2209,67;2360,83;2515,32;2629,46;2699,45;2775,90;2956,47;3045,01;3149,86;3328,33;;
2819000;"Powiat węgorzewski";1648,29;1679,89;1755,03;1835,33;1963,52;2070,27;2284,39;2448,01;2575,77;2664,54;2781,46;2900,60;2983,79;3088,51;3160,33;3379,54;;
2861000;"Powiat m.Elbląg";2281,22;2339,45;2143,79;2135,51;2217,57;2429,10;2670,79;2837,38;2969,87;3168,80;3363,24;3488,01;3620,55;3687,80;3806,42;4044,35;;
2862000;"Powiat m.Olsztyn";2271,09;2356,41;2477,34;2562,95;2741,54;2931,15;3132,80;3322,72;3443,21;3546,91;3649,18;3795,30;3954,40;4104,05;4254,72;4427,76;;
3001000;"Powiat chodzieski";1648,80;1694,80;1776,93;1846,93;1997,07;2295,79;2523,12;2641,06;2743,98;2860,30;3020,99;3226,41;3303,09;3488,04;3532,53;3713,90;;
3002000;"Powiat czarnkowsko-trzcianecki";1800,35;1881,73;1943,44;1996,05;2140,37;2340,56;2621,49;2743,37;2848,43;3009,40;3149,29;3226,12;3410,14;3506,61;3699,41;3967,42;;
3003000;"Powiat gnieźnieński";1801,21;1886,79;1894,87;1990,85;2088,88;2282,85;2498,10;2605,75;2718,78;2874,23;3006,57;3143,38;3253,35;3386,42;3528,01;3774,18;;
3004000;"Powiat gostyński";1815,27;1928,06;1966,59;1928,95;2087,43;2296,05;2553,77;2733,37;2855,27;3004,76;3124,88;3238,49;3282,64;3415,02;3557,77;3760,40;;
3005000;"Powiat grodziski";1710,93;1763,47;1792,06;1818,29;1855,39;1992,12;2191,80;2402,82;2501,47;2639,86;2819,79;2945,14;2976,94;2931,27;3006,21;3316,55;;
3006000;"Powiat jarociński";1599,86;1636,09;1664,71;1738,48;1846,26;1985,67;2157,02;2283,04;2378,79;2547,56;2596,34;2729,43;2803,80;2898,12;3066,45;3340,73;;
3007000;"Powiat kaliski";1655,12;1716,31;1741,39;1801,39;1908,26;2048,71;2355,83;2494,19;2561,69;2665,26;2723,72;2826,99;3007,45;3035,70;3145,60;3353,48;;
3008000;"Powiat kępiński";1356,20;1436,35;1436,99;1470,09;1583,52;1762,77;1993,43;2020,27;2106,84;2224,07;2349,11;2456,46;2544,18;2568,52;2658,47;2960,24;;
3009000;"Powiat kolski";2118,24;2235,05;2355,46;2430,13;2529,17;2608,69;2816,18;2995,08;3153,48;3387,32;3350,56;3582,55;3624,38;3696,10;3808,90;4035,50;;
3010000;"Powiat koniński";2512,13;2500,50;2565,75;2581,53;2606,51;2693,75;2808,81;2940,77;3060,01;3178,62;3219,51;3297,59;3328,35;3319,18;3335,85;3439,22;;
3011000;"Powiat kościański";1777,97;1816,09;1865,90;1893,98;2024,17;2256,12;2528,66;2630,27;2746,53;2855,66;2955,65;3149,89;3257,11;3398,70;3491,93;3718,79;;
3012000;"Powiat krotoszyński";1671,90;1730,17;1761,19;1825,31;1954,07;2171,84;2384,97;2368,56;2499,96;2635,10;2729,22;2807,81;2849,87;2931,62;3202,47;3478,90;;
3013000;"Powiat leszczyński";1850,48;2072,76;2074,61;2152,29;2299,48;2550,36;2749,10;2853,97;3005,53;3194,85;3450,36;3533,58;3678,43;3812,62;3924,99;4213,65;;
3014000;"Powiat międzychodzki";1674,37;1706,89;1822,12;1794,89;1919,32;2153,50;2334,46;2592,09;2642,45;2790,82;2839,46;2996,65;3172,75;3207,93;3406,58;3623,06;;
3015000;"Powiat nowotomyski";1796,01;1854,88;1911,70;1986,01;2141,58;2397,58;2582,17;2742,29;2882,44;3038,62;3167,43;3283,41;3466,29;3547,42;3768,93;3989,83;;
3016000;"Powiat obornicki";1858,27;1965,92;2086,73;2064,42;2157,39;2347,03;2476,16;2678,83;2893,44;3031,88;3197,81;3214,37;3595,79;3620,93;3867,54;4101,05;;
3017000;"Powiat ostrowski";1736,06;1790,22;1878,01;1945,19;2086,69;2303,28;2510,43;2616,26;2779,34;2896,13;3002,27;3086,65;3212,43;3357,37;3576,57;3764,42;;
3018000;"Powiat ostrzeszowski";1783,28;1823,04;1831,54;1867,94;2003,16;2223,45;2431,97;2576,64;2700,86;2875,32;3010,05;3032,51;3193,68;3338,34;3509,40;3713,45;;
3019000;"Powiat pilski";1962,59;1994,10;2080,86;2185,11;2303,62;2567,82;2765,46;2873,28;3059,54;3186,50;3263,28;3539,58;3635,85;3569,05;3772,08;4006,13;;
3020000;"Powiat pleszewski";1633,17;1631,76;1724,27;1759,81;1873,20;2044,54;2329,23;2377,36;2541,49;2722,15;2881,88;3079,05;3190,51;3308,08;3399,21;3621,86;;
3021000;"Powiat poznański";2037,60;2170,03;2223,92;2245,02;2362,00;2596,78;2901,70;2909,66;3161,97;3313,05;3405,01;3513,25;3520,37;3676,21;3855,60;4018,59;;
3022000;"Powiat rawicki";1512,11;1582,02;1625,58;1633,32;1738,20;1898,14;2155,03;2287,60;2426,25;2574,75;2716,43;2829,57;2920,61;3045,68;3182,07;3442,45;;
3023000;"Powiat słupecki";1706,16;1758,66;1826,08;1903,07;2018,52;2165,49;2397,67;2532,49;2651,45;2783,93;2886,83;2951,09;3093,66;3171,47;3317,41;3564,41;;
3024000;"Powiat szamotulski";2031,21;2071,78;2164,34;2254,24;2335,51;2548,57;2788,34;2880,98;3036,38;3268,61;3569,58;3821,96;3817,63;3975,80;4196,53;4482,73;;
3025000;"Powiat średzki";1919,96;1995,66;2122,89;2162,07;2279,84;2548,58;2791,95;2934,94;3053,97;3195,94;3238,52;3310,35;3466,94;3626,56;3785,23;4102,74;;
3026000;"Powiat śremski";1821,54;1920,25;1895,29;1951,11;2029,89;2214,05;2502,48;2633,30;2758,09;2893,71;2998,45;3060,02;3108,41;3250,33;3411,22;3639,72;;
3027000;"Powiat turecki";1933,88;2034,12;2050,28;2067,64;2145,13;2290,49;2478,11;2668,35;2768,39;2958,85;2977,38;2959,12;3025,00;2999,24;3167,19;3391,97;;
3028000;"Powiat wągrowiecki";1728,48;1786,06;1867,81;1875,56;1967,28;2143,67;2403,16;2540,06;2679,02;2897,22;3084,27;3074,53;3135,77;3346,90;3488,88;3679,03;;
3029000;"Powiat wolsztyński";1532,21;1623,09;1751,71;1790,57;1906,04;2180,60;2328,31;2394,07;2490,09;2594,94;2708,32;2812,19;3013,55;3189,94;3315,96;3517,60;;
3030000;"Powiat wrzesiński";1660,85;1723,17;1824,64;1861,79;1972,45;2207,24;2457,00;2543,08;2653,68;2816,34;2932,62;3083,46;3264,85;3406,61;3607,50;3928,55;;
3031000;"Powiat złotowski";1643,82;1656,12;1743,90;1797,70;1950,95;2192,99;2448,80;2610,42;2675,54;2788,01;2922,82;2969,30;3019,42;3114,52;3221,67;3397,81;;
3061000;"Powiat m.Kalisz";2035,05;2096,01;2164,20;2139,04;2223,29;2418,10;2662,95;2777,37;2856,06;3030,68;3150,01;3264,40;3395,84;3532,30;3648,00;3889,60;;
3062000;"Powiat m.Konin";2344,32;2387,14;2367,34;2403,22;2539,66;2717,53;2925,27;3073,39;3225,51;3397,78;3483,18;3546,68;3653,29;3790,14;3785,02;3930,94;;
3063000;"Powiat m.Leszno";1969,70;1967,31;2026,44;2047,01;2095,97;2276,53;2489,99;2593,63;2689,37;2892,51;2977,96;3225,98;3362,89;3427,70;3406,02;3745,94;;
3064000;"Powiat m.Poznań";2395,19;2504,90;2615,90;2734,73;2889,84;3156,71;3517,34;3668,55;3814,08;3987,13;4119,68;4256,82;4354,40;4549,11;4770,94;5062,37;;
3201000;"Powiat białogardzki";1749,98;1791,92;1872,84;1930,55;2027,16;2194,67;2520,14;2595,81;2733,21;2939,20;3090,04;3185,19;3340,94;3394,74;3607,49;3756,70;;
3202000;"Powiat choszczeński";1728,19;1768,20;1874,45;1912,19;2027,08;2228,60;2447,98;2676,39;2811,79;2987,64;3151,12;3163,56;3305,47;3397,02;3514,69;3775,03;;
3203000;"Powiat drawski";1773,67;1802,40;1936,31;1990,13;1949,77;2158,84;2416,31;2477,64;2589,60;2719,38;2827,94;2909,17;2999,87;3068,19;3197,08;3402,35;;
3204000;"Powiat goleniowski";1946,85;1963,13;2030,30;2107,42;2220,20;2450,32;2690,22;2868,19;3029,67;3151,40;3265,66;3411,12;3511,95;3681,15;3872,80;4220,58;;
3205000;"Powiat gryficki";1830,51;1811,15;1847,64;1905,94;1984,91;2203,07;2422,35;2522,96;2680,43;2731,19;2831,03;2935,53;3057,57;3184,98;3333,02;3500,89;;
3206000;"Powiat gryfiński";2334,93;2453,05;2551,88;2600,67;2690,10;2928,92;3199,74;3402,32;2918,12;3068,98;3222,07;3327,05;3399,34;3534,88;3682,14;3848,29;;
3207000;"Powiat kamieński";1848,97;1914,69;1940,03;1983,01;2068,45;2209,45;2409,50;2590,04;2757,00;2898,73;2968,40;3041,77;3123,30;3201,23;3329,25;3525,59;;
3208000;"Powiat kołobrzeski";1785,58;1887,39;1963,54;2056,36;2153,82;2336,90;2648,42;2743,18;2844,96;2952,43;3130,38;3199,39;3311,54;3391,16;3504,44;3751,26;;
3209000;"Powiat koszaliński";1823,84;1895,26;1962,48;2037,72;2114,31;2296,30;2503,35;2612,20;2766,65;2999,02;3118,05;3200,10;3310,28;3430,31;3558,15;3677,01;;
3210000;"Powiat myśliborski";1715,13;1796,42;1885,54;1998,57;2017,82;2206,57;2453,22;2565,77;2680,21;2943,01;3143,15;3315,48;3344,71;3382,88;3543,66;3810,17;;
3211000;"Powiat policki";2442,90;2568,27;2652,86;2814,30;2913,87;3035,02;3463,16;3439,16;3568,57;3721,07;3921,50;4006,56;4139,86;4309,12;4506,56;4624,12;;
3212000;"Powiat pyrzycki";1834,18;1894,85;1915,58;1918,41;2013,60;2112,50;2377,42;2609,36;2649,26;2735,56;2768,91;2964,75;3091,46;3189,06;3429,38;3612,65;;
3213000;"Powiat sławieński";1700,50;1736,90;1759,59;1773,70;1856,78;2124,21;2401,03;2521,60;2630,46;2796,72;2905,46;2958,67;3057,18;3120,70;3252,37;3472,79;;
3214000;"Powiat stargardzki";1862,91;1933,49;2013,39;2056,89;2130,66;2322,96;2565,94;2790,80;2866,72;3110,83;3171,47;3274,44;3328,64;3523,62;3609,29;3817,60;;
3215000;"Powiat szczecinecki";2026,02;2033,58;2166,43;2187,41;2343,44;2569,09;2628,48;2764,65;2894,86;3105,57;3244,82;3355,74;3514,38;3574,91;3705,74;3880,91;;
3216000;"Powiat świdwiński";1610,46;1658,81;1767,64;1886,16;1922,03;2075,56;2263,03;2415,92;2482,27;2772,14;2892,61;2916,21;3033,78;3162,58;3223,10;3470,74;;
3217000;"Powiat wałecki";1711,76;1815,76;1945,07;2017,06;2131,65;2383,47;2538,35;2678,58;2827,15;2978,86;3093,47;3228,77;3336,50;3447,21;3557,62;3761,59;;
3218000;"Powiat łobeski";1697,40;1733,44;1822,83;1933,33;1992,79;2124,98;2358,34;2500,41;2642,12;2841,15;3082,29;3122,22;3289,68;3419,11;3594,16;3662,40;;
3261000;"Powiat m.Koszalin";2078,06;2103,25;2169,24;2219,75;2352,94;2534,90;2774,00;2931,88;3070,78;3181,23;3323,31;3492,03;3568,03;3644,39;3820,63;3999,59;;
3262000;"Powiat m.Szczecin";2282,01;2365,24;2476,19;2630,23;2734,68;2975,73;3290,65;3472,49;3586,82;3761,89;3881,46;4029,51;4176,65;4381,58;4539,15;4732,93;;
3263000;"Powiat m.Świnoujście";2005,51;2241,77;2281,32;2319,39;2472,34;2666,05;2936,78;3087,66;3261,27;3598,11;3729,48;3903,93;4127,79;4344,85;4306,81;4536,08;;
